city_id,city_name,admin_region,country_code,latitude,longitude,existing_timezone,calculated_timezone,assignment_method,confidence,boundary_distance_meters,review_status,dataset_version,reason
646,Alderetes,Tucumán,AR,-26.81667,-65.13333,America/Argentina/Buenos_Aires,America/Argentina/Tucuman,coordinate_polygon,high,,not_required,tzfpy-2026c,polygon lookup differs from existing America/Argentina/Buenos_Aires
655,Alto Río Senguer,Chubut,AR,-45.04105,-70.81982,America/Argentina/Buenos_Aires,America/Argentina/Catamarca,coordinate_polygon,high,,not_required,tzfpy-2026c,polygon lookup differs from existing America/Argentina/Buenos_Aires
673,Arroyo Seco,Santa Fe,AR,-33.15489,-60.50863,America/Argentina/Buenos_Aires,America/Argentina/Cordoba,coordinate_polygon,high,,not_required,tzfpy-2026c,polygon lookup differs from existing America/Argentina/Buenos_Aires
696,Berón de Astrada,Corrientes,AR,-27.55067,-57.5346,America/Argentina/Buenos_Aires,America/Argentina/Cordoba,coordinate_polygon,high,,not_required,tzfpy-2026c,polygon lookup differs from existing America/Argentina/Buenos_Aires
701,Brinkmann,Córdoba,AR,-30.86589,-62.03742,America/Argentina/Buenos_Aires,America/Argentina/Cordoba,coordinate_polygon,high,,not_required,tzfpy-2026c,polygon lookup differs from existing America/Argentina/Buenos_Aires
708,Cafayate,Salta,AR,-26.08333,-65.83333,America/Argentina/Buenos_Aires,America/Argentina/Salta,coordinate_polygon,high,,not_required,tzfpy-2026c,polygon lookup differs from existing America/Argentina/Buenos_Aires
711,Caleta Olivia,Santa Cruz,AR,-46.43929,-67.52814,America/Argentina/Buenos_Aires,America/Argentina/Rio_Gallegos,coordinate_polygon,high,,not_required,tzfpy-2026c,polygon lookup differs from existing America/Argentina/Buenos_Aires
720,Campo Quijano,Salta,AR,-24.90982,-65.63656,America/Argentina/Buenos_Aires,America/Argentina/Salta,coordinate_polygon,high,,not_required,tzfpy-2026c,polygon lookup differs from existing America/Argentina/Buenos_Aires
723,Canals,Córdoba,AR,-33.56542,-62.88927,America/Argentina/Buenos_Aires,America/Argentina/Cordoba,coordinate_polygon,high,,not_required,tzfpy-2026c,polygon lookup differs from existing America/Argentina/Buenos_Aires
730,Capitán Solari,Chaco,AR,-26.80215,-59.56089,America/Argentina/Buenos_Aires,America/Argentina/Cordoba,coordinate_polygon,high,,not_required,tzfpy-2026c,polygon lookup differs from existing America/Argentina/Buenos_Aires
736,Casilda,Santa Fe,AR,-33.04417,-61.16806,America/Argentina/Buenos_Aires,America/Argentina/Cordoba,coordinate_polygon,high,,not_required,tzfpy-2026c,polygon lookup differs from existing America/Argentina/Buenos_Aires
737,Castelli,Chaco,AR,-25.94679,-60.61947,America/Argentina/Buenos_Aires,America/Argentina/Cordoba,coordinate_polygon,high,,not_required,tzfpy-2026c,polygon lookup differs from existing America/Argentina/Buenos_Aires
745,Ceibas,Entre Ríos,AR,-33.43333,-58.75,America/Argentina/Buenos_Aires,America/Argentina/Cordoba,coordinate_polygon,high,,not_required,tzfpy-2026c,polygon lookup differs from existing America/Argentina/Buenos_Aires
759,Chichinales,Río Negro,AR,-39.11505,-66.92714,America/Argentina/Buenos_Aires,America/Argentina/Salta,coordinate_polygon,high,,not_required,tzfpy-2026c,polygon lookup differs from existing America/Argentina/Buenos_Aires
763,Chimpay,Río Negro,AR,-39.16482,-66.14236,America/Argentina/Buenos_Aires,America/Argentina/Salta,coordinate_polygon,high,,not_required,tzfpy-2026c,polygon lookup differs from existing America/Argentina/Buenos_Aires
765,Chorotis,Chaco,AR,-27.91578,-61.39982,America/Argentina/Buenos_Aires,America/Argentina/Cordoba,coordinate_polygon,high,,not_required,tzfpy-2026c,polygon lookup differs from existing America/Argentina/Buenos_Aires
787,Comodoro Rivadavia,Chubut,AR,-45.86413,-67.49656,America/Argentina/Buenos_Aires,America/Argentina/Catamarca,coordinate_polygon,high,,not_required,tzfpy-2026c,polygon lookup differs from existing America/Argentina/Buenos_Aires
793,Concordia,Entre Ríos,AR,-31.39296,-58.02089,America/Argentina/Buenos_Aires,America/Argentina/Cordoba,coordinate_polygon,high,,not_required,tzfpy-2026c,polygon lookup differs from existing America/Argentina/Buenos_Aires
795,Contraalmirante Cordero,Río Negro,AR,-38.72423,-68.15284,America/Argentina/Buenos_Aires,America/Argentina/Salta,coordinate_polygon,high,,not_required,tzfpy-2026c,polygon lookup differs from existing America/Argentina/Buenos_Aires
799,Coronel Du Graty,Chaco,AR,-27.68038,-60.91462,America/Argentina/Buenos_Aires,America/Argentina/Cordoba,coordinate_polygon,high,,not_required,tzfpy-2026c,polygon lookup differs from existing America/Argentina/Buenos_Aires
807,Coté-Lai,Chaco,AR,-27.5,-59.6,America/Argentina/Buenos_Aires,America/Argentina/Cordoba,coordinate_polygon,high,,not_required,tzfpy-2026c,polygon lookup differs from existing America/Argentina/Buenos_Aires
813,Curuzú Cuatiá,Corrientes,AR,-29.79171,-58.0546,America/Argentina/Buenos_Aires,America/Argentina/Cordoba,coordinate_polygon,high,,not_required,tzfpy-2026c,polygon lookup differs from existing America/Argentina/Buenos_Aires
815,Córdoba,Córdoba,AR,-31.4135,-64.18105,America/Argentina/Buenos_Aires,America/Argentina/Cordoba,coordinate_polygon,high,,not_required,tzfpy-2026c,polygon lookup differs from existing America/Argentina/Buenos_Aires
816,Dalmacio Vélez Sársfield,Córdoba,AR,-32.61072,-63.58038,America/Argentina/Buenos_Aires,America/Argentina/Cordoba,coordinate_polygon,high,,not_required,tzfpy-2026c,polygon lookup differs from existing America/Argentina/Buenos_Aires
819,Departamento Capital,Salta,AR,-24.83333,-65.33333,America/Argentina/Buenos_Aires,America/Argentina/Salta,coordinate_polygon,high,,not_required,tzfpy-2026c,polygon lookup differs from existing America/Argentina/Buenos_Aires
820,Departamento de Aguirre,Santiago del Estero,AR,-29.33333,-62.5,America/Argentina/Buenos_Aires,America/Argentina/Cordoba,coordinate_polygon,high,,not_required,tzfpy-2026c,polygon lookup differs from existing America/Argentina/Buenos_Aires
821,Departamento de Albardón,San Juan,AR,-31.28333,-68.41667,America/Argentina/Buenos_Aires,America/Argentina/San_Juan,coordinate_polygon,high,,not_required,tzfpy-2026c,polygon lookup differs from existing America/Argentina/Buenos_Aires
822,Departamento de Almirante Brown,Chaco,AR,-25.81662,-61.45576,America/Argentina/Buenos_Aires,America/Argentina/Cordoba,coordinate_polygon,high,,not_required,tzfpy-2026c,polygon lookup differs from existing America/Argentina/Buenos_Aires
823,Departamento de Aluminé,Neuquén,AR,-39.16667,-71,America/Argentina/Buenos_Aires,America/Argentina/Salta,coordinate_polygon,high,,not_required,tzfpy-2026c,polygon lookup differs from existing America/Argentina/Buenos_Aires
824,Departamento de Ambato,Catamarca,AR,-28,-65.91667,America/Argentina/Buenos_Aires,America/Argentina/Catamarca,coordinate_polygon,high,,not_required,tzfpy-2026c,polygon lookup differs from existing America/Argentina/Buenos_Aires
825,Departamento de Ancasti,Catamarca,AR,-29,-65.5,America/Argentina/Buenos_Aires,America/Argentina/Catamarca,coordinate_polygon,high,,not_required,tzfpy-2026c,polygon lookup differs from existing America/Argentina/Buenos_Aires
826,Departamento de Andalgalá,Catamarca,AR,-27.58333,-66.46667,America/Argentina/Buenos_Aires,America/Argentina/Catamarca,coordinate_polygon,high,,not_required,tzfpy-2026c,polygon lookup differs from existing America/Argentina/Buenos_Aires
827,Departamento de Angaco,San Juan,AR,-31.2,-68.13333,America/Argentina/Buenos_Aires,America/Argentina/San_Juan,coordinate_polygon,high,,not_required,tzfpy-2026c,polygon lookup differs from existing America/Argentina/Buenos_Aires
828,Departamento de Anta,Salta,AR,-24.91667,-64,America/Argentina/Buenos_Aires,America/Argentina/Salta,coordinate_polygon,high,,not_required,tzfpy-2026c,polygon lookup differs from existing America/Argentina/Buenos_Aires
829,Departamento de Antofagasta de la Sierra,Catamarca,AR,-26,-67.58333,America/Argentina/Buenos_Aires,America/Argentina/Catamarca,coordinate_polygon,high,,not_required,tzfpy-2026c,polygon lookup differs from existing America/Argentina/Buenos_Aires
830,Departamento de Apóstoles,Misiones,AR,-27.91667,-55.75,America/Argentina/Buenos_Aires,America/Argentina/Cordoba,coordinate_polygon,high,,not_required,tzfpy-2026c,polygon lookup differs from existing America/Argentina/Buenos_Aires
831,Departamento de Arauco,La Rioja,AR,-28.5,-66.83333,America/Argentina/Buenos_Aires,America/Argentina/La_Rioja,coordinate_polygon,high,,not_required,tzfpy-2026c,polygon lookup differs from existing America/Argentina/Buenos_Aires
832,Departamento de Avellaneda,Río Negro,AR,-39.5,-66.5,America/Argentina/Buenos_Aires,America/Argentina/Salta,coordinate_polygon,high,,not_required,tzfpy-2026c,polygon lookup differs from existing America/Argentina/Buenos_Aires
833,Departamento de Añelo,Neuquén,AR,-38.16667,-69,America/Argentina/Buenos_Aires,America/Argentina/Salta,coordinate_polygon,high,,not_required,tzfpy-2026c,polygon lookup differs from existing America/Argentina/Buenos_Aires
834,Departamento de Banda,Santiago del Estero,AR,-27.5,-64.33333,America/Argentina/Buenos_Aires,America/Argentina/Cordoba,coordinate_polygon,high,,not_required,tzfpy-2026c,polygon lookup differs from existing America/Argentina/Buenos_Aires
835,Departamento de Belgrano,Santa Fe,AR,-32.5,-61.75,America/Argentina/Buenos_Aires,America/Argentina/Cordoba,coordinate_polygon,high,,not_required,tzfpy-2026c,polygon lookup differs from existing America/Argentina/Buenos_Aires
836,Departamento de Bella Vista,Corrientes,AR,-28.5,-58.83333,America/Argentina/Buenos_Aires,America/Argentina/Cordoba,coordinate_polygon,high,,not_required,tzfpy-2026c,polygon lookup differs from existing America/Argentina/Buenos_Aires
837,Departamento de Bermejo,Chaco,AR,-27,-58.66667,America/Argentina/Buenos_Aires,America/Argentina/Cordoba,coordinate_polygon,high,,not_required,tzfpy-2026c,polygon lookup differs from existing America/Argentina/Buenos_Aires
838,Departamento de Berón de Astrada,Corrientes,AR,-27.5,-57.66667,America/Argentina/Buenos_Aires,America/Argentina/Cordoba,coordinate_polygon,high,,not_required,tzfpy-2026c,polygon lookup differs from existing America/Argentina/Buenos_Aires
839,Departamento de Biedma,Chubut,AR,-42.41667,-65,America/Argentina/Buenos_Aires,America/Argentina/Catamarca,coordinate_polygon,high,,not_required,tzfpy-2026c,polygon lookup differs from existing America/Argentina/Buenos_Aires
840,Departamento de Burruyacú,Tucumán,AR,-26.5,-64.91667,America/Argentina/Buenos_Aires,America/Argentina/Tucuman,coordinate_polygon,high,,not_required,tzfpy-2026c,polygon lookup differs from existing America/Argentina/Buenos_Aires
841,Departamento de Cainguás,Misiones,AR,-27.16667,-54.83333,America/Argentina/Buenos_Aires,America/Argentina/Cordoba,coordinate_polygon,high,,not_required,tzfpy-2026c,polygon lookup differs from existing America/Argentina/Buenos_Aires
842,Departamento de Calamuchita,Córdoba,AR,-32.25,-64.58333,America/Argentina/Buenos_Aires,America/Argentina/Cordoba,coordinate_polygon,high,,not_required,tzfpy-2026c,polygon lookup differs from existing America/Argentina/Buenos_Aires
843,Departamento de Caleu-Caleu,La Pampa,AR,-38.58333,-64,America/Argentina/Buenos_Aires,America/Argentina/Salta,coordinate_polygon,high,,not_required,tzfpy-2026c,polygon lookup differs from existing America/Argentina/Buenos_Aires
844,Departamento de Calingasta,San Juan,AR,-31.5,-69.75,America/Argentina/Buenos_Aires,America/Argentina/San_Juan,coordinate_polygon,high,,not_required,tzfpy-2026c,polygon lookup differs from existing America/Argentina/Buenos_Aires
845,Departamento de Candelaria,Misiones,AR,-27.5,-55.5,America/Argentina/Buenos_Aires,America/Argentina/Cordoba,coordinate_polygon,high,,not_required,tzfpy-2026c,polygon lookup differs from existing America/Argentina/Buenos_Aires
846,Departamento de Capayán,Catamarca,AR,-28.83333,-66,America/Argentina/Buenos_Aires,America/Argentina/Catamarca,coordinate_polygon,high,,not_required,tzfpy-2026c,polygon lookup differs from existing America/Argentina/Buenos_Aires
847,Departamento de Capital,Corrientes,AR,-27.5,-58.75,America/Argentina/Buenos_Aires,America/Argentina/Cordoba,coordinate_polygon,high,,not_required,tzfpy-2026c,polygon lookup differs from existing America/Argentina/Buenos_Aires
848,Departamento de Capital,Misiones,AR,-27.5,-55.83333,America/Argentina/Buenos_Aires,America/Argentina/Cordoba,coordinate_polygon,high,,not_required,tzfpy-2026c,polygon lookup differs from existing America/Argentina/Buenos_Aires
849,Departamento de Capital,Catamarca,AR,-28.41667,-65.8,America/Argentina/Buenos_Aires,America/Argentina/Catamarca,coordinate_polygon,high,,not_required,tzfpy-2026c,polygon lookup differs from existing America/Argentina/Buenos_Aires
850,Departamento de Capital,Mendoza,AR,-32.88469,-68.85826,America/Argentina/Buenos_Aires,America/Argentina/Mendoza,coordinate_polygon,high,,not_required,tzfpy-2026c,polygon lookup differs from existing America/Argentina/Buenos_Aires
851,Departamento de Capital,San Juan,AR,-31.53333,-68.53333,America/Argentina/Buenos_Aires,America/Argentina/San_Juan,coordinate_polygon,high,,not_required,tzfpy-2026c,polygon lookup differs from existing America/Argentina/Buenos_Aires
852,Departamento de Capital,Tucumán,AR,-26.82825,-65.21126,America/Argentina/Buenos_Aires,America/Argentina/Tucuman,coordinate_polygon,high,,not_required,tzfpy-2026c,polygon lookup differs from existing America/Argentina/Buenos_Aires
853,Departamento de Caseros,Santa Fe,AR,-33.25,-61.66667,America/Argentina/Buenos_Aires,America/Argentina/Cordoba,coordinate_polygon,high,,not_required,tzfpy-2026c,polygon lookup differs from existing America/Argentina/Buenos_Aires
854,Departamento de Castellanos,Santa Fe,AR,-31.16667,-61.66667,America/Argentina/Buenos_Aires,America/Argentina/Cordoba,coordinate_polygon,high,,not_required,tzfpy-2026c,polygon lookup differs from existing America/Argentina/Buenos_Aires
855,Departamento de Catán-Lil,Neuquén,AR,-39.5,-70.33333,America/Argentina/Buenos_Aires,America/Argentina/Salta,coordinate_polygon,high,,not_required,tzfpy-2026c,polygon lookup differs from existing America/Argentina/Buenos_Aires
856,Departamento de Caucete,San Juan,AR,-31.45,-67.66667,America/Argentina/Buenos_Aires,America/Argentina/San_Juan,coordinate_polygon,high,,not_required,tzfpy-2026c,polygon lookup differs from existing America/Argentina/Buenos_Aires
857,Departamento de Cerrillos,Salta,AR,-25,-65.41667,America/Argentina/Buenos_Aires,America/Argentina/Salta,coordinate_polygon,high,,not_required,tzfpy-2026c,polygon lookup differs from existing America/Argentina/Buenos_Aires
858,Departamento de Chicoana,Salta,AR,-25.11583,-65.59466,America/Argentina/Buenos_Aires,America/Argentina/Salta,coordinate_polygon,high,,not_required,tzfpy-2026c,polygon lookup differs from existing America/Argentina/Buenos_Aires
860,Departamento de Chos-Malal,Neuquén,AR,-36.91667,-70.16667,America/Argentina/Buenos_Aires,America/Argentina/Salta,coordinate_polygon,high,,not_required,tzfpy-2026c,polygon lookup differs from existing America/Argentina/Buenos_Aires
861,Departamento de Choya,Santiago del Estero,AR,-28.75,-64.75,America/Argentina/Buenos_Aires,America/Argentina/Cordoba,coordinate_polygon,high,,not_required,tzfpy-2026c,polygon lookup differs from existing America/Argentina/Buenos_Aires
862,Departamento de Cochinoca,Jujuy,AR,-23,-65.83333,America/Argentina/Buenos_Aires,America/Argentina/Jujuy,coordinate_polygon,high,,not_required,tzfpy-2026c,polygon lookup differs from existing America/Argentina/Buenos_Aires
863,Departamento de Collón-Curá,Neuquén,AR,-40.08333,-70.16667,America/Argentina/Buenos_Aires,America/Argentina/Salta,coordinate_polygon,high,,not_required,tzfpy-2026c,polygon lookup differs from existing America/Argentina/Buenos_Aires
864,Departamento de Colón,Córdoba,AR,-31.16667,-64.16667,America/Argentina/Buenos_Aires,America/Argentina/Cordoba,coordinate_polygon,high,,not_required,tzfpy-2026c,polygon lookup differs from existing America/Argentina/Buenos_Aires
865,Departamento de Comandante Fernández,Chaco,AR,-26.83333,-60.5,America/Argentina/Buenos_Aires,America/Argentina/Cordoba,coordinate_polygon,high,,not_required,tzfpy-2026c,polygon lookup differs from existing America/Argentina/Buenos_Aires
866,Departamento de Concepción,Corrientes,AR,-28.33333,-58,America/Argentina/Buenos_Aires,America/Argentina/Cordoba,coordinate_polygon,high,,not_required,tzfpy-2026c,polygon lookup differs from existing America/Argentina/Buenos_Aires
867,Departamento de Concepción de la Sierra,Misiones,AR,-27.83333,-55.41667,America/Argentina/Buenos_Aires,America/Argentina/Cordoba,coordinate_polygon,high,,not_required,tzfpy-2026c,polygon lookup differs from existing America/Argentina/Buenos_Aires
868,Departamento de Confluencia,Neuquén,AR,-38.83333,-68.83333,America/Argentina/Buenos_Aires,America/Argentina/Salta,coordinate_polygon,high,,not_required,tzfpy-2026c,polygon lookup differs from existing America/Argentina/Buenos_Aires
869,Departamento de Constitución,Santa Fe,AR,-33.5,-60.91667,America/Argentina/Buenos_Aires,America/Argentina/Cordoba,coordinate_polygon,high,,not_required,tzfpy-2026c,polygon lookup differs from existing America/Argentina/Buenos_Aires
870,Departamento de Cruz Alta,Tucumán,AR,-26.91667,-64.91667,America/Argentina/Buenos_Aires,America/Argentina/Tucuman,coordinate_polygon,high,,not_required,tzfpy-2026c,polygon lookup differs from existing America/Argentina/Buenos_Aires
871,Departamento de Cruz del Eje,Córdoba,AR,-30.75,-65,America/Argentina/Buenos_Aires,America/Argentina/Cordoba,coordinate_polygon,high,,not_required,tzfpy-2026c,polygon lookup differs from existing America/Argentina/Buenos_Aires
872,Departamento de Curuzú Cuatiá,Corrientes,AR,-29.5,-58.5,America/Argentina/Buenos_Aires,America/Argentina/Cordoba,coordinate_polygon,high,,not_required,tzfpy-2026c,polygon lookup differs from existing America/Argentina/Buenos_Aires
873,Departamento de Cushamen,Chubut,AR,-42.5,-70.83333,America/Argentina/Buenos_Aires,America/Argentina/Catamarca,coordinate_polygon,high,,not_required,tzfpy-2026c,polygon lookup differs from existing America/Argentina/Buenos_Aires
874,Departamento de Deseado,Santa Cruz,AR,-47.33333,-67.83333,America/Argentina/Buenos_Aires,America/Argentina/Rio_Gallegos,coordinate_polygon,high,,not_required,tzfpy-2026c,polygon lookup differs from existing America/Argentina/Buenos_Aires
875,Departamento de Doce de Octubre,Chaco,AR,-27.41667,-61.33333,America/Argentina/Buenos_Aires,America/Argentina/Cordoba,coordinate_polygon,high,,not_required,tzfpy-2026c,polygon lookup differs from existing America/Argentina/Buenos_Aires
877,Departamento de El Alto,Catamarca,AR,-28.41667,-65.41667,America/Argentina/Buenos_Aires,America/Argentina/Catamarca,coordinate_polygon,high,,not_required,tzfpy-2026c,polygon lookup differs from existing America/Argentina/Buenos_Aires
878,Departamento de Eldorado,Misiones,AR,-26.25,-54.41667,America/Argentina/Buenos_Aires,America/Argentina/Cordoba,coordinate_polygon,high,,not_required,tzfpy-2026c,polygon lookup differs from existing America/Argentina/Buenos_Aires
879,Departamento de Empedrado,Corrientes,AR,-27.83333,-58.66667,America/Argentina/Buenos_Aires,America/Argentina/Cordoba,coordinate_polygon,high,,not_required,tzfpy-2026c,polygon lookup differs from existing America/Argentina/Buenos_Aires
880,Departamento de Escalante,Chubut,AR,-45.33333,-67.33333,America/Argentina/Buenos_Aires,America/Argentina/Catamarca,coordinate_polygon,high,,not_required,tzfpy-2026c,polygon lookup differs from existing America/Argentina/Buenos_Aires
881,Departamento de Esquina,Corrientes,AR,-30,-59.33333,America/Argentina/Buenos_Aires,America/Argentina/Cordoba,coordinate_polygon,high,,not_required,tzfpy-2026c,polygon lookup differs from existing America/Argentina/Buenos_Aires
882,Departamento de Famaillá,Tucumán,AR,-26.91667,-65.5,America/Argentina/Buenos_Aires,America/Argentina/Tucuman,coordinate_polygon,high,,not_required,tzfpy-2026c,polygon lookup differs from existing America/Argentina/Buenos_Aires
883,Departamento de Florentino Ameghino,Chubut,AR,-44.41667,-66.16667,America/Argentina/Buenos_Aires,America/Argentina/Catamarca,coordinate_polygon,high,,not_required,tzfpy-2026c,polygon lookup differs from existing America/Argentina/Buenos_Aires
884,Departamento de Fray Mamerto Esquiú,Catamarca,AR,-28.3,-65.75,America/Argentina/Buenos_Aires,America/Argentina/Catamarca,coordinate_polygon,high,,not_required,tzfpy-2026c,polygon lookup differs from existing America/Argentina/Buenos_Aires
885,Departamento de Futaleufú,Chubut,AR,-43.08333,-71.41667,America/Argentina/Buenos_Aires,America/Argentina/Catamarca,coordinate_polygon,high,,not_required,tzfpy-2026c,polygon lookup differs from existing America/Argentina/Buenos_Aires
886,Departamento de Gaimán,Chubut,AR,-43.33333,-66.33333,America/Argentina/Buenos_Aires,America/Argentina/Catamarca,coordinate_polygon,high,,not_required,tzfpy-2026c,polygon lookup differs from existing America/Argentina/Buenos_Aires
887,Departamento de Gastre,Chubut,AR,-42.83333,-68.66667,America/Argentina/Buenos_Aires,America/Argentina/Catamarca,coordinate_polygon,high,,not_required,tzfpy-2026c,polygon lookup differs from existing America/Argentina/Buenos_Aires
888,Departamento de General Alvear,Corrientes,AR,-28.83333,-56.5,America/Argentina/Buenos_Aires,America/Argentina/Cordoba,coordinate_polygon,high,,not_required,tzfpy-2026c,polygon lookup differs from existing America/Argentina/Buenos_Aires
889,Departamento de General Alvear,Mendoza,AR,-35.16667,-67.33333,America/Argentina/Buenos_Aires,America/Argentina/Mendoza,coordinate_polygon,high,,not_required,tzfpy-2026c,polygon lookup differs from existing America/Argentina/Buenos_Aires
890,Departamento de General Donovan,Chaco,AR,-27.16667,-59.33333,America/Argentina/Buenos_Aires,America/Argentina/Cordoba,coordinate_polygon,high,,not_required,tzfpy-2026c,polygon lookup differs from existing America/Argentina/Buenos_Aires
891,Departamento de General Güemes,Salta,AR,-24.79464,-64.94393,America/Argentina/Buenos_Aires,America/Argentina/Salta,coordinate_polygon,high,,not_required,tzfpy-2026c,polygon lookup differs from existing America/Argentina/Buenos_Aires
892,Departamento de General Güemes,Chaco,AR,-25.16667,-61.41667,America/Argentina/Buenos_Aires,America/Argentina/Cordoba,coordinate_polygon,high,,not_required,tzfpy-2026c,polygon lookup differs from existing America/Argentina/Buenos_Aires
893,Departamento de General Lamadrid,La Rioja,AR,-28.83333,-68.66667,America/Argentina/Buenos_Aires,America/Argentina/La_Rioja,coordinate_polygon,high,,not_required,tzfpy-2026c,polygon lookup differs from existing America/Argentina/Buenos_Aires
894,Departamento de General Manuel Belgrano,Misiones,AR,-26.16667,-53.91667,America/Argentina/Buenos_Aires,America/Argentina/Cordoba,coordinate_polygon,high,,not_required,tzfpy-2026c,polygon lookup differs from existing America/Argentina/Buenos_Aires
895,Departamento de General Paz,Corrientes,AR,-27.75,-57.83333,America/Argentina/Buenos_Aires,America/Argentina/Cordoba,coordinate_polygon,high,,not_required,tzfpy-2026c,polygon lookup differs from existing America/Argentina/Buenos_Aires
896,Departamento de General Roca,Córdoba,AR,-34.66667,-64.25,America/Argentina/Buenos_Aires,America/Argentina/Cordoba,coordinate_polygon,high,,not_required,tzfpy-2026c,polygon lookup differs from existing America/Argentina/Buenos_Aires
897,Departamento de General San Martín,Córdoba,AR,-32.5,-63.33333,America/Argentina/Buenos_Aires,America/Argentina/Cordoba,coordinate_polygon,high,,not_required,tzfpy-2026c,polygon lookup differs from existing America/Argentina/Buenos_Aires
898,Departamento de Godoy Cruz,Mendoza,AR,-32.93333,-68.86667,America/Argentina/Buenos_Aires,America/Argentina/Mendoza,coordinate_polygon,high,,not_required,tzfpy-2026c,polygon lookup differs from existing America/Argentina/Buenos_Aires
899,Departamento de Goya,Corrientes,AR,-29.5,-59.5,America/Argentina/Buenos_Aires,America/Argentina/Cordoba,coordinate_polygon,high,,not_required,tzfpy-2026c,polygon lookup differs from existing America/Argentina/Buenos_Aires
900,Departamento de Graneros,Tucumán,AR,-27.75,-65.33333,America/Argentina/Buenos_Aires,America/Argentina/Tucuman,coordinate_polygon,high,,not_required,tzfpy-2026c,polygon lookup differs from existing America/Argentina/Buenos_Aires
901,Departamento de Guachipas,Salta,AR,-25.66667,-65.5,America/Argentina/Buenos_Aires,America/Argentina/Salta,coordinate_polygon,high,,not_required,tzfpy-2026c,polygon lookup differs from existing America/Argentina/Buenos_Aires
902,Departamento de Gualeguaychú,Entre Ríos,AR,-33.25,-59,America/Argentina/Buenos_Aires,America/Argentina/Cordoba,coordinate_polygon,high,,not_required,tzfpy-2026c,polygon lookup differs from existing America/Argentina/Buenos_Aires
903,Departamento de Guaraní,Misiones,AR,-27.16667,-54.16667,America/Argentina/Buenos_Aires,America/Argentina/Cordoba,coordinate_polygon,high,,not_required,tzfpy-2026c,polygon lookup differs from existing America/Argentina/Buenos_Aires
904,Departamento de Guasayán,Santiago del Estero,AR,-28,-64.83333,America/Argentina/Buenos_Aires,America/Argentina/Cordoba,coordinate_polygon,high,,not_required,tzfpy-2026c,polygon lookup differs from existing America/Argentina/Buenos_Aires
905,Departamento de Guaymallén,Mendoza,AR,-32.88333,-68.7,America/Argentina/Buenos_Aires,America/Argentina/Mendoza,coordinate_polygon,high,,not_required,tzfpy-2026c,polygon lookup differs from existing America/Argentina/Buenos_Aires
906,Departamento de Güer Aike,Santa Cruz,AR,-51.33333,-70.33333,America/Argentina/Buenos_Aires,America/Argentina/Rio_Gallegos,coordinate_polygon,high,,not_required,tzfpy-2026c,polygon lookup differs from existing America/Argentina/Buenos_Aires
907,Departamento de Iglesia,San Juan,AR,-29.33333,-69.58333,America/Argentina/Buenos_Aires,America/Argentina/San_Juan,coordinate_polygon,high,,not_required,tzfpy-2026c,polygon lookup differs from existing America/Argentina/Buenos_Aires
908,Departamento de Iguazú,Misiones,AR,-25.86667,-54.36667,America/Argentina/Buenos_Aires,America/Argentina/Cordoba,coordinate_polygon,high,,not_required,tzfpy-2026c,polygon lookup differs from existing America/Argentina/Buenos_Aires
909,Departamento de Independencia,Chaco,AR,-26.66667,-60.66667,America/Argentina/Buenos_Aires,America/Argentina/Cordoba,coordinate_polygon,high,,not_required,tzfpy-2026c,polygon lookup differs from existing America/Argentina/Buenos_Aires
910,Departamento de Independencia,La Rioja,AR,-30.16667,-67.41667,America/Argentina/Buenos_Aires,America/Argentina/La_Rioja,coordinate_polygon,high,,not_required,tzfpy-2026c,polygon lookup differs from existing America/Argentina/Buenos_Aires
911,Departamento de Iruya,Salta,AR,-22.8,-64.91667,America/Argentina/Buenos_Aires,America/Argentina/Salta,coordinate_polygon,high,,not_required,tzfpy-2026c,polygon lookup differs from existing America/Argentina/Buenos_Aires
912,Departamento de Itatí,Corrientes,AR,-27.33333,-58,America/Argentina/Buenos_Aires,America/Argentina/Cordoba,coordinate_polygon,high,,not_required,tzfpy-2026c,polygon lookup differs from existing America/Argentina/Buenos_Aires
913,Departamento de Ituzaingó,Corrientes,AR,-27.90085,-56.86604,America/Argentina/Buenos_Aires,America/Argentina/Cordoba,coordinate_polygon,high,,not_required,tzfpy-2026c,polygon lookup differs from existing America/Argentina/Buenos_Aires
914,Departamento de Juárez Celman,Córdoba,AR,-33.33333,-63.66667,America/Argentina/Buenos_Aires,America/Argentina/Cordoba,coordinate_polygon,high,,not_required,tzfpy-2026c,polygon lookup differs from existing America/Argentina/Buenos_Aires
915,Departamento de Jáchal,San Juan,AR,-30.5,-68.5,America/Argentina/Buenos_Aires,America/Argentina/San_Juan,coordinate_polygon,high,,not_required,tzfpy-2026c,polygon lookup differs from existing America/Argentina/Buenos_Aires
916,Departamento de La Capital,Santa Fe,AR,-31.5,-60.66667,America/Argentina/Buenos_Aires,America/Argentina/Cordoba,coordinate_polygon,high,,not_required,tzfpy-2026c,polygon lookup differs from existing America/Argentina/Buenos_Aires
917,Departamento de La Cocha,Tucumán,AR,-27.77784,-65.57109,America/Argentina/Buenos_Aires,America/Argentina/Tucuman,coordinate_polygon,high,,not_required,tzfpy-2026c,polygon lookup differs from existing America/Argentina/Buenos_Aires
918,Departamento de La Paz,Catamarca,AR,-29.25,-65.25,America/Argentina/Buenos_Aires,America/Argentina/Catamarca,coordinate_polygon,high,,not_required,tzfpy-2026c,polygon lookup differs from existing America/Argentina/Buenos_Aires
919,Departamento de La Paz,Mendoza,AR,-33.66667,-67.25,America/Argentina/Buenos_Aires,America/Argentina/Mendoza,coordinate_polygon,high,,not_required,tzfpy-2026c,polygon lookup differs from existing America/Argentina/Buenos_Aires
920,Departamento de La Poma,Salta,AR,-24.16667,-66.16667,America/Argentina/Buenos_Aires,America/Argentina/Salta,coordinate_polygon,high,,not_required,tzfpy-2026c,polygon lookup differs from existing America/Argentina/Buenos_Aires
921,Departamento de La Viña,Salta,AR,-25.5,-65.66667,America/Argentina/Buenos_Aires,America/Argentina/Salta,coordinate_polygon,high,,not_required,tzfpy-2026c,polygon lookup differs from existing America/Argentina/Buenos_Aires
922,Departamento de Lago Argentino,Santa Cruz,AR,-49.75,-72,America/Argentina/Buenos_Aires,America/Argentina/Rio_Gallegos,coordinate_polygon,high,,not_required,tzfpy-2026c,polygon lookup differs from existing America/Argentina/Buenos_Aires
923,Departamento de Languiñeo,Chubut,AR,-43.33333,-70.66667,America/Argentina/Buenos_Aires,America/Argentina/Catamarca,coordinate_polygon,high,,not_required,tzfpy-2026c,polygon lookup differs from existing America/Argentina/Buenos_Aires
924,Departamento de Las Heras,Mendoza,AR,-32.5,-69.5,America/Argentina/Buenos_Aires,America/Argentina/Mendoza,coordinate_polygon,high,,not_required,tzfpy-2026c,polygon lookup differs from existing America/Argentina/Buenos_Aires
925,Departamento de Lavalle,Corrientes,AR,-29,-58.91667,America/Argentina/Buenos_Aires,America/Argentina/Cordoba,coordinate_polygon,high,,not_required,tzfpy-2026c,polygon lookup differs from existing America/Argentina/Buenos_Aires
926,Departamento de Lavalle,Mendoza,AR,-32.5,-68,America/Argentina/Buenos_Aires,America/Argentina/Mendoza,coordinate_polygon,high,,not_required,tzfpy-2026c,polygon lookup differs from existing America/Argentina/Buenos_Aires
927,Departamento de Leandro N. Alem,Misiones,AR,-27.56667,-55.33333,America/Argentina/Buenos_Aires,America/Argentina/Cordoba,coordinate_polygon,high,,not_required,tzfpy-2026c,polygon lookup differs from existing America/Argentina/Buenos_Aires
928,Departamento de Libertad,Chaco,AR,-27.33333,-59.33333,America/Argentina/Buenos_Aires,America/Argentina/Cordoba,coordinate_polygon,high,,not_required,tzfpy-2026c,polygon lookup differs from existing America/Argentina/Buenos_Aires
929,Departamento de Libertador General San Martín,Misiones,AR,-26.91667,-54.91667,America/Argentina/Buenos_Aires,America/Argentina/Cordoba,coordinate_polygon,high,,not_required,tzfpy-2026c,polygon lookup differs from existing America/Argentina/Buenos_Aires
930,Departamento de Loreto,Santiago del Estero,AR,-28.55,-64.33333,America/Argentina/Buenos_Aires,America/Argentina/Cordoba,coordinate_polygon,high,,not_required,tzfpy-2026c,polygon lookup differs from existing America/Argentina/Buenos_Aires
931,Departamento de Los Andes,Salta,AR,-24.5,-67.33333,America/Argentina/Buenos_Aires,America/Argentina/Salta,coordinate_polygon,high,,not_required,tzfpy-2026c,polygon lookup differs from existing America/Argentina/Buenos_Aires
932,Departamento de Luján,Mendoza,AR,-33,-69.33333,America/Argentina/Buenos_Aires,America/Argentina/Mendoza,coordinate_polygon,high,,not_required,tzfpy-2026c,polygon lookup differs from existing America/Argentina/Buenos_Aires
934,Departamento de Lácar,Neuquén,AR,-40.25,-71.2,America/Argentina/Buenos_Aires,America/Argentina/Salta,coordinate_polygon,high,,not_required,tzfpy-2026c,polygon lookup differs from existing America/Argentina/Buenos_Aires
935,Departamento de Magallanes,Santa Cruz,AR,-48.75,-68.5,America/Argentina/Buenos_Aires,America/Argentina/Rio_Gallegos,coordinate_polygon,high,,not_required,tzfpy-2026c,polygon lookup differs from existing America/Argentina/Buenos_Aires
936,Departamento de Maipú,Mendoza,AR,-33,-68.58333,America/Argentina/Buenos_Aires,America/Argentina/Mendoza,coordinate_polygon,high,,not_required,tzfpy-2026c,polygon lookup differs from existing America/Argentina/Buenos_Aires
937,Departamento de Maipú,Chaco,AR,-26.33333,-60.41667,America/Argentina/Buenos_Aires,America/Argentina/Cordoba,coordinate_polygon,high,,not_required,tzfpy-2026c,polygon lookup differs from existing America/Argentina/Buenos_Aires
938,Departamento de Malargüe,Mendoza,AR,-36.25,-69.25,America/Argentina/Buenos_Aires,America/Argentina/Mendoza,coordinate_polygon,high,,not_required,tzfpy-2026c,polygon lookup differs from existing America/Argentina/Buenos_Aires
939,Departamento de Marcos Juárez,Córdoba,AR,-33,-62.25,America/Argentina/Buenos_Aires,America/Argentina/Cordoba,coordinate_polygon,high,,not_required,tzfpy-2026c,polygon lookup differs from existing America/Argentina/Buenos_Aires
940,Departamento de Mburucuyá,Corrientes,AR,-28,-58.25,America/Argentina/Buenos_Aires,America/Argentina/Cordoba,coordinate_polygon,high,,not_required,tzfpy-2026c,polygon lookup differs from existing America/Argentina/Buenos_Aires
941,Departamento de Mercedes,Corrientes,AR,-29,-57.83333,America/Argentina/Buenos_Aires,America/Argentina/Cordoba,coordinate_polygon,high,,not_required,tzfpy-2026c,polygon lookup differs from existing America/Argentina/Buenos_Aires
942,Departamento de Metán,Salta,AR,-25.5,-64.66667,America/Argentina/Buenos_Aires,America/Argentina/Salta,coordinate_polygon,high,,not_required,tzfpy-2026c,polygon lookup differs from existing America/Argentina/Buenos_Aires
943,Departamento de Minas,Córdoba,AR,-31,-65.33333,America/Argentina/Buenos_Aires,America/Argentina/Cordoba,coordinate_polygon,high,,not_required,tzfpy-2026c,polygon lookup differs from existing America/Argentina/Buenos_Aires
944,Departamento de Minas,Neuquén,AR,-36.83333,-70.83333,America/Argentina/Buenos_Aires,America/Argentina/Salta,coordinate_polygon,high,,not_required,tzfpy-2026c,polygon lookup differs from existing America/Argentina/Buenos_Aires
945,Departamento de Monte Caseros,Corrientes,AR,-30.25,-57.83333,America/Argentina/Buenos_Aires,America/Argentina/Cordoba,coordinate_polygon,high,,not_required,tzfpy-2026c,polygon lookup differs from existing America/Argentina/Buenos_Aires
946,Departamento de Montecarlo,Misiones,AR,-26.71667,-54.58333,America/Argentina/Buenos_Aires,America/Argentina/Cordoba,coordinate_polygon,high,,not_required,tzfpy-2026c,polygon lookup differs from existing America/Argentina/Buenos_Aires
947,Departamento de Monteros,Tucumán,AR,-27.16667,-65.58333,America/Argentina/Buenos_Aires,America/Argentina/Tucuman,coordinate_polygon,high,,not_required,tzfpy-2026c,polygon lookup differs from existing America/Argentina/Buenos_Aires
948,Departamento de Moreno,Santiago del Estero,AR,-27.33333,-62.5,America/Argentina/Buenos_Aires,America/Argentina/Cordoba,coordinate_polygon,high,,not_required,tzfpy-2026c,polygon lookup differs from existing America/Argentina/Buenos_Aires
949,Departamento de Mártires,Chubut,AR,-43.83333,-67.16667,America/Argentina/Buenos_Aires,America/Argentina/Catamarca,coordinate_polygon,high,,not_required,tzfpy-2026c,polygon lookup differs from existing America/Argentina/Buenos_Aires
950,Departamento de Nueve de Julio,Chaco,AR,-26.95331,-61.27627,America/Argentina/Buenos_Aires,America/Argentina/Cordoba,coordinate_polygon,high,,not_required,tzfpy-2026c,polygon lookup differs from existing America/Argentina/Buenos_Aires
951,Departamento de Nueve de Julio,Santa Fe,AR,-28.83333,-61.33333,America/Argentina/Buenos_Aires,America/Argentina/Cordoba,coordinate_polygon,high,,not_required,tzfpy-2026c,polygon lookup differs from existing America/Argentina/Buenos_Aires
954,Departamento de O’Higgins,Chaco,AR,-27.25,-60.66667,America/Argentina/Buenos_Aires,America/Argentina/Cordoba,coordinate_polygon,high,,not_required,tzfpy-2026c,polygon lookup differs from existing America/Argentina/Buenos_Aires
955,Departamento de Paraná,Entre Ríos,AR,-31.66667,-60,America/Argentina/Buenos_Aires,America/Argentina/Cordoba,coordinate_polygon,high,,not_required,tzfpy-2026c,polygon lookup differs from existing America/Argentina/Buenos_Aires
956,Departamento de Paso de Indios,Chubut,AR,-44,-68.83333,America/Argentina/Buenos_Aires,America/Argentina/Catamarca,coordinate_polygon,high,,not_required,tzfpy-2026c,polygon lookup differs from existing America/Argentina/Buenos_Aires
957,Departamento de Paso de los Libres,Corrientes,AR,-29.66667,-57.25,America/Argentina/Buenos_Aires,America/Argentina/Cordoba,coordinate_polygon,high,,not_required,tzfpy-2026c,polygon lookup differs from existing America/Argentina/Buenos_Aires
958,Departamento de Pilcomayo,Formosa,AR,-25.5,-58.08333,America/Argentina/Buenos_Aires,America/Argentina/Cordoba,coordinate_polygon,high,,not_required,tzfpy-2026c,polygon lookup differs from existing America/Argentina/Buenos_Aires
959,Departamento de Pomán,Catamarca,AR,-28.25,-66.41667,America/Argentina/Buenos_Aires,America/Argentina/Catamarca,coordinate_polygon,high,,not_required,tzfpy-2026c,polygon lookup differs from existing America/Argentina/Buenos_Aires
960,Departamento de Presidencia de la Plaza,Chaco,AR,-27,-59.75,America/Argentina/Buenos_Aires,America/Argentina/Cordoba,coordinate_polygon,high,,not_required,tzfpy-2026c,polygon lookup differs from existing America/Argentina/Buenos_Aires
961,Departamento de Presidente Roque Sáenz Peña,Córdoba,AR,-34.25,-63.5,America/Argentina/Buenos_Aires,America/Argentina/Cordoba,coordinate_polygon,high,,not_required,tzfpy-2026c,polygon lookup differs from existing America/Argentina/Buenos_Aires
962,Departamento de Quitilipi,Chaco,AR,-26.66667,-60.16667,America/Argentina/Buenos_Aires,America/Argentina/Cordoba,coordinate_polygon,high,,not_required,tzfpy-2026c,polygon lookup differs from existing America/Argentina/Buenos_Aires
963,Departamento de Rawson,Chubut,AR,-43.12342,-65.10179,America/Argentina/Buenos_Aires,America/Argentina/Catamarca,coordinate_polygon,high,,not_required,tzfpy-2026c,polygon lookup differs from existing America/Argentina/Buenos_Aires
964,Departamento de Rawson,San Juan,AR,-31.7,-68.46667,America/Argentina/Buenos_Aires,America/Argentina/San_Juan,coordinate_polygon,high,,not_required,tzfpy-2026c,polygon lookup differs from existing America/Argentina/Buenos_Aires
965,Departamento de Rinconada,Jujuy,AR,-22.5,-66.5,America/Argentina/Buenos_Aires,America/Argentina/Jujuy,coordinate_polygon,high,,not_required,tzfpy-2026c,polygon lookup differs from existing America/Argentina/Buenos_Aires
966,Departamento de Rivadavia,San Juan,AR,-31.5645,-68.65219,America/Argentina/Buenos_Aires,America/Argentina/San_Juan,coordinate_polygon,high,,not_required,tzfpy-2026c,polygon lookup differs from existing America/Argentina/Buenos_Aires
967,Departamento de Rivadavia,Mendoza,AR,-33.18,-68.466,America/Argentina/Buenos_Aires,America/Argentina/Mendoza,coordinate_polygon,high,,not_required,tzfpy-2026c,polygon lookup differs from existing America/Argentina/Buenos_Aires
968,Departamento de Rivadavia,Salta,AR,-23.66667,-62.91667,America/Argentina/Buenos_Aires,America/Argentina/Salta,coordinate_polygon,high,,not_required,tzfpy-2026c,polygon lookup differs from existing America/Argentina/Buenos_Aires
969,Departamento de Robles,Santiago del Estero,AR,-27.83333,-63.91667,America/Argentina/Buenos_Aires,America/Argentina/Cordoba,coordinate_polygon,high,,not_required,tzfpy-2026c,polygon lookup differs from existing America/Argentina/Buenos_Aires
970,Departamento de Rosario de Lerma,Salta,AR,-24.58333,-65.83333,America/Argentina/Buenos_Aires,America/Argentina/Salta,coordinate_polygon,high,,not_required,tzfpy-2026c,polygon lookup differs from existing America/Argentina/Buenos_Aires
971,Departamento de Rosario de la Frontera,Salta,AR,-25.91667,-64.83333,America/Argentina/Buenos_Aires,America/Argentina/Salta,coordinate_polygon,high,,not_required,tzfpy-2026c,polygon lookup differs from existing America/Argentina/Buenos_Aires
972,Departamento de Río Chico,Santa Cruz,AR,-48.25,-71,America/Argentina/Buenos_Aires,America/Argentina/Rio_Gallegos,coordinate_polygon,high,,not_required,tzfpy-2026c,polygon lookup differs from existing America/Argentina/Buenos_Aires
973,Departamento de Río Chico,Tucumán,AR,-27.43368,-65.76671,America/Argentina/Buenos_Aires,America/Argentina/Tucuman,coordinate_polygon,high,,not_required,tzfpy-2026c,polygon lookup differs from existing America/Argentina/Buenos_Aires
974,Departamento de Río Cuarto,Córdoba,AR,-33.33333,-64.5,America/Argentina/Buenos_Aires,America/Argentina/Cordoba,coordinate_polygon,high,,not_required,tzfpy-2026c,polygon lookup differs from existing America/Argentina/Buenos_Aires
975,Departamento de Río Hondo,Santiago del Estero,AR,-27.58333,-64.75,America/Argentina/Buenos_Aires,America/Argentina/Cordoba,coordinate_polygon,high,,not_required,tzfpy-2026c,polygon lookup differs from existing America/Argentina/Buenos_Aires
976,Departamento de Río Primero,Córdoba,AR,-31.08333,-63.5,America/Argentina/Buenos_Aires,America/Argentina/Cordoba,coordinate_polygon,high,,not_required,tzfpy-2026c,polygon lookup differs from existing America/Argentina/Buenos_Aires
977,Departamento de Río Seco,Córdoba,AR,-30.08333,-63,America/Argentina/Buenos_Aires,America/Argentina/Cordoba,coordinate_polygon,high,,not_required,tzfpy-2026c,polygon lookup differs from existing America/Argentina/Buenos_Aires
978,Departamento de Río Segundo,Córdoba,AR,-31.75,-63.5,America/Argentina/Buenos_Aires,America/Argentina/Cordoba,coordinate_polygon,high,,not_required,tzfpy-2026c,polygon lookup differs from existing America/Argentina/Buenos_Aires
979,Departamento de Río Senguerr,Chubut,AR,-45.33333,-70.83333,America/Argentina/Buenos_Aires,America/Argentina/Catamarca,coordinate_polygon,high,,not_required,tzfpy-2026c,polygon lookup differs from existing America/Argentina/Buenos_Aires
980,Departamento de Saladas,Corrientes,AR,-28.25,-58.75,America/Argentina/Buenos_Aires,America/Argentina/Cordoba,coordinate_polygon,high,,not_required,tzfpy-2026c,polygon lookup differs from existing America/Argentina/Buenos_Aires
981,Departamento de San Alberto,Córdoba,AR,-31.75,-65.25,America/Argentina/Buenos_Aires,America/Argentina/Cordoba,coordinate_polygon,high,,not_required,tzfpy-2026c,polygon lookup differs from existing America/Argentina/Buenos_Aires
982,Departamento de San Carlos,Salta,AR,-25.75,-66.08333,America/Argentina/Buenos_Aires,America/Argentina/Salta,coordinate_polygon,high,,not_required,tzfpy-2026c,polygon lookup differs from existing America/Argentina/Buenos_Aires
983,Departamento de San Carlos,Mendoza,AR,-34,-69,America/Argentina/Buenos_Aires,America/Argentina/Mendoza,coordinate_polygon,high,,not_required,tzfpy-2026c,polygon lookup differs from existing America/Argentina/Buenos_Aires
984,Departamento de San Cosme,Corrientes,AR,-27.33333,-58.5,America/Argentina/Buenos_Aires,America/Argentina/Cordoba,coordinate_polygon,high,,not_required,tzfpy-2026c,polygon lookup differs from existing America/Argentina/Buenos_Aires
985,Departamento de San Cristóbal,Santa Fe,AR,-30.33333,-61.33333,America/Argentina/Buenos_Aires,America/Argentina/Cordoba,coordinate_polygon,high,,not_required,tzfpy-2026c,polygon lookup differs from existing America/Argentina/Buenos_Aires
986,Departamento de San Fernando,Chaco,AR,-27.66667,-59.16667,America/Argentina/Buenos_Aires,America/Argentina/Cordoba,coordinate_polygon,high,,not_required,tzfpy-2026c,polygon lookup differs from existing America/Argentina/Buenos_Aires
987,Departamento de San Ignacio,Misiones,AR,-27.25,-55.33333,America/Argentina/Buenos_Aires,America/Argentina/Cordoba,coordinate_polygon,high,,not_required,tzfpy-2026c,polygon lookup differs from existing America/Argentina/Buenos_Aires
988,Departamento de San Javier,Santa Fe,AR,-30.33333,-59.91667,America/Argentina/Buenos_Aires,America/Argentina/Cordoba,coordinate_polygon,high,,not_required,tzfpy-2026c,polygon lookup differs from existing America/Argentina/Buenos_Aires
989,Departamento de San Javier,Misiones,AR,-27.77806,-55.13004,America/Argentina/Buenos_Aires,America/Argentina/Cordoba,coordinate_polygon,high,,not_required,tzfpy-2026c,polygon lookup differs from existing America/Argentina/Buenos_Aires
990,Departamento de San Javier,Córdoba,AR,-32.08333,-65.16667,America/Argentina/Buenos_Aires,America/Argentina/Cordoba,coordinate_polygon,high,,not_required,tzfpy-2026c,polygon lookup differs from existing America/Argentina/Buenos_Aires
991,Departamento de San Justo,Córdoba,AR,-31.33333,-62.66667,America/Argentina/Buenos_Aires,America/Argentina/Cordoba,coordinate_polygon,high,,not_required,tzfpy-2026c,polygon lookup differs from existing America/Argentina/Buenos_Aires
992,Departamento de San Justo,Santa Fe,AR,-30.66667,-60.5,America/Argentina/Buenos_Aires,America/Argentina/Cordoba,coordinate_polygon,high,,not_required,tzfpy-2026c,polygon lookup differs from existing America/Argentina/Buenos_Aires
993,Departamento de San Lorenzo,Santa Fe,AR,-33,-61,America/Argentina/Buenos_Aires,America/Argentina/Cordoba,coordinate_polygon,high,,not_required,tzfpy-2026c,polygon lookup differs from existing America/Argentina/Buenos_Aires
994,Departamento de San Lorenzo,Chaco,AR,-27.33333,-60.41667,America/Argentina/Buenos_Aires,America/Argentina/Cordoba,coordinate_polygon,high,,not_required,tzfpy-2026c,polygon lookup differs from existing America/Argentina/Buenos_Aires
995,Departamento de San Luis del Palmar,Corrientes,AR,-27.5,-58.25,America/Argentina/Buenos_Aires,America/Argentina/Cordoba,coordinate_polygon,high,,not_required,tzfpy-2026c,polygon lookup differs from existing America/Argentina/Buenos_Aires
996,Departamento de San Martín,Corrientes,AR,-28.83333,-56.91667,America/Argentina/Buenos_Aires,America/Argentina/Cordoba,coordinate_polygon,high,,not_required,tzfpy-2026c,polygon lookup differs from existing America/Argentina/Buenos_Aires
997,Departamento de San Martín,Santiago del Estero,AR,-28.16667,-63.83333,America/Argentina/Buenos_Aires,America/Argentina/Cordoba,coordinate_polygon,high,,not_required,tzfpy-2026c,polygon lookup differs from existing America/Argentina/Buenos_Aires
998,Departamento de San Martín,San Juan,AR,-31.5,-68.25,America/Argentina/Buenos_Aires,America/Argentina/San_Juan,coordinate_polygon,high,,not_required,tzfpy-2026c,polygon lookup differs from existing America/Argentina/Buenos_Aires
999,Departamento de San Martín,Mendoza,AR,-32.8373,-68.24922,America/Argentina/Buenos_Aires,America/Argentina/Mendoza,coordinate_polygon,high,,not_required,tzfpy-2026c,polygon lookup differs from existing America/Argentina/Buenos_Aires
1000,Departamento de San Martín,Santa Fe,AR,-32,-61.83333,America/Argentina/Buenos_Aires,America/Argentina/Cordoba,coordinate_polygon,high,,not_required,tzfpy-2026c,polygon lookup differs from existing America/Argentina/Buenos_Aires
1001,Departamento de San Miguel,Corrientes,AR,-27.91667,-57.5,America/Argentina/Buenos_Aires,America/Argentina/Cordoba,coordinate_polygon,high,,not_required,tzfpy-2026c,polygon lookup differs from existing America/Argentina/Buenos_Aires
1002,Departamento de San Pedro,Misiones,AR,-26.66667,-54,America/Argentina/Buenos_Aires,America/Argentina/Cordoba,coordinate_polygon,high,,not_required,tzfpy-2026c,polygon lookup differs from existing America/Argentina/Buenos_Aires
1003,Departamento de San Rafael,Mendoza,AR,-35,-68.83333,America/Argentina/Buenos_Aires,America/Argentina/Mendoza,coordinate_polygon,high,,not_required,tzfpy-2026c,polygon lookup differs from existing America/Argentina/Buenos_Aires
1004,Departamento de San Roque,Corrientes,AR,-28.66667,-58.75,America/Argentina/Buenos_Aires,America/Argentina/Cordoba,coordinate_polygon,high,,not_required,tzfpy-2026c,polygon lookup differs from existing America/Argentina/Buenos_Aires
1005,Departamento de Santa Lucía,San Juan,AR,-31.53333,-68.46667,America/Argentina/Buenos_Aires,America/Argentina/San_Juan,coordinate_polygon,high,,not_required,tzfpy-2026c,polygon lookup differs from existing America/Argentina/Buenos_Aires
1006,Departamento de Santa María,Catamarca,AR,-26.66667,-66.41667,America/Argentina/Buenos_Aires,America/Argentina/Catamarca,coordinate_polygon,high,,not_required,tzfpy-2026c,polygon lookup differs from existing America/Argentina/Buenos_Aires
1007,Departamento de Santa Rosa,Catamarca,AR,-28.08333,-65.25,America/Argentina/Buenos_Aires,America/Argentina/Catamarca,coordinate_polygon,high,,not_required,tzfpy-2026c,polygon lookup differs from existing America/Argentina/Buenos_Aires
1008,Departamento de Santa Rosa,Mendoza,AR,-33.5,-68,America/Argentina/Buenos_Aires,America/Argentina/Mendoza,coordinate_polygon,high,,not_required,tzfpy-2026c,polygon lookup differs from existing America/Argentina/Buenos_Aires
1009,Departamento de Santo Tomé,Corrientes,AR,-28.25,-56.25,America/Argentina/Buenos_Aires,America/Argentina/Cordoba,coordinate_polygon,high,,not_required,tzfpy-2026c,polygon lookup differs from existing America/Argentina/Buenos_Aires
1010,Departamento de Sargento Cabral,Chaco,AR,-26.83333,-59.5,America/Argentina/Buenos_Aires,America/Argentina/Cordoba,coordinate_polygon,high,,not_required,tzfpy-2026c,polygon lookup differs from existing America/Argentina/Buenos_Aires
1011,Departamento de Sarmiento,Santiago del Estero,AR,-28.08333,-63.41667,America/Argentina/Buenos_Aires,America/Argentina/Cordoba,coordinate_polygon,high,,not_required,tzfpy-2026c,polygon lookup differs from existing America/Argentina/Buenos_Aires
1012,Departamento de Sarmiento,Chubut,AR,-45.33333,-69,America/Argentina/Buenos_Aires,America/Argentina/Catamarca,coordinate_polygon,high,,not_required,tzfpy-2026c,polygon lookup differs from existing America/Argentina/Buenos_Aires
1013,Departamento de Sarmiento,San Juan,AR,-32,-68.66667,America/Argentina/Buenos_Aires,America/Argentina/San_Juan,coordinate_polygon,high,,not_required,tzfpy-2026c,polygon lookup differs from existing America/Argentina/Buenos_Aires
1014,Departamento de Sauce,Corrientes,AR,-30,-58.66667,America/Argentina/Buenos_Aires,America/Argentina/Cordoba,coordinate_polygon,high,,not_required,tzfpy-2026c,polygon lookup differs from existing America/Argentina/Buenos_Aires
1016,Departamento de Sobremonte,Córdoba,AR,-29.66667,-64.08333,America/Argentina/Buenos_Aires,America/Argentina/Cordoba,coordinate_polygon,high,,not_required,tzfpy-2026c,polygon lookup differs from existing America/Argentina/Buenos_Aires
1017,Departamento de Tapenagá,Chaco,AR,-27.5,-59.75,America/Argentina/Buenos_Aires,America/Argentina/Cordoba,coordinate_polygon,high,,not_required,tzfpy-2026c,polygon lookup differs from existing America/Argentina/Buenos_Aires
1018,Departamento de Tehuelches,Chubut,AR,-44.22132,-70.2526,America/Argentina/Buenos_Aires,America/Argentina/Catamarca,coordinate_polygon,high,,not_required,tzfpy-2026c,polygon lookup differs from existing America/Argentina/Buenos_Aires
1019,Departamento de Telsen,Chubut,AR,-42.41667,-67.16667,America/Argentina/Buenos_Aires,America/Argentina/Catamarca,coordinate_polygon,high,,not_required,tzfpy-2026c,polygon lookup differs from existing America/Argentina/Buenos_Aires
1020,Departamento de Tinogasta,Catamarca,AR,-27.5,-68,America/Argentina/Buenos_Aires,America/Argentina/Catamarca,coordinate_polygon,high,,not_required,tzfpy-2026c,polygon lookup differs from existing America/Argentina/Buenos_Aires
1021,Departamento de Toay,La Pampa,AR,-36.58333,-64.8,America/Argentina/Buenos_Aires,America/Argentina/Salta,coordinate_polygon,high,,not_required,tzfpy-2026c,polygon lookup differs from existing America/Argentina/Buenos_Aires
1022,Departamento de Totoral,Córdoba,AR,-30.83333,-63.91667,America/Argentina/Buenos_Aires,America/Argentina/Cordoba,coordinate_polygon,high,,not_required,tzfpy-2026c,polygon lookup differs from existing America/Argentina/Buenos_Aires
1023,Departamento de Trancas,Tucumán,AR,-26.41667,-65.5,America/Argentina/Buenos_Aires,America/Argentina/Tucuman,coordinate_polygon,high,,not_required,tzfpy-2026c,polygon lookup differs from existing America/Argentina/Buenos_Aires
1024,Departamento de Tulumba,Córdoba,AR,-30.25,-63.91667,America/Argentina/Buenos_Aires,America/Argentina/Cordoba,coordinate_polygon,high,,not_required,tzfpy-2026c,polygon lookup differs from existing America/Argentina/Buenos_Aires
1025,Departamento de Tumbaya,Jujuy,AR,-23.71667,-65.66667,America/Argentina/Buenos_Aires,America/Argentina/Jujuy,coordinate_polygon,high,,not_required,tzfpy-2026c,polygon lookup differs from existing America/Argentina/Buenos_Aires
1026,Departamento de Tunuyán,Mendoza,AR,-33.66667,-69.5,America/Argentina/Buenos_Aires,America/Argentina/Mendoza,coordinate_polygon,high,,not_required,tzfpy-2026c,polygon lookup differs from existing America/Argentina/Buenos_Aires
1027,Departamento de Tupungato,Mendoza,AR,-33.25,-69.25,America/Argentina/Buenos_Aires,America/Argentina/Mendoza,coordinate_polygon,high,,not_required,tzfpy-2026c,polygon lookup differs from existing America/Argentina/Buenos_Aires
1028,Departamento de Ullúm,San Juan,AR,-31,-68.91667,America/Argentina/Buenos_Aires,America/Argentina/San_Juan,coordinate_polygon,high,,not_required,tzfpy-2026c,polygon lookup differs from existing America/Argentina/Buenos_Aires
1029,Departamento de Unión,Córdoba,AR,-32.83333,-62.75,America/Argentina/Buenos_Aires,America/Argentina/Cordoba,coordinate_polygon,high,,not_required,tzfpy-2026c,polygon lookup differs from existing America/Argentina/Buenos_Aires
1030,Departamento de Valle Viejo,Catamarca,AR,-28.58333,-65.75,America/Argentina/Buenos_Aires,America/Argentina/Catamarca,coordinate_polygon,high,,not_required,tzfpy-2026c,polygon lookup differs from existing America/Argentina/Buenos_Aires
1031,Departamento de Veinticinco de Mayo,Misiones,AR,-27.41667,-54.66667,America/Argentina/Buenos_Aires,America/Argentina/Cordoba,coordinate_polygon,high,,not_required,tzfpy-2026c,polygon lookup differs from existing America/Argentina/Buenos_Aires
1032,Departamento de Veinticinco de Mayo,Río Negro,AR,-41.25,-69,America/Argentina/Buenos_Aires,America/Argentina/Salta,coordinate_polygon,high,,not_required,tzfpy-2026c,polygon lookup differs from existing America/Argentina/Buenos_Aires
1033,Departamento de Vera,Santa Fe,AR,-29,-60.5,America/Argentina/Buenos_Aires,America/Argentina/Cordoba,coordinate_polygon,high,,not_required,tzfpy-2026c,polygon lookup differs from existing America/Argentina/Buenos_Aires
1034,Departamento de Yerba Buena,Tucumán,AR,-26.81826,-65.31733,America/Argentina/Buenos_Aires,America/Argentina/Tucuman,coordinate_polygon,high,,not_required,tzfpy-2026c,polygon lookup differs from existing America/Argentina/Buenos_Aires
1035,Departamento de Zapala,Neuquén,AR,-39,-69.83333,America/Argentina/Buenos_Aires,America/Argentina/Salta,coordinate_polygon,high,,not_required,tzfpy-2026c,polygon lookup differs from existing America/Argentina/Buenos_Aires
1036,Departamento de Zonda,San Juan,AR,-31.6826,-68.89938,America/Argentina/Buenos_Aires,America/Argentina/San_Juan,coordinate_polygon,high,,not_required,tzfpy-2026c,polygon lookup differs from existing America/Argentina/Buenos_Aires
1037,Despeñaderos,Córdoba,AR,-31.81626,-64.28989,America/Argentina/Buenos_Aires,America/Argentina/Cordoba,coordinate_polygon,high,,not_required,tzfpy-2026c,polygon lookup differs from existing America/Argentina/Buenos_Aires
1040,Diamante,Entre Ríos,AR,-32.06641,-60.63837,America/Argentina/Buenos_Aires,America/Argentina/Cordoba,coordinate_polygon,high,,not_required,tzfpy-2026c,polygon lookup differs from existing America/Argentina/Buenos_Aires
1049,El Arañado,Córdoba,AR,-31.7412,-62.89322,America/Argentina/Buenos_Aires,America/Argentina/Cordoba,coordinate_polygon,high,,not_required,tzfpy-2026c,polygon lookup differs from existing America/Argentina/Buenos_Aires
1066,Embalse,Córdoba,AR,-32.18,-64.41809,America/Argentina/Buenos_Aires,America/Argentina/Cordoba,coordinate_polygon,high,,not_required,tzfpy-2026c,polygon lookup differs from existing America/Argentina/Buenos_Aires
1075,Federación,Entre Ríos,AR,-31.00621,-57.89962,America/Argentina/Buenos_Aires,America/Argentina/Cordoba,coordinate_polygon,high,,not_required,tzfpy-2026c,polygon lookup differs from existing America/Argentina/Buenos_Aires
1076,Federal,Entre Ríos,AR,-30.95465,-58.78326,America/Argentina/Buenos_Aires,America/Argentina/Cordoba,coordinate_polygon,high,,not_required,tzfpy-2026c,polygon lookup differs from existing America/Argentina/Buenos_Aires
1077,Felipe Yofré,Corrientes,AR,-29.10226,-58.33772,America/Argentina/Buenos_Aires,America/Argentina/Cordoba,coordinate_polygon,high,,not_required,tzfpy-2026c,polygon lookup differs from existing America/Argentina/Buenos_Aires
1080,Florentino Ameghino,Misiones,AR,-27.56667,-55.13333,America/Argentina/Buenos_Aires,America/Argentina/Cordoba,coordinate_polygon,high,,not_required,tzfpy-2026c,polygon lookup differs from existing America/Argentina/Buenos_Aires
1081,Fontana,Chaco,AR,-27.41813,-59.02392,America/Argentina/Buenos_Aires,America/Argentina/Cordoba,coordinate_polygon,high,,not_required,tzfpy-2026c,polygon lookup differs from existing America/Argentina/Buenos_Aires
1087,Gaimán,Chubut,AR,-43.2897,-65.4929,America/Argentina/Buenos_Aires,America/Argentina/Catamarca,coordinate_polygon,high,,not_required,tzfpy-2026c,polygon lookup differs from existing America/Argentina/Buenos_Aires
1096,General Baldissera,Córdoba,AR,-33.12246,-62.3063,America/Argentina/Buenos_Aires,America/Argentina/Cordoba,coordinate_polygon,high,,not_required,tzfpy-2026c,polygon lookup differs from existing America/Argentina/Buenos_Aires
1102,General Enrique Mosconi,Formosa,AR,-23.21667,-62.3,America/Argentina/Buenos_Aires,America/Argentina/Cordoba,coordinate_polygon,high,,not_required,tzfpy-2026c,polygon lookup differs from existing America/Argentina/Buenos_Aires
1120,Gobernador Roca,Misiones,AR,-27.18636,-55.46433,America/Argentina/Buenos_Aires,America/Argentina/Cordoba,coordinate_polygon,high,,not_required,tzfpy-2026c,polygon lookup differs from existing America/Argentina/Buenos_Aires
1122,Godoy Cruz,Mendoza,AR,-32.92863,-68.8351,America/Argentina/Buenos_Aires,America/Argentina/Mendoza,coordinate_polygon,high,,not_required,tzfpy-2026c,polygon lookup differs from existing America/Argentina/Buenos_Aires
1126,Gualeguay,Entre Ríos,AR,-33.14156,-59.30966,America/Argentina/Buenos_Aires,America/Argentina/Cordoba,coordinate_polygon,high,,not_required,tzfpy-2026c,polygon lookup differs from existing America/Argentina/Buenos_Aires
1130,Guatraché,La Pampa,AR,-37.66776,-63.53021,America/Argentina/Buenos_Aires,America/Argentina/Salta,coordinate_polygon,high,,not_required,tzfpy-2026c,polygon lookup differs from existing America/Argentina/Buenos_Aires
1134,Herlitzka,Corrientes,AR,-27.56516,-58.25557,America/Argentina/Buenos_Aires,America/Argentina/Cordoba,coordinate_polygon,high,,not_required,tzfpy-2026c,polygon lookup differs from existing America/Argentina/Buenos_Aires
1137,Hernández,Entre Ríos,AR,-32.3373,-60.0216,America/Argentina/Buenos_Aires,America/Argentina/Cordoba,coordinate_polygon,high,,not_required,tzfpy-2026c,polygon lookup differs from existing America/Argentina/Buenos_Aires
1141,Hoyo de Epuyén,Chubut,AR,-42.07189,-71.50811,America/Argentina/Buenos_Aires,America/Argentina/Catamarca,coordinate_polygon,high,,not_required,tzfpy-2026c,polygon lookup differs from existing America/Argentina/Buenos_Aires
1151,Ingeniero Guillermo N. Juárez,Formosa,AR,-23.9,-61.85,America/Argentina/Buenos_Aires,America/Argentina/Cordoba,coordinate_polygon,high,,not_required,tzfpy-2026c,polygon lookup differs from existing America/Argentina/Buenos_Aires
1158,Iriondo Department,Santa Fe,AR,-32.63333,-61.33333,America/Argentina/Buenos_Aires,America/Argentina/Cordoba,coordinate_polygon,high,,not_required,tzfpy-2026c,polygon lookup differs from existing America/Argentina/Buenos_Aires
1162,Ituzaingó,Corrientes,AR,-27.58162,-56.68231,America/Argentina/Buenos_Aires,America/Argentina/Cordoba,coordinate_polygon,high,,not_required,tzfpy-2026c,polygon lookup differs from existing America/Argentina/Buenos_Aires
1170,Juan Martín de Pueyrredón,San Luis,AR,-33.27544,-66.32017,America/Argentina/Buenos_Aires,America/Argentina/San_Luis,coordinate_polygon,high,,not_required,tzfpy-2026c,polygon lookup differs from existing America/Argentina/Buenos_Aires
1172,Junín de los Andes,Neuquén,AR,-39.95043,-71.06936,America/Argentina/Buenos_Aires,America/Argentina/Salta,coordinate_polygon,high,,not_required,tzfpy-2026c,polygon lookup differs from existing America/Argentina/Buenos_Aires
1177,La Caldera,Salta,AR,-24.58333,-65.41667,America/Argentina/Buenos_Aires,America/Argentina/Salta,coordinate_polygon,high,,not_required,tzfpy-2026c,polygon lookup differs from existing America/Argentina/Buenos_Aires
1178,La Calera,Córdoba,AR,-31.34377,-64.33529,America/Argentina/Buenos_Aires,America/Argentina/Cordoba,coordinate_polygon,high,,not_required,tzfpy-2026c,polygon lookup differs from existing America/Argentina/Buenos_Aires
1180,La Cesira,Córdoba,AR,-33.95115,-62.97238,America/Argentina/Buenos_Aires,America/Argentina/Cordoba,coordinate_polygon,high,,not_required,tzfpy-2026c,polygon lookup differs from existing America/Argentina/Buenos_Aires
1181,La Clotilde,Chaco,AR,-27.13333,-60.66667,America/Argentina/Buenos_Aires,America/Argentina/Cordoba,coordinate_polygon,high,,not_required,tzfpy-2026c,polygon lookup differs from existing America/Argentina/Buenos_Aires
1183,La Criolla,Entre Ríos,AR,-31.26904,-58.10558,America/Argentina/Buenos_Aires,America/Argentina/Cordoba,coordinate_polygon,high,,not_required,tzfpy-2026c,polygon lookup differs from existing America/Argentina/Buenos_Aires
1197,La Puerta de San José,Catamarca,AR,-27.55,-67.01667,America/Argentina/Buenos_Aires,America/Argentina/Catamarca,coordinate_polygon,high,,not_required,tzfpy-2026c,polygon lookup differs from existing America/Argentina/Buenos_Aires
1200,La Rioja,La Rioja,AR,-29.41105,-66.85067,America/Argentina/Buenos_Aires,America/Argentina/La_Rioja,coordinate_polygon,high,,not_required,tzfpy-2026c,polygon lookup differs from existing America/Argentina/Buenos_Aires
1209,Laguna Naick-Neck,Formosa,AR,-25.24769,-58.09383,America/Argentina/Buenos_Aires,America/Argentina/Cordoba,coordinate_polygon,high,,not_required,tzfpy-2026c,polygon lookup differs from existing America/Argentina/Buenos_Aires
1219,Las Heras,Mendoza,AR,-32.85273,-68.82837,America/Argentina/Buenos_Aires,America/Argentina/Mendoza,coordinate_polygon,high,,not_required,tzfpy-2026c,polygon lookup differs from existing America/Argentina/Buenos_Aires
1220,Las Heras,Santa Cruz,AR,-46.54186,-68.93593,America/Argentina/Buenos_Aires,America/Argentina/Rio_Gallegos,coordinate_polygon,high,,not_required,tzfpy-2026c,polygon lookup differs from existing America/Argentina/Buenos_Aires
1230,Las Rosas,Santa Fe,AR,-32.47661,-61.58041,America/Argentina/Buenos_Aires,America/Argentina/Cordoba,coordinate_polygon,high,,not_required,tzfpy-2026c,polygon lookup differs from existing America/Argentina/Buenos_Aires
1236,Libertador General San Martín,Jujuy,AR,-23.80644,-64.78757,America/Argentina/Buenos_Aires,America/Argentina/Jujuy,coordinate_polygon,high,,not_required,tzfpy-2026c,polygon lookup differs from existing America/Argentina/Buenos_Aires
1263,Mainque,Río Negro,AR,-39.06667,-67.3,America/Argentina/Buenos_Aires,America/Argentina/Salta,coordinate_polygon,high,,not_required,tzfpy-2026c,polygon lookup differs from existing America/Argentina/Buenos_Aires
1272,Mariano Moreno,Neuquén,AR,-38.75029,-70.02367,America/Argentina/Buenos_Aires,America/Argentina/Salta,coordinate_polygon,high,,not_required,tzfpy-2026c,polygon lookup differs from existing America/Argentina/Buenos_Aires
1277,Mendiolaza,Córdoba,AR,-31.26738,-64.30087,America/Argentina/Buenos_Aires,America/Argentina/Cordoba,coordinate_polygon,high,,not_required,tzfpy-2026c,polygon lookup differs from existing America/Argentina/Buenos_Aires
1278,Mendoza,Mendoza,AR,-32.89084,-68.82717,America/Argentina/Buenos_Aires,America/Argentina/Mendoza,coordinate_polygon,high,,not_required,tzfpy-2026c,polygon lookup differs from existing America/Argentina/Buenos_Aires
1283,Miramar,Córdoba,AR,-30.91859,-62.67814,America/Argentina/Buenos_Aires,America/Argentina/Cordoba,coordinate_polygon,high,,not_required,tzfpy-2026c,polygon lookup differs from existing America/Argentina/Buenos_Aires
1284,Mocoretá,Corrientes,AR,-30.61891,-57.96344,America/Argentina/Buenos_Aires,America/Argentina/Cordoba,coordinate_polygon,high,,not_required,tzfpy-2026c,polygon lookup differs from existing America/Argentina/Buenos_Aires
1293,Morteros,Córdoba,AR,-30.71164,-61.99862,America/Argentina/Buenos_Aires,America/Argentina/Cordoba,coordinate_polygon,high,,not_required,tzfpy-2026c,polygon lookup differs from existing America/Argentina/Buenos_Aires
1294,Mutquín,Catamarca,AR,-28.32104,-66.14253,America/Argentina/Buenos_Aires,America/Argentina/Catamarca,coordinate_polygon,high,,not_required,tzfpy-2026c,polygon lookup differs from existing America/Argentina/Buenos_Aires
1299,Noetinger,Córdoba,AR,-32.36597,-62.31126,America/Argentina/Buenos_Aires,America/Argentina/Cordoba,coordinate_polygon,high,,not_required,tzfpy-2026c,polygon lookup differs from existing America/Argentina/Buenos_Aires
1303,Nueve de Julio,Corrientes,AR,-28.84051,-58.8265,America/Argentina/Buenos_Aires,America/Argentina/Cordoba,coordinate_polygon,high,,not_required,tzfpy-2026c,polygon lookup differs from existing America/Argentina/Buenos_Aires
1305,Obispo Trejo,Córdoba,AR,-30.78128,-63.41349,America/Argentina/Buenos_Aires,America/Argentina/Cordoba,coordinate_polygon,high,,not_required,tzfpy-2026c,polygon lookup differs from existing America/Argentina/Buenos_Aires
1326,Perito Moreno,Santa Cruz,AR,-46.58995,-70.92975,America/Argentina/Buenos_Aires,America/Argentina/Rio_Gallegos,coordinate_polygon,high,,not_required,tzfpy-2026c,polygon lookup differs from existing America/Argentina/Buenos_Aires
1328,Picada Gobernador López,Misiones,AR,-27.67069,-55.24585,America/Argentina/Buenos_Aires,America/Argentina/Cordoba,coordinate_polygon,high,,not_required,tzfpy-2026c,polygon lookup differs from existing America/Argentina/Buenos_Aires
1341,Porteña,Córdoba,AR,-31.01391,-62.0665,America/Argentina/Buenos_Aires,America/Argentina/Cordoba,coordinate_polygon,high,,not_required,tzfpy-2026c,polygon lookup differs from existing America/Argentina/Buenos_Aires
1342,Posadas,Misiones,AR,-27.36708,-55.89608,America/Argentina/Buenos_Aires,America/Argentina/Cordoba,coordinate_polygon,high,,not_required,tzfpy-2026c,polygon lookup differs from existing America/Argentina/Buenos_Aires
1350,Puerta de Corral Quemado,Catamarca,AR,-27.23,-66.93635,America/Argentina/Buenos_Aires,America/Argentina/Catamarca,coordinate_polygon,high,,not_required,tzfpy-2026c,polygon lookup differs from existing America/Argentina/Buenos_Aires
1352,Puerto Deseado,Santa Cruz,AR,-47.75034,-65.89382,America/Argentina/Buenos_Aires,America/Argentina/Rio_Gallegos,coordinate_polygon,high,,not_required,tzfpy-2026c,polygon lookup differs from existing America/Argentina/Buenos_Aires
1363,Puerto Tirol,Chaco,AR,-27.37218,-59.08206,America/Argentina/Buenos_Aires,America/Argentina/Cordoba,coordinate_polygon,high,,not_required,tzfpy-2026c,polygon lookup differs from existing America/Argentina/Buenos_Aires
1372,Rafaela,Santa Fe,AR,-31.25033,-61.4867,America/Argentina/Buenos_Aires,America/Argentina/Cordoba,coordinate_polygon,high,,not_required,tzfpy-2026c,polygon lookup differs from existing America/Argentina/Buenos_Aires
1373,Rancul,La Pampa,AR,-35.06862,-64.68107,America/Argentina/Buenos_Aires,America/Argentina/Salta,coordinate_polygon,high,,not_required,tzfpy-2026c,polygon lookup differs from existing America/Argentina/Buenos_Aires
1374,Rawson,Chubut,AR,-43.30016,-65.10228,America/Argentina/Buenos_Aires,America/Argentina/Catamarca,coordinate_polygon,high,,not_required,tzfpy-2026c,polygon lookup differs from existing America/Argentina/Buenos_Aires
1385,Rosario del Tala,Entre Ríos,AR,-32.30286,-59.14545,America/Argentina/Buenos_Aires,America/Argentina/Cordoba,coordinate_polygon,high,,not_required,tzfpy-2026c,polygon lookup differs from existing America/Argentina/Buenos_Aires
1388,Río Ceballos,Córdoba,AR,-31.16486,-64.32241,America/Argentina/Buenos_Aires,America/Argentina/Cordoba,coordinate_polygon,high,,not_required,tzfpy-2026c,polygon lookup differs from existing America/Argentina/Buenos_Aires
1389,Río Colorado,Río Negro,AR,-38.99397,-64.09295,America/Argentina/Buenos_Aires,America/Argentina/Salta,coordinate_polygon,high,,not_required,tzfpy-2026c,polygon lookup differs from existing America/Argentina/Buenos_Aires
1390,Río Cuarto,Córdoba,AR,-33.13067,-64.34992,America/Argentina/Buenos_Aires,America/Argentina/Cordoba,coordinate_polygon,high,,not_required,tzfpy-2026c,polygon lookup differs from existing America/Argentina/Buenos_Aires
1391,Río Gallegos,Santa Cruz,AR,-51.62261,-69.21813,America/Argentina/Buenos_Aires,America/Argentina/Rio_Gallegos,coordinate_polygon,high,,not_required,tzfpy-2026c,polygon lookup differs from existing America/Argentina/Buenos_Aires
1398,Sacanta,Córdoba,AR,-31.663,-63.04505,America/Argentina/Buenos_Aires,America/Argentina/Cordoba,coordinate_polygon,high,,not_required,tzfpy-2026c,polygon lookup differs from existing America/Argentina/Buenos_Aires
1400,Saldán,Córdoba,AR,-31.30262,-64.307,America/Argentina/Buenos_Aires,America/Argentina/Cordoba,coordinate_polygon,high,,not_required,tzfpy-2026c,polygon lookup differs from existing America/Argentina/Buenos_Aires
1402,Salsipuedes,Córdoba,AR,-31.13725,-64.29589,America/Argentina/Buenos_Aires,America/Argentina/Cordoba,coordinate_polygon,high,,not_required,tzfpy-2026c,polygon lookup differs from existing America/Argentina/Buenos_Aires
1403,Salta,Salta,AR,-24.7859,-65.41166,America/Argentina/Buenos_Aires,America/Argentina/Salta,coordinate_polygon,high,,not_required,tzfpy-2026c,polygon lookup differs from existing America/Argentina/Buenos_Aires
1415,San Carlos,Córdoba,AR,-31.17761,-65.10245,America/Argentina/Buenos_Aires,America/Argentina/Cordoba,coordinate_polygon,high,,not_required,tzfpy-2026c,polygon lookup differs from existing America/Argentina/Buenos_Aires
1421,San Fernando del Valle de Catamarca,Catamarca,AR,-28.46957,-65.78524,America/Argentina/Buenos_Aires,America/Argentina/Catamarca,coordinate_polygon,high,,not_required,tzfpy-2026c,polygon lookup differs from existing America/Argentina/Buenos_Aires
1434,San Julián,Santa Cruz,AR,-49.30554,-67.72743,America/Argentina/Buenos_Aires,America/Argentina/Rio_Gallegos,coordinate_polygon,high,,not_required,tzfpy-2026c,polygon lookup differs from existing America/Argentina/Buenos_Aires
1438,San Luis,San Luis,AR,-33.29501,-66.33563,America/Argentina/Buenos_Aires,America/Argentina/San_Luis,coordinate_polygon,high,,not_required,tzfpy-2026c,polygon lookup differs from existing America/Argentina/Buenos_Aires
1440,San Martín,Mendoza,AR,-33.08103,-68.46814,America/Argentina/Buenos_Aires,America/Argentina/Mendoza,coordinate_polygon,high,,not_required,tzfpy-2026c,polygon lookup differs from existing America/Argentina/Buenos_Aires
1441,San Martín,San Juan,AR,-31.42957,-68.50065,America/Argentina/Buenos_Aires,America/Argentina/San_Juan,coordinate_polygon,high,,not_required,tzfpy-2026c,polygon lookup differs from existing America/Argentina/Buenos_Aires
1444,San Miguel de Tucumán,Tucumán,AR,-26.82414,-65.2226,America/Argentina/Buenos_Aires,America/Argentina/Tucuman,coordinate_polygon,high,,not_required,tzfpy-2026c,polygon lookup differs from existing America/Argentina/Buenos_Aires
1445,San Pedro,Santiago del Estero,AR,-27.95386,-65.16651,America/Argentina/Buenos_Aires,America/Argentina/Cordoba,coordinate_polygon,high,,not_required,tzfpy-2026c,polygon lookup differs from existing America/Argentina/Buenos_Aires
1459,Santa Isabel,La Pampa,AR,-36.22724,-66.9424,America/Argentina/Buenos_Aires,America/Argentina/Salta,coordinate_polygon,high,,not_required,tzfpy-2026c,polygon lookup differs from existing America/Argentina/Buenos_Aires
1460,Santa Lucía,San Juan,AR,-31.53987,-68.49503,America/Argentina/Buenos_Aires,America/Argentina/San_Juan,coordinate_polygon,high,,not_required,tzfpy-2026c,polygon lookup differs from existing America/Argentina/Buenos_Aires
1462,Santa Magdalena,Córdoba,AR,-34.51776,-63.94409,America/Argentina/Buenos_Aires,America/Argentina/Cordoba,coordinate_polygon,high,,not_required,tzfpy-2026c,polygon lookup differs from existing America/Argentina/Buenos_Aires
1465,Santa Rosa,La Pampa,AR,-36.61667,-64.28333,America/Argentina/Buenos_Aires,America/Argentina/Salta,coordinate_polygon,high,,not_required,tzfpy-2026c,polygon lookup differs from existing America/Argentina/Buenos_Aires
1467,Santa Rosa de Calamuchita,Córdoba,AR,-32.06905,-64.53631,America/Argentina/Buenos_Aires,America/Argentina/Cordoba,coordinate_polygon,high,,not_required,tzfpy-2026c,polygon lookup differs from existing America/Argentina/Buenos_Aires
1469,Santa Rosa de Tastil,Salta,AR,-24.45166,-65.97452,America/Argentina/Buenos_Aires,America/Argentina/Salta,coordinate_polygon,high,,not_required,tzfpy-2026c,polygon lookup differs from existing America/Argentina/Buenos_Aires
1482,Seguí,Entre Ríos,AR,-31.95642,-60.12488,America/Argentina/Buenos_Aires,America/Argentina/Cordoba,coordinate_polygon,high,,not_required,tzfpy-2026c,polygon lookup differs from existing America/Argentina/Buenos_Aires
1489,Sumampa,Santiago del Estero,AR,-29.3847,-63.46907,America/Argentina/Buenos_Aires,America/Argentina/Cordoba,coordinate_polygon,high,,not_required,tzfpy-2026c,polygon lookup differs from existing America/Argentina/Buenos_Aires
1498,Tartagal,Salta,AR,-22.51637,-63.80131,America/Argentina/Buenos_Aires,America/Argentina/Salta,coordinate_polygon,high,,not_required,tzfpy-2026c,polygon lookup differs from existing America/Argentina/Buenos_Aires
1514,Tres Capones,Misiones,AR,-28.00641,-55.60471,America/Argentina/Buenos_Aires,America/Argentina/Cordoba,coordinate_polygon,high,,not_required,tzfpy-2026c,polygon lookup differs from existing America/Argentina/Buenos_Aires
1521,Unquillo,Córdoba,AR,-31.23073,-64.31615,America/Argentina/Buenos_Aires,America/Argentina/Cordoba,coordinate_polygon,high,,not_required,tzfpy-2026c,polygon lookup differs from existing America/Argentina/Buenos_Aires
1522,Urdinarrain,Entre Ríos,AR,-32.68573,-58.89323,America/Argentina/Buenos_Aires,America/Argentina/Cordoba,coordinate_polygon,high,,not_required,tzfpy-2026c,polygon lookup differs from existing America/Argentina/Buenos_Aires
1527,Veinticinco de Mayo,La Pampa,AR,-37.7741,-67.71638,America/Argentina/Buenos_Aires,America/Argentina/Salta,coordinate_polygon,high,,not_required,tzfpy-2026c,polygon lookup differs from existing America/Argentina/Buenos_Aires
1536,Viedma,Río Negro,AR,-40.81345,-62.99668,America/Argentina/Buenos_Aires,America/Argentina/Salta,coordinate_polygon,high,,not_required,tzfpy-2026c,polygon lookup differs from existing America/Argentina/Buenos_Aires
1544,Villa Carlos Paz,Córdoba,AR,-31.42414,-64.49778,America/Argentina/Buenos_Aires,America/Argentina/Cordoba,coordinate_polygon,high,,not_required,tzfpy-2026c,polygon lookup differs from existing America/Argentina/Buenos_Aires
1574,Villa Regina,Río Negro,AR,-39.1,-67.06667,America/Argentina/Buenos_Aires,America/Argentina/Salta,coordinate_polygon,high,,not_required,tzfpy-2026c,polygon lookup differs from existing America/Argentina/Buenos_Aires
1581,Villa de Soto,Córdoba,AR,-30.85523,-64.99947,America/Argentina/Buenos_Aires,America/Argentina/Cordoba,coordinate_polygon,high,,not_required,tzfpy-2026c,polygon lookup differs from existing America/Argentina/Buenos_Aires
1586,Villa Ángela,Chaco,AR,-27.57383,-60.71526,America/Argentina/Buenos_Aires,America/Argentina/Cordoba,coordinate_polygon,high,,not_required,tzfpy-2026c,polygon lookup differs from existing America/Argentina/Buenos_Aires
1589,Vista Alegre,Neuquén,AR,-38.75,-68.18333,America/Argentina/Buenos_Aires,America/Argentina/Salta,coordinate_polygon,high,,not_required,tzfpy-2026c,polygon lookup differs from existing America/Argentina/Buenos_Aires
1593,Yacimiento Río Turbio,Santa Cruz,AR,-51.57321,-72.3508,America/Argentina/Buenos_Aires,America/Argentina/Rio_Gallegos,coordinate_polygon,high,,not_required,tzfpy-2026c,polygon lookup differs from existing America/Argentina/Buenos_Aires
1595,Yataity Calle,Corrientes,AR,-29.01913,-58.90846,America/Argentina/Buenos_Aires,America/Argentina/Cordoba,coordinate_polygon,high,,not_required,tzfpy-2026c,polygon lookup differs from existing America/Argentina/Buenos_Aires
1596,Yerba Buena,Tucumán,AR,-26.81667,-65.31667,America/Argentina/Buenos_Aires,America/Argentina/Tucuman,coordinate_polygon,high,,not_required,tzfpy-2026c,polygon lookup differs from existing America/Argentina/Buenos_Aires
1598,Zapala,Neuquén,AR,-38.89916,-70.05442,America/Argentina/Buenos_Aires,America/Argentina/Salta,coordinate_polygon,high,,not_required,tzfpy-2026c,polygon lookup differs from existing America/Argentina/Buenos_Aires
4420,Broken Hill,New South Wales,AU,-31.9652,141.4512,Australia/Sydney,Australia/Broken_Hill,coordinate_polygon,high,,not_required,tzfpy-2026c,polygon lookup differs from existing Australia/Sydney
4421,Broken Hill Municipality,New South Wales,AU,-31.95,141.43333,Australia/Sydney,Australia/Broken_Hill,coordinate_polygon,high,,not_required,tzfpy-2026c,polygon lookup differs from existing Australia/Sydney
7840,Whitsundays,Queensland,AU,-20.11943,148.91325,Australia/Brisbane,Australia/Lindeman,coordinate_polygon,high,,not_required,tzfpy-2026c,polygon lookup differs from existing Australia/Brisbane
10063,Abel Figueiredo,Pará,BR,-4.94378,-48.42275,America/Sao_Paulo,America/Belem,coordinate_polygon,high,,not_required,tzfpy-2026c,polygon lookup differs from existing America/Sao_Paulo
10067,Abreulândia,Tocantins,BR,-9.43672,-49.31733,America/Sao_Paulo,America/Araguaina,coordinate_polygon,high,,not_required,tzfpy-2026c,polygon lookup differs from existing America/Sao_Paulo
10088,Afonso Cunha,Maranhão,BR,-4.21479,-43.29743,America/Belem,America/Fortaleza,coordinate_polygon,high,,not_required,tzfpy-2026c,polygon lookup differs from existing America/Belem
10100,Aguiar,Paraíba,BR,-7.0762,-38.24255,America/Recife,America/Fortaleza,coordinate_polygon,high,,not_required,tzfpy-2026c,polygon lookup differs from existing America/Recife
10101,Aguiarnópolis,Tocantins,BR,-6.48176,-47.51435,America/Sao_Paulo,America/Araguaina,coordinate_polygon,high,,not_required,tzfpy-2026c,polygon lookup differs from existing America/Sao_Paulo
10108,Alagoa Grande,Paraíba,BR,-7.07831,-35.59525,America/Recife,America/Fortaleza,coordinate_polygon,high,,not_required,tzfpy-2026c,polygon lookup differs from existing America/Recife
10109,Alagoa Nova,Paraíba,BR,-7.04733,-35.75397,America/Recife,America/Fortaleza,coordinate_polygon,high,,not_required,tzfpy-2026c,polygon lookup differs from existing America/Recife
10110,Alagoinha,Paraíba,BR,-6.96256,-35.51465,America/Recife,America/Fortaleza,coordinate_polygon,high,,not_required,tzfpy-2026c,polygon lookup differs from existing America/Recife
10116,Alcantil,Paraíba,BR,-7.69816,-36.06604,America/Recife,America/Fortaleza,coordinate_polygon,high,,not_required,tzfpy-2026c,polygon lookup differs from existing America/Recife
10119,Alcântara,Maranhão,BR,-2.32768,-44.50617,America/Belem,America/Fortaleza,coordinate_polygon,high,,not_required,tzfpy-2026c,polygon lookup differs from existing America/Belem
10121,Aldeias Altas,Maranhão,BR,-4.58522,-43.46277,America/Belem,America/Fortaleza,coordinate_polygon,high,,not_required,tzfpy-2026c,polygon lookup differs from existing America/Belem
10127,Alenquer,Pará,BR,-0.85422,-54.94506,America/Sao_Paulo,America/Santarem,coordinate_polygon,high,,not_required,tzfpy-2026c,polygon lookup differs from existing America/Sao_Paulo
10135,Algodão de Jandaíra,Paraíba,BR,-6.86987,-35.97724,America/Recife,America/Fortaleza,coordinate_polygon,high,,not_required,tzfpy-2026c,polygon lookup differs from existing America/Recife
10136,Alhandra,Paraíba,BR,-7.35043,-34.92835,America/Recife,America/Fortaleza,coordinate_polygon,high,,not_required,tzfpy-2026c,polygon lookup differs from existing America/Recife
10138,Aliança do Tocantins,Tocantins,BR,-11.32864,-48.95855,America/Sao_Paulo,America/Araguaina,coordinate_polygon,high,,not_required,tzfpy-2026c,polygon lookup differs from existing America/Sao_Paulo
10140,Almas,Tocantins,BR,-11.43527,-47.23635,America/Sao_Paulo,America/Araguaina,coordinate_polygon,high,,not_required,tzfpy-2026c,polygon lookup differs from existing America/Sao_Paulo
10141,Almeirim,Pará,BR,0.47621,-53.87297,America/Sao_Paulo,America/Santarem,coordinate_polygon,high,,not_required,tzfpy-2026c,polygon lookup differs from existing America/Sao_Paulo
10154,Altamira do Maranhão,Maranhão,BR,-4.14072,-45.46154,America/Belem,America/Fortaleza,coordinate_polygon,high,,not_required,tzfpy-2026c,polygon lookup differs from existing America/Belem
10162,Alto Alegre do Maranhão,Maranhão,BR,-4.20288,-44.41966,America/Belem,America/Fortaleza,coordinate_polygon,high,,not_required,tzfpy-2026c,polygon lookup differs from existing America/Belem
10163,Alto Alegre do Pindaré,Maranhão,BR,-3.83592,-46.03871,America/Belem,America/Fortaleza,coordinate_polygon,high,,not_required,tzfpy-2026c,polygon lookup differs from existing America/Belem
10179,Alto Parnaíba,Maranhão,BR,-9.5348,-46.13899,America/Belem,America/Fortaleza,coordinate_polygon,high,,not_required,tzfpy-2026c,polygon lookup differs from existing America/Belem
10204,Amapá,Amapá,BR,1.85706,-50.84374,America/Sao_Paulo,America/Belem,coordinate_polygon,high,,not_required,tzfpy-2026c,polygon lookup differs from existing America/Sao_Paulo
10205,Amapá do Maranhão,Maranhão,BR,-1.6947,-45.92994,America/Belem,America/Fortaleza,coordinate_polygon,high,,not_required,tzfpy-2026c,polygon lookup differs from existing America/Belem
10210,Amarante do Maranhão,Maranhão,BR,-5.56939,-46.64105,America/Belem,America/Fortaleza,coordinate_polygon,high,,not_required,tzfpy-2026c,polygon lookup differs from existing America/Belem
10219,Amparo,Paraíba,BR,-7.55889,-37.03372,America/Recife,America/Fortaleza,coordinate_polygon,high,,not_required,tzfpy-2026c,polygon lookup differs from existing America/Recife
10230,Anajatuba,Maranhão,BR,-3.27409,-44.53278,America/Belem,America/Fortaleza,coordinate_polygon,high,,not_required,tzfpy-2026c,polygon lookup differs from existing America/Belem
10231,Anajás,Pará,BR,-0.86015,-50.0397,America/Sao_Paulo,America/Belem,coordinate_polygon,high,,not_required,tzfpy-2026c,polygon lookup differs from existing America/Sao_Paulo
10235,Ananás,Tocantins,BR,-6.14621,-48.21505,America/Sao_Paulo,America/Araguaina,coordinate_polygon,high,,not_required,tzfpy-2026c,polygon lookup differs from existing America/Sao_Paulo
10236,Anapu,Pará,BR,-3.88583,-51.33796,America/Sao_Paulo,America/Belem,coordinate_polygon,high,,not_required,tzfpy-2026c,polygon lookup differs from existing America/Sao_Paulo
10237,Anapurus,Maranhão,BR,-3.56073,-43.04307,America/Belem,America/Fortaleza,coordinate_polygon,high,,not_required,tzfpy-2026c,polygon lookup differs from existing America/Belem
10255,Angico,Tocantins,BR,-6.34335,-47.93112,America/Sao_Paulo,America/Araguaina,coordinate_polygon,high,,not_required,tzfpy-2026c,polygon lookup differs from existing America/Sao_Paulo
10284,Aparecida,Paraíba,BR,-6.80925,-38.07182,America/Recife,America/Fortaleza,coordinate_polygon,high,,not_required,tzfpy-2026c,polygon lookup differs from existing America/Recife
10289,Aparecida do Rio Negro,Tocantins,BR,-10.06183,-47.96514,America/Sao_Paulo,America/Araguaina,coordinate_polygon,high,,not_required,tzfpy-2026c,polygon lookup differs from existing America/Sao_Paulo
10295,Apicum-Açu,Maranhão,BR,-1.48035,-45.0854,America/Belem,America/Fortaleza,coordinate_polygon,high,,not_required,tzfpy-2026c,polygon lookup differs from existing America/Belem
10317,Aragominas,Tocantins,BR,-6.89259,-48.61589,America/Sao_Paulo,America/Araguaina,coordinate_polygon,high,,not_required,tzfpy-2026c,polygon lookup differs from existing America/Sao_Paulo
10318,Araguacema,Tocantins,BR,-8.91352,-49.40915,America/Sao_Paulo,America/Araguaina,coordinate_polygon,high,,not_required,tzfpy-2026c,polygon lookup differs from existing America/Sao_Paulo
10321,Araguanã,Maranhão,BR,-3.04178,-45.75874,America/Belem,America/Fortaleza,coordinate_polygon,high,,not_required,tzfpy-2026c,polygon lookup differs from existing America/Belem
10322,Araguanã,Tocantins,BR,-6.76634,-48.52702,America/Sao_Paulo,America/Araguaina,coordinate_polygon,high,,not_required,tzfpy-2026c,polygon lookup differs from existing America/Sao_Paulo
10325,Araguatins,Tocantins,BR,-5.64071,-48.08859,America/Sao_Paulo,America/Araguaina,coordinate_polygon,high,,not_required,tzfpy-2026c,polygon lookup differs from existing America/Sao_Paulo
10326,Araguaçu,Tocantins,BR,-12.72579,-49.74942,America/Sao_Paulo,America/Araguaina,coordinate_polygon,high,,not_required,tzfpy-2026c,polygon lookup differs from existing America/Sao_Paulo
10327,Araguaína,Tocantins,BR,-7.31139,-48.62113,America/Sao_Paulo,America/Araguaina,coordinate_polygon,high,,not_required,tzfpy-2026c,polygon lookup differs from existing America/Sao_Paulo
10328,Araioses,Maranhão,BR,-2.89792,-42.02298,America/Belem,America/Fortaleza,coordinate_polygon,high,,not_required,tzfpy-2026c,polygon lookup differs from existing America/Belem
10332,Arame,Maranhão,BR,-5.03155,-45.86324,America/Belem,America/Fortaleza,coordinate_polygon,high,,not_required,tzfpy-2026c,polygon lookup differs from existing America/Belem
10338,Arapoema,Tocantins,BR,-7.71941,-49.03285,America/Sao_Paulo,America/Araguaina,coordinate_polygon,high,,not_required,tzfpy-2026c,polygon lookup differs from existing America/Sao_Paulo
10347,Arara,Paraíba,BR,-6.82833,-35.75833,America/Recife,America/Fortaleza,coordinate_polygon,high,,not_required,tzfpy-2026c,polygon lookup differs from existing America/Recife
10352,Arari,Maranhão,BR,-3.45361,-44.78,America/Belem,America/Fortaleza,coordinate_polygon,high,,not_required,tzfpy-2026c,polygon lookup differs from existing America/Belem
10357,Araruna,Paraíba,BR,-6.55833,-35.74167,America/Recife,America/Fortaleza,coordinate_polygon,high,,not_required,tzfpy-2026c,polygon lookup differs from existing America/Recife
10366,Araçagi,Paraíba,BR,-6.85419,-35.36047,America/Recife,America/Fortaleza,coordinate_polygon,high,,not_required,tzfpy-2026c,polygon lookup differs from existing America/Recife
10383,Areia,Paraíba,BR,-6.94723,-35.66927,America/Recife,America/Fortaleza,coordinate_polygon,high,,not_required,tzfpy-2026c,polygon lookup differs from existing America/Recife
10386,Areia de Baraúnas,Paraíba,BR,-7.11328,-36.97177,America/Recife,America/Fortaleza,coordinate_polygon,high,,not_required,tzfpy-2026c,polygon lookup differs from existing America/Recife
10387,Areial,Paraíba,BR,-7.04397,-35.92622,America/Recife,America/Fortaleza,coordinate_polygon,high,,not_required,tzfpy-2026c,polygon lookup differs from existing America/Recife
10405,Aroeiras,Paraíba,BR,-7.52057,-35.69927,America/Recife,America/Fortaleza,coordinate_polygon,high,,not_required,tzfpy-2026c,polygon lookup differs from existing America/Recife
10409,Arraias,Tocantins,BR,-12.8411,-46.90868,America/Sao_Paulo,America/Araguaina,coordinate_polygon,high,,not_required,tzfpy-2026c,polygon lookup differs from existing America/Sao_Paulo
10430,Assunção,Paraíba,BR,-7.07371,-36.69894,America/Recife,America/Fortaleza,coordinate_polygon,high,,not_required,tzfpy-2026c,polygon lookup differs from existing America/Recife
10436,Atalaia do Norte,Amazonas,BR,-5.66448,-71.82776,America/Manaus,America/Eirunepe,coordinate_polygon,high,,not_required,tzfpy-2026c,polygon lookup differs from existing America/Manaus
10440,Atins,Maranhão,BR,-2.57017,-42.74229,America/Belem,America/Fortaleza,coordinate_polygon,high,,not_required,tzfpy-2026c,polygon lookup differs from existing America/Belem
10442,Augustinópolis,Tocantins,BR,-5.5108,-47.91538,America/Sao_Paulo,America/Araguaina,coordinate_polygon,high,,not_required,tzfpy-2026c,polygon lookup differs from existing America/Sao_Paulo
10452,Aurora do Pará,Pará,BR,-2.30323,-47.75621,America/Sao_Paulo,America/Belem,coordinate_polygon,high,,not_required,tzfpy-2026c,polygon lookup differs from existing America/Sao_Paulo
10453,Aurora do Tocantins,Tocantins,BR,-12.61624,-46.44441,America/Sao_Paulo,America/Araguaina,coordinate_polygon,high,,not_required,tzfpy-2026c,polygon lookup differs from existing America/Sao_Paulo
10458,Aveiro,Pará,BR,-3.66721,-56.01637,America/Sao_Paulo,America/Santarem,coordinate_polygon,high,,not_required,tzfpy-2026c,polygon lookup differs from existing America/Sao_Paulo
10461,Axixá,Maranhão,BR,-2.84586,-44.10516,America/Belem,America/Fortaleza,coordinate_polygon,high,,not_required,tzfpy-2026c,polygon lookup differs from existing America/Belem
10463,Açailândia,Maranhão,BR,-4.69214,-47.34302,America/Belem,America/Fortaleza,coordinate_polygon,high,,not_required,tzfpy-2026c,polygon lookup differs from existing America/Belem
10467,Bacabal,Maranhão,BR,-4.29167,-44.79167,America/Belem,America/Fortaleza,coordinate_polygon,high,,not_required,tzfpy-2026c,polygon lookup differs from existing America/Belem
10468,Bacabeira,Maranhão,BR,-2.86866,-44.34505,America/Belem,America/Fortaleza,coordinate_polygon,high,,not_required,tzfpy-2026c,polygon lookup differs from existing America/Belem
10469,Bacuri,Maranhão,BR,-1.65142,-45.21995,America/Belem,America/Fortaleza,coordinate_polygon,high,,not_required,tzfpy-2026c,polygon lookup differs from existing America/Belem
10470,Bacurituba,Maranhão,BR,-2.64645,-44.65477,America/Belem,America/Fortaleza,coordinate_polygon,high,,not_required,tzfpy-2026c,polygon lookup differs from existing America/Belem
10473,Bagre,Pará,BR,-2.40166,-50.16628,America/Sao_Paulo,America/Belem,coordinate_polygon,high,,not_required,tzfpy-2026c,polygon lookup differs from existing America/Sao_Paulo
10492,Balsas,Maranhão,BR,-7.5325,-46.03556,America/Belem,America/Fortaleza,coordinate_polygon,high,,not_required,tzfpy-2026c,polygon lookup differs from existing America/Belem
10496,Bananeiras,Paraíba,BR,-6.75,-35.63333,America/Recife,America/Fortaleza,coordinate_polygon,high,,not_required,tzfpy-2026c,polygon lookup differs from existing America/Recife
10502,Bandeirantes do Tocantins,Tocantins,BR,-8.00418,-48.68223,America/Sao_Paulo,America/Araguaina,coordinate_polygon,high,,not_required,tzfpy-2026c,polygon lookup differs from existing America/Sao_Paulo
10503,Bannach,Pará,BR,-7.46864,-50.65904,America/Sao_Paulo,America/Belem,coordinate_polygon,high,,not_required,tzfpy-2026c,polygon lookup differs from existing America/Sao_Paulo
10505,Baraúna,Paraíba,BR,-6.61853,-36.26964,America/Recife,America/Fortaleza,coordinate_polygon,high,,not_required,tzfpy-2026c,polygon lookup differs from existing America/Recife
10525,Barra de Santa Rosa,Paraíba,BR,-6.79042,-36.00175,America/Recife,America/Fortaleza,coordinate_polygon,high,,not_required,tzfpy-2026c,polygon lookup differs from existing America/Recife
10526,Barra de Santana,Paraíba,BR,-7.59054,-35.98824,America/Recife,America/Fortaleza,coordinate_polygon,high,,not_required,tzfpy-2026c,polygon lookup differs from existing America/Recife
10530,Barra de São Miguel,Paraíba,BR,-7.7164,-36.25481,America/Recife,America/Fortaleza,coordinate_polygon,high,,not_required,tzfpy-2026c,polygon lookup differs from existing America/Recife
10534,Barra do Corda,Maranhão,BR,-5.50556,-45.24333,America/Belem,America/Fortaleza,coordinate_polygon,high,,not_required,tzfpy-2026c,polygon lookup differs from existing America/Belem
10539,Barra do Ouro,Tocantins,BR,-7.75845,-47.58781,America/Sao_Paulo,America/Araguaina,coordinate_polygon,high,,not_required,tzfpy-2026c,polygon lookup differs from existing America/Sao_Paulo
10554,Barreirinhas,Maranhão,BR,-2.75136,-42.83432,America/Belem,America/Fortaleza,coordinate_polygon,high,,not_required,tzfpy-2026c,polygon lookup differs from existing America/Belem
10565,Barrolândia,Tocantins,BR,-9.84999,-48.83437,America/Sao_Paulo,America/Araguaina,coordinate_polygon,high,,not_required,tzfpy-2026c,polygon lookup differs from existing America/Sao_Paulo
10574,Barão de Grajaú,Maranhão,BR,-6.62978,-43.20317,America/Belem,America/Fortaleza,coordinate_polygon,high,,not_required,tzfpy-2026c,polygon lookup differs from existing America/Belem
10587,Bayeux,Paraíba,BR,-7.12136,-34.91725,America/Recife,America/Fortaleza,coordinate_polygon,high,,not_required,tzfpy-2026c,polygon lookup differs from existing America/Recife
10589,Baía da Traição,Paraíba,BR,-6.66287,-34.97272,America/Recife,America/Fortaleza,coordinate_polygon,high,,not_required,tzfpy-2026c,polygon lookup differs from existing America/Recife
10598,Bela Vista do Maranhão,Maranhão,BR,-3.7914,-45.29546,America/Belem,America/Fortaleza,coordinate_polygon,high,,not_required,tzfpy-2026c,polygon lookup differs from existing America/Belem
10612,Belterra,Pará,BR,-3.01258,-54.99128,America/Sao_Paulo,America/Santarem,coordinate_polygon,high,,not_required,tzfpy-2026c,polygon lookup differs from existing America/Sao_Paulo
10613,Belágua,Maranhão,BR,-3.08799,-43.45673,America/Belem,America/Fortaleza,coordinate_polygon,high,,not_required,tzfpy-2026c,polygon lookup differs from existing America/Belem
10614,Belém,Paraíba,BR,-6.69167,-35.53333,America/Recife,America/Fortaleza,coordinate_polygon,high,,not_required,tzfpy-2026c,polygon lookup differs from existing America/Recife
10619,Belém do Brejo do Cruz,Paraíba,BR,-6.18861,-37.53583,America/Recife,America/Fortaleza,coordinate_polygon,high,,not_required,tzfpy-2026c,polygon lookup differs from existing America/Recife
10623,Benedito Leite,Maranhão,BR,-7.10697,-44.58763,America/Belem,America/Fortaleza,coordinate_polygon,high,,not_required,tzfpy-2026c,polygon lookup differs from existing America/Belem
10626,Benjamin Constant,Amazonas,BR,-4.37555,-70.03179,America/Manaus,America/Eirunepe,coordinate_polygon,high,,not_required,tzfpy-2026c,polygon lookup differs from existing America/Manaus
10631,Bequimão,Maranhão,BR,-2.44889,-44.7825,America/Belem,America/Fortaleza,coordinate_polygon,high,,not_required,tzfpy-2026c,polygon lookup differs from existing America/Belem
10634,Bernardino Batista,Paraíba,BR,-6.47656,-38.56998,America/Recife,America/Fortaleza,coordinate_polygon,high,,not_required,tzfpy-2026c,polygon lookup differs from existing America/Recife
10636,Bernardo Sayão,Tocantins,BR,-7.97377,-48.98609,America/Sao_Paulo,America/Araguaina,coordinate_polygon,high,,not_required,tzfpy-2026c,polygon lookup differs from existing America/Sao_Paulo
10637,Bernardo do Mearim,Maranhão,BR,-4.67175,-44.64279,America/Belem,America/Fortaleza,coordinate_polygon,high,,not_required,tzfpy-2026c,polygon lookup differs from existing America/Belem
10664,Boa Ventura,Paraíba,BR,-7.45676,-38.17678,America/Recife,America/Fortaleza,coordinate_polygon,high,,not_required,tzfpy-2026c,polygon lookup differs from existing America/Recife
10667,Boa Vista,Paraíba,BR,-7.26995,-36.15741,America/Recife,America/Fortaleza,coordinate_polygon,high,,not_required,tzfpy-2026c,polygon lookup differs from existing America/Recife
10672,Boa Vista do Gurupi,Maranhão,BR,-1.73082,-46.19635,America/Belem,America/Fortaleza,coordinate_polygon,high,,not_required,tzfpy-2026c,polygon lookup differs from existing America/Belem
10693,Bom Jardim,Maranhão,BR,-3.77409,-46.21707,America/Belem,America/Fortaleza,coordinate_polygon,high,,not_required,tzfpy-2026c,polygon lookup differs from existing America/Belem
10700,Bom Jesus,Paraíba,BR,-6.81845,-38.62549,America/Recife,America/Fortaleza,coordinate_polygon,high,,not_required,tzfpy-2026c,polygon lookup differs from existing America/Recife
10706,Bom Jesus das Selvas,Maranhão,BR,-4.51333,-46.60686,America/Belem,America/Fortaleza,coordinate_polygon,high,,not_required,tzfpy-2026c,polygon lookup differs from existing America/Belem
10715,Bom Jesus do Tocantins,Tocantins,BR,-9.01838,-47.86969,America/Sao_Paulo,America/Araguaina,coordinate_polygon,high,,not_required,tzfpy-2026c,polygon lookup differs from existing America/Sao_Paulo
10716,Bom Jesus do Tocantins,Pará,BR,-4.99184,-48.8237,America/Sao_Paulo,America/Belem,coordinate_polygon,high,,not_required,tzfpy-2026c,polygon lookup differs from existing America/Sao_Paulo
10718,Bom Lugar,Maranhão,BR,-4.34667,-45.02098,America/Belem,America/Fortaleza,coordinate_polygon,high,,not_required,tzfpy-2026c,polygon lookup differs from existing America/Belem
10725,Bom Sucesso,Paraíba,BR,-6.47349,-37.9577,America/Recife,America/Fortaleza,coordinate_polygon,high,,not_required,tzfpy-2026c,polygon lookup differs from existing America/Recife
10741,Bonito de Santa Fé,Paraíba,BR,-7.2894,-38.47977,America/Recife,America/Fortaleza,coordinate_polygon,high,,not_required,tzfpy-2026c,polygon lookup differs from existing America/Recife
10743,Boqueirão,Paraíba,BR,-7.48237,-36.13422,America/Recife,America/Fortaleza,coordinate_polygon,high,,not_required,tzfpy-2026c,polygon lookup differs from existing America/Recife
10751,Borborema,Paraíba,BR,-6.79913,-35.62094,America/Recife,America/Fortaleza,coordinate_polygon,high,,not_required,tzfpy-2026c,polygon lookup differs from existing America/Recife
10765,Bragança,Pará,BR,-0.96813,-46.73377,America/Sao_Paulo,America/Belem,coordinate_polygon,high,,not_required,tzfpy-2026c,polygon lookup differs from existing America/Sao_Paulo
10768,Brasil Novo,Pará,BR,-3.33767,-52.57451,America/Sao_Paulo,America/Santarem,coordinate_polygon,high,,not_required,tzfpy-2026c,polygon lookup differs from existing America/Sao_Paulo
10773,Brasilândia do Tocantins,Tocantins,BR,-8.26045,-48.4345,America/Sao_Paulo,America/Araguaina,coordinate_polygon,high,,not_required,tzfpy-2026c,polygon lookup differs from existing America/Sao_Paulo
10787,Brejinho de Nazaré,Tocantins,BR,-11.01872,-48.64695,America/Sao_Paulo,America/Araguaina,coordinate_polygon,high,,not_required,tzfpy-2026c,polygon lookup differs from existing America/Sao_Paulo
10788,Brejo,Maranhão,BR,-3.68444,-42.75028,America/Belem,America/Fortaleza,coordinate_polygon,high,,not_required,tzfpy-2026c,polygon lookup differs from existing America/Belem
10791,Brejo Grande do Araguaia,Pará,BR,-5.74369,-48.45573,America/Sao_Paulo,America/Belem,coordinate_polygon,high,,not_required,tzfpy-2026c,polygon lookup differs from existing America/Sao_Paulo
10794,Brejo de Areia,Maranhão,BR,-4.3245,-45.5397,America/Belem,America/Fortaleza,coordinate_polygon,high,,not_required,tzfpy-2026c,polygon lookup differs from existing America/Belem
10795,Brejo do Cruz,Paraíba,BR,-6.32578,-37.49716,America/Recife,America/Fortaleza,coordinate_polygon,high,,not_required,tzfpy-2026c,polygon lookup differs from existing America/Recife
10797,Brejo dos Santos,Paraíba,BR,-6.39546,-37.8607,America/Recife,America/Fortaleza,coordinate_polygon,high,,not_required,tzfpy-2026c,polygon lookup differs from existing America/Recife
10801,Breu Branco,Pará,BR,-3.73348,-49.37122,America/Sao_Paulo,America/Belem,coordinate_polygon,high,,not_required,tzfpy-2026c,polygon lookup differs from existing America/Sao_Paulo
10823,Buriti,Maranhão,BR,-3.94799,-42.8581,America/Belem,America/Fortaleza,coordinate_polygon,high,,not_required,tzfpy-2026c,polygon lookup differs from existing America/Belem
10825,Buriti Bravo,Maranhão,BR,-5.83722,-43.83361,America/Belem,America/Fortaleza,coordinate_polygon,high,,not_required,tzfpy-2026c,polygon lookup differs from existing America/Belem
10827,Buriti do Tocantins,Tocantins,BR,-5.37057,-48.13476,America/Sao_Paulo,America/Araguaina,coordinate_polygon,high,,not_required,tzfpy-2026c,polygon lookup differs from existing America/Sao_Paulo
10830,Buriticupu,Maranhão,BR,-4.51967,-46.37712,America/Belem,America/Fortaleza,coordinate_polygon,high,,not_required,tzfpy-2026c,polygon lookup differs from existing America/Belem
10833,Buritirana,Maranhão,BR,-5.59248,-46.99721,America/Belem,America/Fortaleza,coordinate_polygon,high,,not_required,tzfpy-2026c,polygon lookup differs from existing America/Belem
10842,Caaporã,Paraíba,BR,-7.51556,-34.90833,America/Recife,America/Fortaleza,coordinate_polygon,high,,not_required,tzfpy-2026c,polygon lookup differs from existing America/Recife
10845,Cabaceiras,Paraíba,BR,-7.50856,-36.33351,America/Recife,America/Fortaleza,coordinate_polygon,high,,not_required,tzfpy-2026c,polygon lookup differs from existing America/Recife
10850,Cabedelo,Paraíba,BR,-6.98111,-34.83389,America/Recife,America/Fortaleza,coordinate_polygon,high,,not_required,tzfpy-2026c,polygon lookup differs from existing America/Recife
10865,Cachoeira Grande,Maranhão,BR,-3.12007,-43.93132,America/Belem,America/Fortaleza,coordinate_polygon,high,,not_required,tzfpy-2026c,polygon lookup differs from existing America/Belem
10871,Cachoeira do Arari,Pará,BR,-0.84609,-48.93118,America/Sao_Paulo,America/Belem,coordinate_polygon,high,,not_required,tzfpy-2026c,polygon lookup differs from existing America/Sao_Paulo
10872,Cachoeira do Piriá,Pará,BR,-1.94037,-46.46914,America/Sao_Paulo,America/Belem,coordinate_polygon,high,,not_required,tzfpy-2026c,polygon lookup differs from existing America/Sao_Paulo
10874,Cachoeira dos Índios,Paraíba,BR,-6.94486,-38.69902,America/Recife,America/Fortaleza,coordinate_polygon,high,,not_required,tzfpy-2026c,polygon lookup differs from existing America/Recife
10878,Cachoeirinha,Tocantins,BR,-6.09807,-47.87888,America/Sao_Paulo,America/Araguaina,coordinate_polygon,high,,not_required,tzfpy-2026c,polygon lookup differs from existing America/Sao_Paulo
10880,Cacimba de Areia,Paraíba,BR,-7.13451,-37.1537,America/Recife,America/Fortaleza,coordinate_polygon,high,,not_required,tzfpy-2026c,polygon lookup differs from existing America/Recife
10881,Cacimba de Dentro,Paraíba,BR,-6.64167,-35.79,America/Recife,America/Fortaleza,coordinate_polygon,high,,not_required,tzfpy-2026c,polygon lookup differs from existing America/Recife
10882,Cacimbas,Paraíba,BR,-7.2318,-37.09984,America/Recife,America/Fortaleza,coordinate_polygon,high,,not_required,tzfpy-2026c,polygon lookup differs from existing America/Recife
10907,Caiçara,Paraíba,BR,-6.59631,-35.39497,America/Recife,America/Fortaleza,coordinate_polygon,high,,not_required,tzfpy-2026c,polygon lookup differs from existing America/Recife
10912,Cajapió,Maranhão,BR,-2.86374,-44.57287,America/Belem,America/Fortaleza,coordinate_polygon,high,,not_required,tzfpy-2026c,polygon lookup differs from existing America/Belem
10913,Cajari,Maranhão,BR,-3.38514,-45.02197,America/Belem,America/Fortaleza,coordinate_polygon,high,,not_required,tzfpy-2026c,polygon lookup differs from existing America/Belem
10915,Cajazeiras,Paraíba,BR,-6.89028,-38.55528,America/Recife,America/Fortaleza,coordinate_polygon,high,,not_required,tzfpy-2026c,polygon lookup differs from existing America/Recife
10917,Cajazeirinhas,Paraíba,BR,-6.94633,-37.81454,America/Recife,America/Fortaleza,coordinate_polygon,high,,not_required,tzfpy-2026c,polygon lookup differs from existing America/Recife
10924,Caldas Brandão,Paraíba,BR,-7.15105,-35.3487,America/Recife,America/Fortaleza,coordinate_polygon,high,,not_required,tzfpy-2026c,polygon lookup differs from existing America/Recife
10933,Calçoene,Amapá,BR,2.36098,-51.45285,America/Sao_Paulo,America/Belem,coordinate_polygon,high,,not_required,tzfpy-2026c,polygon lookup differs from existing America/Sao_Paulo
10936,Camalaú,Paraíba,BR,-7.92695,-36.74211,America/Recife,America/Fortaleza,coordinate_polygon,high,,not_required,tzfpy-2026c,polygon lookup differs from existing America/Recife
10961,Campestre do Maranhão,Maranhão,BR,-6.15156,-47.23427,America/Belem,America/Fortaleza,coordinate_polygon,high,,not_required,tzfpy-2026c,polygon lookup differs from existing America/Belem
10962,Campina Grande,Paraíba,BR,-7.23056,-35.88111,America/Recife,America/Fortaleza,coordinate_polygon,high,,not_required,tzfpy-2026c,polygon lookup differs from existing America/Recife
11012,Campos Lindos,Tocantins,BR,-8.22553,-46.84507,America/Sao_Paulo,America/Araguaina,coordinate_polygon,high,,not_required,tzfpy-2026c,polygon lookup differs from existing America/Sao_Paulo
11031,Canaã dos Carajás,Pará,BR,-6.49873,-50.09334,America/Sao_Paulo,America/Belem,coordinate_polygon,high,,not_required,tzfpy-2026c,polygon lookup differs from existing America/Sao_Paulo
11055,Cantanhede,Maranhão,BR,-3.63333,-44.37667,America/Belem,America/Fortaleza,coordinate_polygon,high,,not_required,tzfpy-2026c,polygon lookup differs from existing America/Belem
11073,Capim,Paraíba,BR,-6.8915,-35.183,America/Recife,America/Fortaleza,coordinate_polygon,high,,not_required,tzfpy-2026c,polygon lookup differs from existing America/Recife
11077,Capinzal do Norte,Maranhão,BR,-4.74767,-44.25167,America/Belem,America/Fortaleza,coordinate_polygon,high,,not_required,tzfpy-2026c,polygon lookup differs from existing America/Belem
11118,Caraúbas,Paraíba,BR,-7.79092,-36.50278,America/Recife,America/Fortaleza,coordinate_polygon,high,,not_required,tzfpy-2026c,polygon lookup differs from existing America/Recife
11133,Cariri do Tocantins,Tocantins,BR,-11.945,-49.20796,America/Sao_Paulo,America/Araguaina,coordinate_polygon,high,,not_required,tzfpy-2026c,polygon lookup differs from existing America/Sao_Paulo
11150,Carmolândia,Tocantins,BR,-7.03001,-48.35627,America/Sao_Paulo,America/Araguaina,coordinate_polygon,high,,not_required,tzfpy-2026c,polygon lookup differs from existing America/Sao_Paulo
11161,Carolina,Maranhão,BR,-7.33561,-47.46218,America/Belem,America/Fortaleza,coordinate_polygon,high,,not_required,tzfpy-2026c,polygon lookup differs from existing America/Belem
11164,Carrapateira,Paraíba,BR,-7.02919,-38.32951,America/Recife,America/Fortaleza,coordinate_polygon,high,,not_required,tzfpy-2026c,polygon lookup differs from existing America/Recife
11167,Carutapera,Maranhão,BR,-1.18025,-45.95966,America/Belem,America/Fortaleza,coordinate_polygon,high,,not_required,tzfpy-2026c,polygon lookup differs from existing America/Belem
11178,Caseara,Tocantins,BR,-9.45982,-49.83604,America/Sao_Paulo,America/Araguaina,coordinate_polygon,high,,not_required,tzfpy-2026c,polygon lookup differs from existing America/Sao_Paulo
11182,Casserengue,Paraíba,BR,-6.7813,-35.81676,America/Recife,America/Fortaleza,coordinate_polygon,high,,not_required,tzfpy-2026c,polygon lookup differs from existing America/Recife
11203,Catingueira,Paraíba,BR,-7.13699,-37.59654,America/Recife,America/Fortaleza,coordinate_polygon,high,,not_required,tzfpy-2026c,polygon lookup differs from existing America/Recife
11205,Catolé do Rocha,Paraíba,BR,-6.34389,-37.74667,America/Recife,America/Fortaleza,coordinate_polygon,high,,not_required,tzfpy-2026c,polygon lookup differs from existing America/Recife
11211,Caturité,Paraíba,BR,-7.41991,-36.04194,America/Recife,America/Fortaleza,coordinate_polygon,high,,not_required,tzfpy-2026c,polygon lookup differs from existing America/Recife
11218,Caxias,Maranhão,BR,-4.85889,-43.35611,America/Belem,America/Fortaleza,coordinate_polygon,high,,not_required,tzfpy-2026c,polygon lookup differs from existing America/Belem
11228,Cedral,Maranhão,BR,-1.96086,-44.57424,America/Belem,America/Fortaleza,coordinate_polygon,high,,not_required,tzfpy-2026c,polygon lookup differs from existing America/Belem
11235,Centenário,Tocantins,BR,-9.15331,-47.44772,America/Sao_Paulo,America/Araguaina,coordinate_polygon,high,,not_required,tzfpy-2026c,polygon lookup differs from existing America/Sao_Paulo
11240,Central do Maranhão,Maranhão,BR,-2.25521,-44.84104,America/Belem,America/Fortaleza,coordinate_polygon,high,,not_required,tzfpy-2026c,polygon lookup differs from existing America/Belem
11242,Centro Novo do Maranhão,Maranhão,BR,-3.31669,-46.79364,America/Belem,America/Fortaleza,coordinate_polygon,high,,not_required,tzfpy-2026c,polygon lookup differs from existing America/Belem
11243,Centro do Guilherme,Maranhão,BR,-2.28072,-46.07349,America/Belem,America/Fortaleza,coordinate_polygon,high,,not_required,tzfpy-2026c,polygon lookup differs from existing America/Belem
11261,Chapada da Natividade,Tocantins,BR,-11.54159,-47.88094,America/Sao_Paulo,America/Araguaina,coordinate_polygon,high,,not_required,tzfpy-2026c,polygon lookup differs from existing America/Sao_Paulo
11262,Chapada de Areia,Tocantins,BR,-10.14838,-49.19998,America/Sao_Paulo,America/Araguaina,coordinate_polygon,high,,not_required,tzfpy-2026c,polygon lookup differs from existing America/Sao_Paulo
11265,Chapadinha,Maranhão,BR,-3.74167,-43.36028,America/Belem,America/Fortaleza,coordinate_polygon,high,,not_required,tzfpy-2026c,polygon lookup differs from existing America/Belem
11275,Chaves,Pará,BR,-0.06289,-49.64787,America/Sao_Paulo,America/Belem,coordinate_polygon,high,,not_required,tzfpy-2026c,polygon lookup differs from existing America/Sao_Paulo
11292,Cidelândia,Maranhão,BR,-5.05234,-47.86857,America/Belem,America/Fortaleza,coordinate_polygon,high,,not_required,tzfpy-2026c,polygon lookup differs from existing America/Belem
11314,Codó,Maranhão,BR,-4.45528,-43.88556,America/Belem,America/Fortaleza,coordinate_polygon,high,,not_required,tzfpy-2026c,polygon lookup differs from existing America/Belem
11315,Coelho Neto,Maranhão,BR,-4.25667,-43.01278,America/Belem,America/Fortaleza,coordinate_polygon,high,,not_required,tzfpy-2026c,polygon lookup differs from existing America/Belem
11322,Colinas,Maranhão,BR,-6.02583,-44.24917,America/Belem,America/Fortaleza,coordinate_polygon,high,,not_required,tzfpy-2026c,polygon lookup differs from existing America/Belem
11325,Colinas do Tocantins,Tocantins,BR,-8.09451,-48.52143,America/Sao_Paulo,America/Araguaina,coordinate_polygon,high,,not_required,tzfpy-2026c,polygon lookup differs from existing America/Sao_Paulo
11326,Colméia,Tocantins,BR,-8.87655,-48.75788,America/Sao_Paulo,America/Araguaina,coordinate_polygon,high,,not_required,tzfpy-2026c,polygon lookup differs from existing America/Sao_Paulo
11344,Conceição,Paraíba,BR,-7.49917,-38.51375,America/Recife,America/Fortaleza,coordinate_polygon,high,,not_required,tzfpy-2026c,polygon lookup differs from existing America/Recife
11359,Conceição do Lago-Açu,Maranhão,BR,-3.73591,-44.79669,America/Belem,America/Fortaleza,coordinate_polygon,high,,not_required,tzfpy-2026c,polygon lookup differs from existing America/Belem
11363,Conceição do Tocantins,Tocantins,BR,-12.09878,-47.27047,America/Sao_Paulo,America/Araguaina,coordinate_polygon,high,,not_required,tzfpy-2026c,polygon lookup differs from existing America/Sao_Paulo
11368,Concórdia do Pará,Pará,BR,-1.86154,-47.96322,America/Sao_Paulo,America/Belem,coordinate_polygon,high,,not_required,tzfpy-2026c,polygon lookup differs from existing America/Sao_Paulo
11370,Condado,Paraíba,BR,-6.85244,-37.61864,America/Recife,America/Fortaleza,coordinate_polygon,high,,not_required,tzfpy-2026c,polygon lookup differs from existing America/Recife
11371,Conde,Paraíba,BR,-7.25972,-34.9075,America/Recife,America/Fortaleza,coordinate_polygon,high,,not_required,tzfpy-2026c,polygon lookup differs from existing America/Recife
11377,Congo,Paraíba,BR,-7.79578,-36.63487,America/Recife,America/Fortaleza,coordinate_polygon,high,,not_required,tzfpy-2026c,polygon lookup differs from existing America/Recife
11406,Coremas,Paraíba,BR,-7.01444,-37.94583,America/Recife,America/Fortaleza,coordinate_polygon,high,,not_required,tzfpy-2026c,polygon lookup differs from existing America/Recife
11413,Coroatá,Maranhão,BR,-4.13,-44.12417,America/Belem,America/Fortaleza,coordinate_polygon,high,,not_required,tzfpy-2026c,polygon lookup differs from existing America/Belem
11455,Couto de Magalhães,Tocantins,BR,-8.50138,-49.17287,America/Sao_Paulo,America/Araguaina,coordinate_polygon,high,,not_required,tzfpy-2026c,polygon lookup differs from existing America/Sao_Paulo
11459,Coxixola,Paraíba,BR,-7.66749,-36.61824,America/Recife,America/Fortaleza,coordinate_polygon,high,,not_required,tzfpy-2026c,polygon lookup differs from existing America/Recife
11472,Cristalândia,Tocantins,BR,-10.62568,-49.36863,America/Sao_Paulo,America/Araguaina,coordinate_polygon,high,,not_required,tzfpy-2026c,polygon lookup differs from existing America/Sao_Paulo
11484,Crixás do Tocantins,Tocantins,BR,-11.16426,-49.07254,America/Sao_Paulo,America/Araguaina,coordinate_polygon,high,,not_required,tzfpy-2026c,polygon lookup differs from existing America/Sao_Paulo
11492,Cruz do Espírito Santo,Paraíba,BR,-7.14,-35.08639,America/Recife,America/Fortaleza,coordinate_polygon,high,,not_required,tzfpy-2026c,polygon lookup differs from existing America/Recife
11505,Cubati,Paraíba,BR,-6.86116,-36.33415,America/Recife,America/Fortaleza,coordinate_polygon,high,,not_required,tzfpy-2026c,polygon lookup differs from existing America/Recife
11508,Cuitegi,Paraíba,BR,-6.90639,-35.53423,America/Recife,America/Fortaleza,coordinate_polygon,high,,not_required,tzfpy-2026c,polygon lookup differs from existing America/Recife
11509,Cuité,Paraíba,BR,-6.48361,-36.15361,America/Recife,America/Fortaleza,coordinate_polygon,high,,not_required,tzfpy-2026c,polygon lookup differs from existing America/Recife
11510,Cuité de Mamanguape,Paraíba,BR,-6.89788,-35.26042,America/Recife,America/Fortaleza,coordinate_polygon,high,,not_required,tzfpy-2026c,polygon lookup differs from existing America/Recife
11514,Cumaru do Norte,Pará,BR,-8.39144,-51.24084,America/Sao_Paulo,America/Belem,coordinate_polygon,high,,not_required,tzfpy-2026c,polygon lookup differs from existing America/Sao_Paulo
11523,Curionópolis,Pará,BR,-6.18137,-49.66441,America/Sao_Paulo,America/Belem,coordinate_polygon,high,,not_required,tzfpy-2026c,polygon lookup differs from existing America/Sao_Paulo
11530,Curral Velho,Paraíba,BR,-7.55796,-38.19847,America/Recife,America/Fortaleza,coordinate_polygon,high,,not_required,tzfpy-2026c,polygon lookup differs from existing America/Recife
11531,Curral de Cima,Paraíba,BR,-6.72359,-35.28596,America/Recife,America/Fortaleza,coordinate_polygon,high,,not_required,tzfpy-2026c,polygon lookup differs from existing America/Recife
11533,Curralinho,Pará,BR,-1.58236,-49.98697,America/Sao_Paulo,America/Belem,coordinate_polygon,high,,not_required,tzfpy-2026c,polygon lookup differs from existing America/Sao_Paulo
11535,Cururupu,Maranhão,BR,-1.82833,-44.86833,America/Belem,America/Fortaleza,coordinate_polygon,high,,not_required,tzfpy-2026c,polygon lookup differs from existing America/Belem
11536,Curuá,Pará,BR,-1.73821,-55.11492,America/Sao_Paulo,America/Santarem,coordinate_polygon,high,,not_required,tzfpy-2026c,polygon lookup differs from existing America/Sao_Paulo
11541,Cutias,Amapá,BR,0.99713,-50.52041,America/Sao_Paulo,America/Belem,coordinate_polygon,high,,not_required,tzfpy-2026c,polygon lookup differs from existing America/Sao_Paulo
11546,Cândido Mendes,Maranhão,BR,-1.44667,-45.71667,America/Belem,America/Fortaleza,coordinate_polygon,high,,not_required,tzfpy-2026c,polygon lookup differs from existing America/Belem
11560,Damião,Paraíba,BR,-6.67843,-35.92205,America/Recife,America/Fortaleza,coordinate_polygon,high,,not_required,tzfpy-2026c,polygon lookup differs from existing America/Recife
11565,Davinópolis,Maranhão,BR,-5.57008,-47.3064,America/Belem,America/Fortaleza,coordinate_polygon,high,,not_required,tzfpy-2026c,polygon lookup differs from existing America/Belem
11579,Desterro,Paraíba,BR,-7.29056,-37.09389,America/Recife,America/Fortaleza,coordinate_polygon,high,,not_required,tzfpy-2026c,polygon lookup differs from existing America/Recife
11584,Diamante,Paraíba,BR,-7.41004,-38.30873,America/Recife,America/Fortaleza,coordinate_polygon,high,,not_required,tzfpy-2026c,polygon lookup differs from existing America/Recife
11590,Dianópolis,Tocantins,BR,-11.69578,-46.73544,America/Sao_Paulo,America/Araguaina,coordinate_polygon,high,,not_required,tzfpy-2026c,polygon lookup differs from existing America/Sao_Paulo
11608,Divinópolis do Tocantins,Tocantins,BR,-9.65731,-49.38737,America/Sao_Paulo,America/Araguaina,coordinate_polygon,high,,not_required,tzfpy-2026c,polygon lookup differs from existing America/Sao_Paulo
11617,Dois Irmãos do Tocantins,Tocantins,BR,-9.29074,-49.15573,America/Sao_Paulo,America/Araguaina,coordinate_polygon,high,,not_required,tzfpy-2026c,polygon lookup differs from existing America/Sao_Paulo
11626,Dom Eliseu,Pará,BR,-4.08267,-47.89052,America/Sao_Paulo,America/Belem,coordinate_polygon,high,,not_required,tzfpy-2026c,polygon lookup differs from existing America/Sao_Paulo
11633,Dom Pedro,Maranhão,BR,-5.03749,-44.43857,America/Belem,America/Fortaleza,coordinate_polygon,high,,not_required,tzfpy-2026c,polygon lookup differs from existing America/Belem
11642,Dona Inês,Paraíba,BR,-6.61354,-35.62654,America/Recife,America/Fortaleza,coordinate_polygon,high,,not_required,tzfpy-2026c,polygon lookup differs from existing America/Recife
11665,Duas Estradas,Paraíba,BR,-6.71946,-35.39737,America/Recife,America/Fortaleza,coordinate_polygon,high,,not_required,tzfpy-2026c,polygon lookup differs from existing America/Recife
11666,Dueré,Tocantins,BR,-11.35537,-49.46137,America/Sao_Paulo,America/Araguaina,coordinate_polygon,high,,not_required,tzfpy-2026c,polygon lookup differs from existing America/Sao_Paulo
11668,Duque Bacelar,Maranhão,BR,-4.11143,-43.03176,America/Belem,America/Fortaleza,coordinate_polygon,high,,not_required,tzfpy-2026c,polygon lookup differs from existing America/Belem
11676,Eirunepé,Amazonas,BR,-6.66028,-69.87361,America/Manaus,America/Eirunepe,coordinate_polygon,high,,not_required,tzfpy-2026c,polygon lookup differs from existing America/Manaus
11679,Eldorado do Carajás,Pará,BR,-6.10586,-49.30329,America/Sao_Paulo,America/Belem,coordinate_polygon,high,,not_required,tzfpy-2026c,polygon lookup differs from existing America/Sao_Paulo
11687,Emas,Paraíba,BR,-7.1268,-37.73881,America/Recife,America/Fortaleza,coordinate_polygon,high,,not_required,tzfpy-2026c,polygon lookup differs from existing America/Recife
11711,Envira,Amazonas,BR,-7.3,-70.21667,America/Manaus,America/Eirunepe,coordinate_polygon,high,,not_required,tzfpy-2026c,polygon lookup differs from existing America/Manaus
11728,Esperantina,Tocantins,BR,-5.30432,-48.54762,America/Sao_Paulo,America/Araguaina,coordinate_polygon,high,,not_required,tzfpy-2026c,polygon lookup differs from existing America/Sao_Paulo
11730,Esperantinópolis,Maranhão,BR,-4.86667,-44.70833,America/Belem,America/Fortaleza,coordinate_polygon,high,,not_required,tzfpy-2026c,polygon lookup differs from existing America/Belem
11731,Esperança,Paraíba,BR,-6.99864,-35.90777,America/Recife,America/Fortaleza,coordinate_polygon,high,,not_required,tzfpy-2026c,polygon lookup differs from existing America/Recife
11747,Estreito,Maranhão,BR,-5.78333,-43.25,America/Belem,America/Fortaleza,coordinate_polygon,high,,not_required,tzfpy-2026c,polygon lookup differs from existing America/Belem
11770,Fagundes,Paraíba,BR,-7.355,-35.775,America/Recife,America/Fortaleza,coordinate_polygon,high,,not_required,tzfpy-2026c,polygon lookup differs from existing America/Recife
11776,Faro,Pará,BR,-1.11536,-57.77412,America/Sao_Paulo,America/Santarem,coordinate_polygon,high,,not_required,tzfpy-2026c,polygon lookup differs from existing America/Sao_Paulo
11792,Feira Nova do Maranhão,Maranhão,BR,-6.99561,-46.64999,America/Belem,America/Fortaleza,coordinate_polygon,high,,not_required,tzfpy-2026c,polygon lookup differs from existing America/Belem
11804,Fernando Falcão,Maranhão,BR,-6.35293,-45.3281,America/Belem,America/Fortaleza,coordinate_polygon,high,,not_required,tzfpy-2026c,polygon lookup differs from existing America/Belem
11807,Fernando de Noronha,Pernambuco,BR,-3.85071,-32.41997,America/Recife,America/Noronha,coordinate_polygon,high,,not_required,tzfpy-2026c,polygon lookup differs from existing America/Recife
11808,Fernando de Noronha (Distrito Estadual),Pernambuco,BR,-3.84028,-32.41083,America/Recife,America/Noronha,coordinate_polygon,high,,not_required,tzfpy-2026c,polygon lookup differs from existing America/Recife
11812,Ferreira Gomes,Amapá,BR,0.91012,-51.35442,America/Sao_Paulo,America/Belem,coordinate_polygon,high,,not_required,tzfpy-2026c,polygon lookup differs from existing America/Sao_Paulo
11818,Figueirópolis,Tocantins,BR,-12.26857,-49.28976,America/Sao_Paulo,America/Araguaina,coordinate_polygon,high,,not_required,tzfpy-2026c,polygon lookup differs from existing America/Sao_Paulo
11820,Filadélfia,Tocantins,BR,-7.48804,-47.85623,America/Sao_Paulo,America/Araguaina,coordinate_polygon,high,,not_required,tzfpy-2026c,polygon lookup differs from existing America/Sao_Paulo
11837,Floresta do Araguaia,Pará,BR,-7.57944,-49.52862,America/Sao_Paulo,America/Belem,coordinate_polygon,high,,not_required,tzfpy-2026c,polygon lookup differs from existing America/Sao_Paulo
11853,Formosa da Serra Negra,Maranhão,BR,-6.69535,-46.1954,America/Belem,America/Fortaleza,coordinate_polygon,high,,not_required,tzfpy-2026c,polygon lookup differs from existing America/Belem
11859,Formoso do Araguaia,Tocantins,BR,-11.95898,-50.09809,America/Sao_Paulo,America/Araguaina,coordinate_polygon,high,,not_required,tzfpy-2026c,polygon lookup differs from existing America/Sao_Paulo
11865,Fortaleza do Tabocão,Tocantins,BR,-9.08805,-48.55638,America/Sao_Paulo,America/Araguaina,coordinate_polygon,high,,not_required,tzfpy-2026c,polygon lookup differs from existing America/Sao_Paulo
11866,Fortaleza dos Nogueiras,Maranhão,BR,-6.86722,-46.021,America/Belem,America/Fortaleza,coordinate_polygon,high,,not_required,tzfpy-2026c,polygon lookup differs from existing America/Belem
11869,Fortuna,Maranhão,BR,-5.73333,-44.15833,America/Belem,America/Fortaleza,coordinate_polygon,high,,not_required,tzfpy-2026c,polygon lookup differs from existing America/Belem
11894,Frei Martinho,Paraíba,BR,-6.44605,-36.48061,America/Recife,America/Fortaleza,coordinate_polygon,high,,not_required,tzfpy-2026c,polygon lookup differs from existing America/Recife
11906,Fátima,Tocantins,BR,-10.81953,-48.86757,America/Sao_Paulo,America/Araguaina,coordinate_polygon,high,,not_required,tzfpy-2026c,polygon lookup differs from existing America/Sao_Paulo
11911,Gado Bravo,Paraíba,BR,-7.59984,-35.81967,America/Recife,America/Fortaleza,coordinate_polygon,high,,not_required,tzfpy-2026c,polygon lookup differs from existing America/Recife
11923,Garrafão do Norte,Pará,BR,-2.21516,-47.11722,America/Sao_Paulo,America/Belem,coordinate_polygon,high,,not_required,tzfpy-2026c,polygon lookup differs from existing America/Sao_Paulo
11954,Godofredo Viana,Maranhão,BR,-1.27605,-45.7655,America/Belem,America/Fortaleza,coordinate_polygon,high,,not_required,tzfpy-2026c,polygon lookup differs from existing America/Belem
11961,Goianorte,Tocantins,BR,-8.83664,-48.99356,America/Sao_Paulo,America/Araguaina,coordinate_polygon,high,,not_required,tzfpy-2026c,polygon lookup differs from existing America/Sao_Paulo
11965,Goianésia do Pará,Pará,BR,-3.9492,-48.87355,America/Sao_Paulo,America/Belem,coordinate_polygon,high,,not_required,tzfpy-2026c,polygon lookup differs from existing America/Sao_Paulo
11966,Goiatins,Tocantins,BR,-8.04432,-47.47183,America/Sao_Paulo,America/Araguaina,coordinate_polygon,high,,not_required,tzfpy-2026c,polygon lookup differs from existing America/Sao_Paulo
11975,Gonçalves Dias,Maranhão,BR,-5.15671,-44.28658,America/Belem,America/Fortaleza,coordinate_polygon,high,,not_required,tzfpy-2026c,polygon lookup differs from existing America/Belem
11978,Governador Archer,Maranhão,BR,-4.98399,-44.20513,America/Belem,America/Fortaleza,coordinate_polygon,high,,not_required,tzfpy-2026c,polygon lookup differs from existing America/Belem
11982,Governador Edison Lobão,Maranhão,BR,-5.74311,-47.32545,America/Belem,America/Fortaleza,coordinate_polygon,high,,not_required,tzfpy-2026c,polygon lookup differs from existing America/Belem
11983,Governador Eugênio Barros,Maranhão,BR,-5.42581,-43.88031,America/Belem,America/Fortaleza,coordinate_polygon,high,,not_required,tzfpy-2026c,polygon lookup differs from existing America/Belem
11986,Governador Luiz Rocha,Maranhão,BR,-5.52826,-44.11154,America/Belem,America/Fortaleza,coordinate_polygon,high,,not_required,tzfpy-2026c,polygon lookup differs from existing America/Belem
11988,Governador Newton Bello,Maranhão,BR,-3.36796,-45.65707,America/Belem,America/Fortaleza,coordinate_polygon,high,,not_required,tzfpy-2026c,polygon lookup differs from existing America/Belem
11989,Governador Nunes Freire,Maranhão,BR,-2.00992,-45.84278,America/Belem,America/Fortaleza,coordinate_polygon,high,,not_required,tzfpy-2026c,polygon lookup differs from existing America/Belem
11992,Grajaú,Maranhão,BR,-5.81944,-46.13861,America/Belem,America/Fortaleza,coordinate_polygon,high,,not_required,tzfpy-2026c,polygon lookup differs from existing America/Belem
12004,Graça Aranha,Maranhão,BR,-5.44492,-44.25169,America/Belem,America/Fortaleza,coordinate_polygon,high,,not_required,tzfpy-2026c,polygon lookup differs from existing America/Belem
12034,Guarabira,Paraíba,BR,-6.85472,-35.49,America/Recife,America/Fortaleza,coordinate_polygon,high,,not_required,tzfpy-2026c,polygon lookup differs from existing America/Recife
12061,Guaraí,Tocantins,BR,-8.70233,-48.40251,America/Sao_Paulo,America/Araguaina,coordinate_polygon,high,,not_required,tzfpy-2026c,polygon lookup differs from existing America/Sao_Paulo
12082,Guimarães,Maranhão,BR,-2.1199,-44.63479,America/Belem,America/Fortaleza,coordinate_polygon,high,,not_required,tzfpy-2026c,polygon lookup differs from existing America/Belem
12086,Gurinhém,Paraíba,BR,-7.12389,-35.42444,America/Recife,America/Fortaleza,coordinate_polygon,high,,not_required,tzfpy-2026c,polygon lookup differs from existing America/Recife
12087,Gurjão,Paraíba,BR,-7.261,-36.50008,America/Recife,America/Fortaleza,coordinate_polygon,high,,not_required,tzfpy-2026c,polygon lookup differs from existing America/Recife
12089,Gurupá,Pará,BR,-1.16555,-51.62743,America/Sao_Paulo,America/Belem,coordinate_polygon,high,,not_required,tzfpy-2026c,polygon lookup differs from existing America/Sao_Paulo
12112,Humberto de Campos,Maranhão,BR,-2.59833,-43.46111,America/Belem,America/Fortaleza,coordinate_polygon,high,,not_required,tzfpy-2026c,polygon lookup differs from existing America/Belem
12130,Ibiara,Paraíba,BR,-7.48251,-38.38051,America/Recife,America/Fortaleza,coordinate_polygon,high,,not_required,tzfpy-2026c,polygon lookup differs from existing America/Recife
12170,Icatu,Maranhão,BR,-2.77583,-44.06583,America/Belem,America/Fortaleza,coordinate_polygon,high,,not_required,tzfpy-2026c,polygon lookup differs from existing America/Belem
12179,Igaracy,Paraíba,BR,-7.13856,-38.13526,America/Recife,America/Fortaleza,coordinate_polygon,high,,not_required,tzfpy-2026c,polygon lookup differs from existing America/Recife
12183,Igarapé Grande,Maranhão,BR,-4.64974,-44.83905,America/Belem,America/Fortaleza,coordinate_polygon,high,,not_required,tzfpy-2026c,polygon lookup differs from existing America/Belem
12185,Igarapé do Meio,Maranhão,BR,-3.72514,-45.10975,America/Belem,America/Fortaleza,coordinate_polygon,high,,not_required,tzfpy-2026c,polygon lookup differs from existing America/Belem
12217,Imaculada,Paraíba,BR,-7.38972,-37.50917,America/Recife,America/Fortaleza,coordinate_polygon,high,,not_required,tzfpy-2026c,polygon lookup differs from existing America/Recife
12226,Imperatriz,Maranhão,BR,-5.52639,-47.49167,America/Belem,America/Fortaleza,coordinate_polygon,high,,not_required,tzfpy-2026c,polygon lookup differs from existing America/Belem
12245,Ingá,Paraíba,BR,-7.25441,-35.62897,America/Recife,America/Fortaleza,coordinate_polygon,high,,not_required,tzfpy-2026c,polygon lookup differs from existing America/Recife
12281,Ipixuna,Amazonas,BR,-7.1191,-71.3759,America/Manaus,America/Eirunepe,coordinate_polygon,high,,not_required,tzfpy-2026c,polygon lookup differs from existing America/Manaus
12282,Ipixuna do Pará,Pará,BR,-2.98149,-48.11946,America/Sao_Paulo,America/Belem,coordinate_polygon,high,,not_required,tzfpy-2026c,polygon lookup differs from existing America/Sao_Paulo
12294,Ipueiras,Tocantins,BR,-11.15847,-48.37886,America/Sao_Paulo,America/Araguaina,coordinate_polygon,high,,not_required,tzfpy-2026c,polygon lookup differs from existing America/Sao_Paulo
12325,Itabaiana,Paraíba,BR,-7.32861,-35.3325,America/Recife,America/Fortaleza,coordinate_polygon,high,,not_required,tzfpy-2026c,polygon lookup differs from existing America/Recife
12338,Itacajá,Tocantins,BR,-8.55538,-47.62201,America/Sao_Paulo,America/Araguaina,coordinate_polygon,high,,not_required,tzfpy-2026c,polygon lookup differs from existing America/Sao_Paulo
12354,Itaguatins,Tocantins,BR,-5.81408,-47.65425,America/Sao_Paulo,America/Araguaina,coordinate_polygon,high,,not_required,tzfpy-2026c,polygon lookup differs from existing America/Sao_Paulo
12359,Itaipava do Grajaú,Maranhão,BR,-5.22087,-45.78512,America/Belem,America/Fortaleza,coordinate_polygon,high,,not_required,tzfpy-2026c,polygon lookup differs from existing America/Belem
12363,Itaituba,Pará,BR,-5.86018,-56.23176,America/Sao_Paulo,America/Santarem,coordinate_polygon,high,,not_required,tzfpy-2026c,polygon lookup differs from existing America/Sao_Paulo
12406,Itapecuru Mirim,Maranhão,BR,-3.3925,-44.35861,America/Belem,America/Fortaleza,coordinate_polygon,high,,not_required,tzfpy-2026c,polygon lookup differs from existing America/Belem
12425,Itapiratins,Tocantins,BR,-8.3582,-47.99703,America/Sao_Paulo,America/Araguaina,coordinate_polygon,high,,not_required,tzfpy-2026c,polygon lookup differs from existing America/Sao_Paulo
12430,Itaporanga,Paraíba,BR,-7.30035,-38.25159,America/Recife,America/Fortaleza,coordinate_polygon,high,,not_required,tzfpy-2026c,polygon lookup differs from existing America/Recife
12432,Itapororoca,Paraíba,BR,-6.81152,-35.24478,America/Recife,America/Fortaleza,coordinate_polygon,high,,not_required,tzfpy-2026c,polygon lookup differs from existing America/Recife
12434,Itaporã do Tocantins,Tocantins,BR,-8.50178,-48.75214,America/Sao_Paulo,America/Araguaina,coordinate_polygon,high,,not_required,tzfpy-2026c,polygon lookup differs from existing America/Sao_Paulo
12461,Itatuba,Paraíba,BR,-7.375,-35.62833,America/Recife,America/Fortaleza,coordinate_polygon,high,,not_required,tzfpy-2026c,polygon lookup differs from existing America/Recife
12462,Itaubal,Amapá,BR,0.57732,-50.67833,America/Sao_Paulo,America/Belem,coordinate_polygon,high,,not_required,tzfpy-2026c,polygon lookup differs from existing America/Sao_Paulo
12474,Itinga do Maranhão,Maranhão,BR,-4.52832,-47.48859,America/Belem,America/Fortaleza,coordinate_polygon,high,,not_required,tzfpy-2026c,polygon lookup differs from existing America/Belem
12490,Itupiranga,Pará,BR,-5.23295,-49.94952,America/Sao_Paulo,America/Belem,coordinate_polygon,high,,not_required,tzfpy-2026c,polygon lookup differs from existing America/Sao_Paulo
12518,Jacaraú,Paraíba,BR,-6.61222,-35.29278,America/Recife,America/Fortaleza,coordinate_polygon,high,,not_required,tzfpy-2026c,polygon lookup differs from existing America/Recife
12530,Jacundá,Pará,BR,-4.56883,-49.22284,America/Sao_Paulo,America/Belem,coordinate_polygon,high,,not_required,tzfpy-2026c,polygon lookup differs from existing America/Sao_Paulo
12603,Jatobá,Maranhão,BR,-5.86233,-44.26917,America/Belem,America/Fortaleza,coordinate_polygon,high,,not_required,tzfpy-2026c,polygon lookup differs from existing America/Belem
12610,Jaú do Tocantins,Tocantins,BR,-12.83943,-48.63203,America/Sao_Paulo,America/Araguaina,coordinate_polygon,high,,not_required,tzfpy-2026c,polygon lookup differs from existing America/Sao_Paulo
12613,Jenipapo dos Vieiras,Maranhão,BR,-5.50699,-45.54241,America/Belem,America/Fortaleza,coordinate_polygon,high,,not_required,tzfpy-2026c,polygon lookup differs from existing America/Belem
12621,Jericó,Paraíba,BR,-6.50746,-37.80665,America/Recife,America/Fortaleza,coordinate_polygon,high,,not_required,tzfpy-2026c,polygon lookup differs from existing America/Recife
12643,Joca Claudino,Paraíba,BR,-6.48432,-38.46407,America/Recife,America/Fortaleza,coordinate_polygon,high,,not_required,tzfpy-2026c,polygon lookup differs from existing America/Recife
12648,Joselândia,Maranhão,BR,-5.00747,-44.73158,America/Belem,America/Fortaleza,coordinate_polygon,high,,not_required,tzfpy-2026c,polygon lookup differs from existing America/Belem
12662,João Lisboa,Maranhão,BR,-5.22723,-47.1826,America/Belem,America/Fortaleza,coordinate_polygon,high,,not_required,tzfpy-2026c,polygon lookup differs from existing America/Belem
12665,João Pessoa,Paraíba,BR,-7.115,-34.86306,America/Recife,America/Fortaleza,coordinate_polygon,high,,not_required,tzfpy-2026c,polygon lookup differs from existing America/Recife
12669,Juarez Távora,Paraíba,BR,-7.15975,-35.5716,America/Recife,America/Fortaleza,coordinate_polygon,high,,not_required,tzfpy-2026c,polygon lookup differs from existing America/Recife
12670,Juarina,Tocantins,BR,-8.1018,-49.07995,America/Sao_Paulo,America/Araguaina,coordinate_polygon,high,,not_required,tzfpy-2026c,polygon lookup differs from existing America/Sao_Paulo
12672,Juazeirinho,Paraíba,BR,-6.99463,-36.60213,America/Recife,America/Fortaleza,coordinate_polygon,high,,not_required,tzfpy-2026c,polygon lookup differs from existing America/Recife
12682,Junco do Maranhão,Maranhão,BR,-1.94176,-46.11711,America/Belem,America/Fortaleza,coordinate_polygon,high,,not_required,tzfpy-2026c,polygon lookup differs from existing America/Belem
12683,Junco do Seridó,Paraíba,BR,-6.97843,-36.72769,America/Recife,America/Fortaleza,coordinate_polygon,high,,not_required,tzfpy-2026c,polygon lookup differs from existing America/Recife
12698,Juripiranga,Paraíba,BR,-7.35,-35.22087,America/Recife,America/Fortaleza,coordinate_polygon,high,,not_required,tzfpy-2026c,polygon lookup differs from existing America/Recife
12699,Juru,Paraíba,BR,-7.49131,-37.78854,America/Recife,America/Fortaleza,coordinate_polygon,high,,not_required,tzfpy-2026c,polygon lookup differs from existing America/Recife
12702,Juruti,Pará,BR,-2.33065,-56.02742,America/Sao_Paulo,America/Santarem,coordinate_polygon,high,,not_required,tzfpy-2026c,polygon lookup differs from existing America/Sao_Paulo
12728,Lago Verde,Maranhão,BR,-3.99073,-44.88312,America/Belem,America/Fortaleza,coordinate_polygon,high,,not_required,tzfpy-2026c,polygon lookup differs from existing America/Belem
12729,Lago da Pedra,Maranhão,BR,-4.28674,-45.23824,America/Belem,America/Fortaleza,coordinate_polygon,high,,not_required,tzfpy-2026c,polygon lookup differs from existing America/Belem
12730,Lago do Junco,Maranhão,BR,-4.47033,-44.91005,America/Belem,America/Fortaleza,coordinate_polygon,high,,not_required,tzfpy-2026c,polygon lookup differs from existing America/Belem
12731,Lago dos Rodrigues,Maranhão,BR,-4.61099,-44.97837,America/Belem,America/Fortaleza,coordinate_polygon,high,,not_required,tzfpy-2026c,polygon lookup differs from existing America/Belem
12733,Lagoa,Paraíba,BR,-6.59521,-37.84991,America/Recife,America/Fortaleza,coordinate_polygon,high,,not_required,tzfpy-2026c,polygon lookup differs from existing America/Recife
12740,Lagoa Grande do Maranhão,Maranhão,BR,-4.93168,-45.3495,America/Belem,America/Fortaleza,coordinate_polygon,high,,not_required,tzfpy-2026c,polygon lookup differs from existing America/Belem
12746,Lagoa Seca,Paraíba,BR,-7.17083,-35.85361,America/Recife,America/Fortaleza,coordinate_polygon,high,,not_required,tzfpy-2026c,polygon lookup differs from existing America/Recife
12750,Lagoa da Confusão,Tocantins,BR,-10.99307,-49.93702,America/Sao_Paulo,America/Araguaina,coordinate_polygon,high,,not_required,tzfpy-2026c,polygon lookup differs from existing America/Sao_Paulo
12752,Lagoa de Dentro,Paraíba,BR,-6.68308,-35.35907,America/Recife,America/Fortaleza,coordinate_polygon,high,,not_required,tzfpy-2026c,polygon lookup differs from existing America/Recife
12760,Lagoa do Mato,Maranhão,BR,-5.95535,-43.63105,America/Belem,America/Fortaleza,coordinate_polygon,high,,not_required,tzfpy-2026c,polygon lookup differs from existing America/Belem
12764,Lagoa do Tocantins,Tocantins,BR,-10.33721,-47.48133,America/Sao_Paulo,America/Araguaina,coordinate_polygon,high,,not_required,tzfpy-2026c,polygon lookup differs from existing America/Sao_Paulo
12776,Lajeado,Tocantins,BR,-9.86927,-48.28058,America/Sao_Paulo,America/Araguaina,coordinate_polygon,high,,not_required,tzfpy-2026c,polygon lookup differs from existing America/Sao_Paulo
12778,Lajeado Novo,Maranhão,BR,-6.10634,-46.90224,America/Belem,America/Fortaleza,coordinate_polygon,high,,not_required,tzfpy-2026c,polygon lookup differs from existing America/Belem
12798,Laranjal do Jari,Amapá,BR,0.93828,-53.22949,America/Sao_Paulo,America/Belem,coordinate_polygon,high,,not_required,tzfpy-2026c,polygon lookup differs from existing America/Sao_Paulo
12802,Lastro,Paraíba,BR,-6.5374,-38.18946,America/Recife,America/Fortaleza,coordinate_polygon,high,,not_required,tzfpy-2026c,polygon lookup differs from existing America/Recife
12807,Lavandeira,Tocantins,BR,-12.83658,-46.39307,America/Sao_Paulo,America/Araguaina,coordinate_polygon,high,,not_required,tzfpy-2026c,polygon lookup differs from existing America/Sao_Paulo
12827,Lima Campos,Maranhão,BR,-4.55295,-44.47986,America/Belem,America/Fortaleza,coordinate_polygon,high,,not_required,tzfpy-2026c,polygon lookup differs from existing America/Belem
12833,Limoeiro do Ajuru,Pará,BR,-1.89647,-49.51015,America/Sao_Paulo,America/Belem,coordinate_polygon,high,,not_required,tzfpy-2026c,polygon lookup differs from existing America/Sao_Paulo
12842,Livramento,Paraíba,BR,-7.34008,-36.93209,America/Recife,America/Fortaleza,coordinate_polygon,high,,not_required,tzfpy-2026c,polygon lookup differs from existing America/Recife
12845,Lizarda,Tocantins,BR,-9.52341,-46.97679,America/Sao_Paulo,America/Araguaina,coordinate_polygon,high,,not_required,tzfpy-2026c,polygon lookup differs from existing America/Sao_Paulo
12848,Logradouro,Paraíba,BR,-6.55268,-35.42864,America/Recife,America/Fortaleza,coordinate_polygon,high,,not_required,tzfpy-2026c,polygon lookup differs from existing America/Recife
12853,Loreto,Maranhão,BR,-7.11921,-45.23138,America/Belem,America/Fortaleza,coordinate_polygon,high,,not_required,tzfpy-2026c,polygon lookup differs from existing America/Belem
12858,Lucena,Paraíba,BR,-6.92461,-34.90267,America/Recife,America/Fortaleza,coordinate_polygon,high,,not_required,tzfpy-2026c,polygon lookup differs from existing America/Recife
12876,Luzinópolis,Tocantins,BR,-6.20636,-47.83045,America/Sao_Paulo,America/Araguaina,coordinate_polygon,high,,not_required,tzfpy-2026c,polygon lookup differs from existing America/Sao_Paulo
12880,Luís Domingues,Maranhão,BR,-1.26964,-45.83792,America/Belem,America/Fortaleza,coordinate_polygon,high,,not_required,tzfpy-2026c,polygon lookup differs from existing America/Belem
12912,Magalhães de Almeida,Maranhão,BR,-3.32329,-42.12855,America/Belem,America/Fortaleza,coordinate_polygon,high,,not_required,tzfpy-2026c,polygon lookup differs from existing America/Belem
12930,Malta,Paraíba,BR,-6.904,-37.51251,America/Recife,America/Fortaleza,coordinate_polygon,high,,not_required,tzfpy-2026c,polygon lookup differs from existing America/Recife
12931,Mamanguape,Paraíba,BR,-6.83861,-35.12611,America/Recife,America/Fortaleza,coordinate_polygon,high,,not_required,tzfpy-2026c,polygon lookup differs from existing America/Recife
12940,Manaíra,Paraíba,BR,-7.70611,-38.15444,America/Recife,America/Fortaleza,coordinate_polygon,high,,not_required,tzfpy-2026c,polygon lookup differs from existing America/Recife
12970,Maracaçumé,Maranhão,BR,-2.04278,-45.95917,America/Belem,America/Fortaleza,coordinate_polygon,high,,not_required,tzfpy-2026c,polygon lookup differs from existing America/Belem
12976,Marajá do Sena,Maranhão,BR,-4.70009,-45.63144,America/Belem,America/Fortaleza,coordinate_polygon,high,,not_required,tzfpy-2026c,polygon lookup differs from existing America/Belem
12978,Maranhãozinho,Maranhão,BR,-2.45247,-45.98846,America/Belem,America/Fortaleza,coordinate_polygon,high,,not_required,tzfpy-2026c,polygon lookup differs from existing America/Belem
12979,Marapanim,Pará,BR,-0.84063,-47.70897,America/Sao_Paulo,America/Belem,coordinate_polygon,high,,not_required,tzfpy-2026c,polygon lookup differs from existing America/Sao_Paulo
12990,Marcação,Paraíba,BR,-6.74717,-34.99103,America/Recife,America/Fortaleza,coordinate_polygon,high,,not_required,tzfpy-2026c,polygon lookup differs from existing America/Recife
13003,Mari,Paraíba,BR,-7.07138,-35.30258,America/Recife,America/Fortaleza,coordinate_polygon,high,,not_required,tzfpy-2026c,polygon lookup differs from existing America/Recife
13010,Marianópolis do Tocantins,Tocantins,BR,-9.81443,-49.71607,America/Sao_Paulo,America/Araguaina,coordinate_polygon,high,,not_required,tzfpy-2026c,polygon lookup differs from existing America/Sao_Paulo
13023,Marizópolis,Paraíba,BR,-6.82133,-38.33496,America/Recife,America/Fortaleza,coordinate_polygon,high,,not_required,tzfpy-2026c,polygon lookup differs from existing America/Recife
13043,Massaranduba,Paraíba,BR,-7.20476,-35.78379,America/Recife,America/Fortaleza,coordinate_polygon,high,,not_required,tzfpy-2026c,polygon lookup differs from existing America/Recife
13047,Mata Roma,Maranhão,BR,-3.58219,-43.23178,America/Belem,America/Fortaleza,coordinate_polygon,high,,not_required,tzfpy-2026c,polygon lookup differs from existing America/Belem
13050,Mataraca,Paraíba,BR,-6.55476,-35.0369,America/Recife,America/Fortaleza,coordinate_polygon,high,,not_required,tzfpy-2026c,polygon lookup differs from existing America/Recife
13051,Mateiros,Tocantins,BR,-10.41802,-46.4838,America/Sao_Paulo,America/Araguaina,coordinate_polygon,high,,not_required,tzfpy-2026c,polygon lookup differs from existing America/Sao_Paulo
13060,Matinha,Maranhão,BR,-3.10056,-45.03361,America/Belem,America/Fortaleza,coordinate_polygon,high,,not_required,tzfpy-2026c,polygon lookup differs from existing America/Belem
13061,Matinhas,Paraíba,BR,-7.12428,-35.7607,America/Recife,America/Fortaleza,coordinate_polygon,high,,not_required,tzfpy-2026c,polygon lookup differs from existing America/Recife
13065,Mato Grosso,Paraíba,BR,-6.54728,-37.75067,America/Recife,America/Fortaleza,coordinate_polygon,high,,not_required,tzfpy-2026c,polygon lookup differs from existing America/Recife
13075,Maturéia,Paraíba,BR,-7.27175,-37.3394,America/Recife,America/Fortaleza,coordinate_polygon,high,,not_required,tzfpy-2026c,polygon lookup differs from existing America/Recife
13078,Matões,Maranhão,BR,-5.41542,-43.40049,America/Belem,America/Fortaleza,coordinate_polygon,high,,not_required,tzfpy-2026c,polygon lookup differs from existing America/Belem
13079,Matões do Norte,Maranhão,BR,-3.77876,-44.40753,America/Belem,America/Fortaleza,coordinate_polygon,high,,not_required,tzfpy-2026c,polygon lookup differs from existing America/Belem
13081,Maurilândia do Tocantins,Tocantins,BR,-5.98609,-47.57986,America/Sao_Paulo,America/Araguaina,coordinate_polygon,high,,not_required,tzfpy-2026c,polygon lookup differs from existing America/Sao_Paulo
13093,Medicilândia,Pará,BR,-3.15674,-53.17769,America/Sao_Paulo,America/Santarem,coordinate_polygon,high,,not_required,tzfpy-2026c,polygon lookup differs from existing America/Sao_Paulo
13096,Melgaço,Pará,BR,-1.66163,-51.05884,America/Sao_Paulo,America/Belem,coordinate_polygon,high,,not_required,tzfpy-2026c,polygon lookup differs from existing America/Sao_Paulo
13116,Milagres do Maranhão,Maranhão,BR,-3.50554,-42.86468,America/Belem,America/Fortaleza,coordinate_polygon,high,,not_required,tzfpy-2026c,polygon lookup differs from existing America/Belem
13133,Miracema do Tocantins,Tocantins,BR,-9.76855,-48.58348,America/Sao_Paulo,America/Araguaina,coordinate_polygon,high,,not_required,tzfpy-2026c,polygon lookup differs from existing America/Sao_Paulo
13134,Mirador,Maranhão,BR,-6.47266,-45.11312,America/Belem,America/Fortaleza,coordinate_polygon,high,,not_required,tzfpy-2026c,polygon lookup differs from existing America/Belem
13139,Miranda do Norte,Maranhão,BR,-3.53142,-44.52685,America/Belem,America/Fortaleza,coordinate_polygon,high,,not_required,tzfpy-2026c,polygon lookup differs from existing America/Belem
13144,Miranorte,Tocantins,BR,-9.39114,-48.66598,America/Sao_Paulo,America/Araguaina,coordinate_polygon,high,,not_required,tzfpy-2026c,polygon lookup differs from existing America/Sao_Paulo
13156,Mirinzal,Maranhão,BR,-2.04774,-44.77403,America/Belem,America/Fortaleza,coordinate_polygon,high,,not_required,tzfpy-2026c,polygon lookup differs from existing America/Belem
13164,Mogeiro,Paraíba,BR,-7.29944,-35.47944,America/Recife,America/Fortaleza,coordinate_polygon,high,,not_required,tzfpy-2026c,polygon lookup differs from existing America/Recife
13171,Mojuí Dos Campos,Pará,BR,-3.07044,-54.57515,America/Sao_Paulo,America/Santarem,coordinate_polygon,high,,not_required,tzfpy-2026c,polygon lookup differs from existing America/Sao_Paulo
13181,Montadas,Paraíba,BR,-7.08947,-35.903,America/Recife,America/Fortaleza,coordinate_polygon,high,,not_required,tzfpy-2026c,polygon lookup differs from existing America/Recife
13205,Monte Horebe,Paraíba,BR,-7.20792,-38.52503,America/Recife,America/Fortaleza,coordinate_polygon,high,,not_required,tzfpy-2026c,polygon lookup differs from existing America/Recife
13210,Monte Santo do Tocantins,Tocantins,BR,-10.00972,-49.12747,America/Sao_Paulo,America/Araguaina,coordinate_polygon,high,,not_required,tzfpy-2026c,polygon lookup differs from existing America/Sao_Paulo
13214,Monte do Carmo,Tocantins,BR,-10.72034,-48.01807,America/Sao_Paulo,America/Araguaina,coordinate_polygon,high,,not_required,tzfpy-2026c,polygon lookup differs from existing America/Sao_Paulo
13215,Monteiro,Paraíba,BR,-7.91637,-37.17496,America/Recife,America/Fortaleza,coordinate_polygon,high,,not_required,tzfpy-2026c,polygon lookup differs from existing America/Recife
13219,Montes Altos,Maranhão,BR,-5.83333,-47.06667,America/Belem,America/Fortaleza,coordinate_polygon,high,,not_required,tzfpy-2026c,polygon lookup differs from existing America/Belem
13225,Monção,Maranhão,BR,-3.53292,-45.3069,America/Belem,America/Fortaleza,coordinate_polygon,high,,not_required,tzfpy-2026c,polygon lookup differs from existing America/Belem
13251,Morros,Maranhão,BR,-2.96159,-43.87725,America/Belem,America/Fortaleza,coordinate_polygon,high,,not_required,tzfpy-2026c,polygon lookup differs from existing America/Belem
13266,Mulungu,Paraíba,BR,-7.02444,-35.46194,America/Recife,America/Fortaleza,coordinate_polygon,high,,not_required,tzfpy-2026c,polygon lookup differs from existing America/Recife
13282,Muricilândia,Tocantins,BR,-6.98598,-48.79167,America/Sao_Paulo,America/Araguaina,coordinate_polygon,high,,not_required,tzfpy-2026c,polygon lookup differs from existing America/Sao_Paulo
13292,Mãe d'Água,Paraíba,BR,-7.2199,-37.45284,America/Recife,America/Fortaleza,coordinate_polygon,high,,not_required,tzfpy-2026c,polygon lookup differs from existing America/Recife
13302,Natividade,Tocantins,BR,-11.75889,-47.64485,America/Sao_Paulo,America/Araguaina,coordinate_polygon,high,,not_required,tzfpy-2026c,polygon lookup differs from existing America/Sao_Paulo
13304,Natuba,Paraíba,BR,-7.64139,-35.55,America/Recife,America/Fortaleza,coordinate_polygon,high,,not_required,tzfpy-2026c,polygon lookup differs from existing America/Recife
13309,Nazarezinho,Paraíba,BR,-6.91991,-38.32592,America/Recife,America/Fortaleza,coordinate_polygon,high,,not_required,tzfpy-2026c,polygon lookup differs from existing America/Recife
13310,Nazaré,Tocantins,BR,-6.31311,-47.78944,America/Sao_Paulo,America/Araguaina,coordinate_polygon,high,,not_required,tzfpy-2026c,polygon lookup differs from existing America/Sao_Paulo
13326,Nina Rodrigues,Maranhão,BR,-3.46375,-43.77165,America/Belem,America/Fortaleza,coordinate_polygon,high,,not_required,tzfpy-2026c,polygon lookup differs from existing America/Belem
13369,Nova Colinas,Maranhão,BR,-7.26656,-46.29184,America/Belem,America/Fortaleza,coordinate_polygon,high,,not_required,tzfpy-2026c,polygon lookup differs from existing America/Belem
13375,Nova Esperança do Piriá,Pará,BR,-2.45364,-46.97384,America/Sao_Paulo,America/Belem,coordinate_polygon,high,,not_required,tzfpy-2026c,polygon lookup differs from existing America/Sao_Paulo
13379,Nova Floresta,Paraíba,BR,-6.48792,-36.20101,America/Recife,America/Fortaleza,coordinate_polygon,high,,not_required,tzfpy-2026c,polygon lookup differs from existing America/Recife
13392,Nova Iorque,Maranhão,BR,-6.74961,-44.03977,America/Belem,America/Fortaleza,coordinate_polygon,high,,not_required,tzfpy-2026c,polygon lookup differs from existing America/Belem
13393,Nova Ipixuna,Pará,BR,-4.98779,-49.19861,America/Sao_Paulo,America/Belem,coordinate_polygon,high,,not_required,tzfpy-2026c,polygon lookup differs from existing America/Sao_Paulo
13409,Nova Olinda,Tocantins,BR,-7.68973,-48.28152,America/Sao_Paulo,America/Araguaina,coordinate_polygon,high,,not_required,tzfpy-2026c,polygon lookup differs from existing America/Sao_Paulo
13410,Nova Olinda,Paraíba,BR,-7.45231,-38.01122,America/Recife,America/Fortaleza,coordinate_polygon,high,,not_required,tzfpy-2026c,polygon lookup differs from existing America/Recife
13412,Nova Olinda do Maranhão,Maranhão,BR,-2.84498,-45.9201,America/Belem,America/Fortaleza,coordinate_polygon,high,,not_required,tzfpy-2026c,polygon lookup differs from existing America/Belem
13417,Nova Palmeira,Paraíba,BR,-6.67346,-36.44186,America/Recife,America/Fortaleza,coordinate_polygon,high,,not_required,tzfpy-2026c,polygon lookup differs from existing America/Recife
13429,Nova Rosalândia,Tocantins,BR,-10.56285,-48.97053,America/Sao_Paulo,America/Araguaina,coordinate_polygon,high,,not_required,tzfpy-2026c,polygon lookup differs from existing America/Sao_Paulo
13439,Nova Timboteua,Pará,BR,-1.12059,-47.42089,America/Sao_Paulo,America/Belem,coordinate_polygon,high,,not_required,tzfpy-2026c,polygon lookup differs from existing America/Sao_Paulo
13450,Novo Acordo,Tocantins,BR,-10.15197,-47.47165,America/Sao_Paulo,America/Araguaina,coordinate_polygon,high,,not_required,tzfpy-2026c,polygon lookup differs from existing America/Sao_Paulo
13467,Novo Jardim,Tocantins,BR,-11.75148,-46.54138,America/Sao_Paulo,America/Araguaina,coordinate_polygon,high,,not_required,tzfpy-2026c,polygon lookup differs from existing America/Sao_Paulo
13475,Novo Progresso,Pará,BR,-7.75396,-55.51343,America/Sao_Paulo,America/Santarem,coordinate_polygon,high,,not_required,tzfpy-2026c,polygon lookup differs from existing America/Sao_Paulo
13476,Novo Repartimento,Pará,BR,-4.70032,-50.5222,America/Sao_Paulo,America/Belem,coordinate_polygon,high,,not_required,tzfpy-2026c,polygon lookup differs from existing America/Sao_Paulo
13492,Oiapoque,Amapá,BR,2.70795,-52.16963,America/Sao_Paulo,America/Belem,coordinate_polygon,high,,not_required,tzfpy-2026c,polygon lookup differs from existing America/Sao_Paulo
13494,Olho d'Água,Paraíba,BR,-7.26106,-37.73242,America/Recife,America/Fortaleza,coordinate_polygon,high,,not_required,tzfpy-2026c,polygon lookup differs from existing America/Recife
13496,Olho d'Água das Cunhãs,Maranhão,BR,-4.02629,-45.04831,America/Belem,America/Fortaleza,coordinate_polygon,high,,not_required,tzfpy-2026c,polygon lookup differs from existing America/Belem
13503,Olinda Nova do Maranhão,Maranhão,BR,-2.99757,-44.96574,America/Belem,America/Fortaleza,coordinate_polygon,high,,not_required,tzfpy-2026c,polygon lookup differs from existing America/Belem
13505,Olivedos,Paraíba,BR,-6.99403,-36.23822,America/Recife,America/Fortaleza,coordinate_polygon,high,,not_required,tzfpy-2026c,polygon lookup differs from existing America/Recife
13533,Ourilândia do Norte,Pará,BR,-7.59565,-51.43201,America/Sao_Paulo,America/Belem,coordinate_polygon,high,,not_required,tzfpy-2026c,polygon lookup differs from existing America/Sao_Paulo
13544,Ouro Velho,Paraíba,BR,-7.60554,-37.13565,America/Recife,America/Fortaleza,coordinate_polygon,high,,not_required,tzfpy-2026c,polygon lookup differs from existing America/Recife
13556,Pacajá,Pará,BR,-3.70172,-50.77844,America/Sao_Paulo,America/Belem,coordinate_polygon,high,,not_required,tzfpy-2026c,polygon lookup differs from existing America/Sao_Paulo
13578,Palestina do Pará,Pará,BR,-5.97518,-48.38544,America/Sao_Paulo,America/Belem,coordinate_polygon,high,,not_required,tzfpy-2026c,polygon lookup differs from existing America/Sao_Paulo
13596,Palmeirante,Tocantins,BR,-7.86937,-48.17585,America/Sao_Paulo,America/Araguaina,coordinate_polygon,high,,not_required,tzfpy-2026c,polygon lookup differs from existing America/Sao_Paulo
13599,Palmeiras do Tocantins,Tocantins,BR,-6.61304,-47.66259,America/Sao_Paulo,America/Araguaina,coordinate_polygon,high,,not_required,tzfpy-2026c,polygon lookup differs from existing America/Sao_Paulo
13601,Palmeirândia,Maranhão,BR,-2.65916,-45.06713,America/Belem,America/Fortaleza,coordinate_polygon,high,,not_required,tzfpy-2026c,polygon lookup differs from existing America/Belem
13602,Palmeirópolis,Tocantins,BR,-13.06026,-48.38866,America/Sao_Paulo,America/Araguaina,coordinate_polygon,high,,not_required,tzfpy-2026c,polygon lookup differs from existing America/Sao_Paulo
13626,Paragominas,Pará,BR,-2.96667,-47.48333,America/Sao_Paulo,America/Belem,coordinate_polygon,high,,not_required,tzfpy-2026c,polygon lookup differs from existing America/Sao_Paulo
13629,Paraibano,Maranhão,BR,-6.40952,-43.84714,America/Belem,America/Fortaleza,coordinate_polygon,high,,not_required,tzfpy-2026c,polygon lookup differs from existing America/Belem
13649,Paranã,Tocantins,BR,-12.73875,-47.94338,America/Sao_Paulo,America/Araguaina,coordinate_polygon,high,,not_required,tzfpy-2026c,polygon lookup differs from existing America/Sao_Paulo
13652,Parari,Paraíba,BR,-7.31136,-36.67699,America/Recife,America/Fortaleza,coordinate_polygon,high,,not_required,tzfpy-2026c,polygon lookup differs from existing America/Recife
13655,Parauapebas,Pará,BR,-6.18558,-50.55474,America/Sao_Paulo,America/Belem,coordinate_polygon,high,,not_required,tzfpy-2026c,polygon lookup differs from existing America/Sao_Paulo
13664,Paraíso do Tocantins,Tocantins,BR,-10.23212,-48.88032,America/Sao_Paulo,America/Araguaina,coordinate_polygon,high,,not_required,tzfpy-2026c,polygon lookup differs from existing America/Sao_Paulo
13681,Parnarama,Maranhão,BR,-5.52914,-43.60353,America/Belem,America/Fortaleza,coordinate_polygon,high,,not_required,tzfpy-2026c,polygon lookup differs from existing America/Belem
13692,Passagem,Paraíba,BR,-7.11889,-37.03671,America/Recife,America/Fortaleza,coordinate_polygon,high,,not_required,tzfpy-2026c,polygon lookup differs from existing America/Recife
13693,Passagem Franca,Maranhão,BR,-6.10747,-43.75355,America/Belem,America/Fortaleza,coordinate_polygon,high,,not_required,tzfpy-2026c,polygon lookup differs from existing America/Belem
13702,Pastos Bons,Maranhão,BR,-6.766,-44.24234,America/Belem,America/Fortaleza,coordinate_polygon,high,,not_required,tzfpy-2026c,polygon lookup differs from existing America/Belem
13706,Patos,Paraíba,BR,-7.02444,-37.28,America/Recife,America/Fortaleza,coordinate_polygon,high,,not_required,tzfpy-2026c,polygon lookup differs from existing America/Recife
13716,Pau d'Arco,Tocantins,BR,-7.55877,-48.93697,America/Sao_Paulo,America/Araguaina,coordinate_polygon,high,,not_required,tzfpy-2026c,polygon lookup differs from existing America/Sao_Paulo
13717,Pau d'Arco,Pará,BR,-7.73913,-50.14638,America/Sao_Paulo,America/Belem,coordinate_polygon,high,,not_required,tzfpy-2026c,polygon lookup differs from existing America/Sao_Paulo
13724,Paulino Neves,Maranhão,BR,-2.88588,-42.58808,America/Belem,America/Fortaleza,coordinate_polygon,high,,not_required,tzfpy-2026c,polygon lookup differs from existing America/Belem
13726,Paulista,Paraíba,BR,-6.59504,-37.60966,America/Recife,America/Fortaleza,coordinate_polygon,high,,not_required,tzfpy-2026c,polygon lookup differs from existing America/Recife
13736,Paulo Ramos,Maranhão,BR,-4.44876,-45.23758,America/Belem,America/Fortaleza,coordinate_polygon,high,,not_required,tzfpy-2026c,polygon lookup differs from existing America/Belem
13742,Paço do Lumiar,Maranhão,BR,-2.48019,-44.11054,America/Belem,America/Fortaleza,coordinate_polygon,high,,not_required,tzfpy-2026c,polygon lookup differs from existing America/Belem
13750,Pedra Branca,Paraíba,BR,-7.46068,-38.07996,America/Recife,America/Fortaleza,coordinate_polygon,high,,not_required,tzfpy-2026c,polygon lookup differs from existing America/Recife
13751,Pedra Branca do Amapari,Amapá,BR,1.14843,-52.40118,America/Sao_Paulo,America/Belem,coordinate_polygon,high,,not_required,tzfpy-2026c,polygon lookup differs from existing America/Sao_Paulo
13754,Pedra Lavrada,Paraíba,BR,-6.78024,-36.442,America/Recife,America/Fortaleza,coordinate_polygon,high,,not_required,tzfpy-2026c,polygon lookup differs from existing America/Recife
13764,Pedras de Fogo,Paraíba,BR,-7.40194,-35.11639,America/Recife,America/Fortaleza,coordinate_polygon,high,,not_required,tzfpy-2026c,polygon lookup differs from existing America/Recife
13768,Pedreiras,Maranhão,BR,-4.58272,-44.59924,America/Belem,America/Fortaleza,coordinate_polygon,high,,not_required,tzfpy-2026c,polygon lookup differs from existing America/Belem
13772,Pedro Afonso,Tocantins,BR,-9.20623,-47.97805,America/Sao_Paulo,America/Araguaina,coordinate_polygon,high,,not_required,tzfpy-2026c,polygon lookup differs from existing America/Sao_Paulo
13781,Pedro Régis,Paraíba,BR,-6.67047,-35.31031,America/Recife,America/Fortaleza,coordinate_polygon,high,,not_required,tzfpy-2026c,polygon lookup differs from existing America/Recife
13785,Pedro do Rosário,Maranhão,BR,-2.9739,-45.4525,America/Belem,America/Fortaleza,coordinate_polygon,high,,not_required,tzfpy-2026c,polygon lookup differs from existing America/Belem
13788,Peixe-Boi,Pará,BR,-1.10168,-47.27259,America/Sao_Paulo,America/Belem,coordinate_polygon,high,,not_required,tzfpy-2026c,polygon lookup differs from existing America/Sao_Paulo
13793,Penalva,Maranhão,BR,-3.29417,-45.17361,America/Belem,America/Fortaleza,coordinate_polygon,high,,not_required,tzfpy-2026c,polygon lookup differs from existing America/Belem
13801,Pequizeiro,Tocantins,BR,-8.40977,-48.94148,America/Sao_Paulo,America/Araguaina,coordinate_polygon,high,,not_required,tzfpy-2026c,polygon lookup differs from existing America/Sao_Paulo
13808,Peri Mirim,Maranhão,BR,-2.54231,-44.93384,America/Belem,America/Fortaleza,coordinate_polygon,high,,not_required,tzfpy-2026c,polygon lookup differs from existing America/Belem
13811,Peritoró,Maranhão,BR,-4.44047,-44.28178,America/Belem,America/Fortaleza,coordinate_polygon,high,,not_required,tzfpy-2026c,polygon lookup differs from existing America/Belem
13824,Piancó,Paraíba,BR,-7.19806,-37.92917,America/Recife,America/Fortaleza,coordinate_polygon,high,,not_required,tzfpy-2026c,polygon lookup differs from existing America/Recife
13830,Picuí,Paraíba,BR,-6.51056,-36.34694,America/Recife,America/Fortaleza,coordinate_polygon,high,,not_required,tzfpy-2026c,polygon lookup differs from existing America/Recife
13836,Pilar,Paraíba,BR,-7.25739,-35.26971,America/Recife,America/Fortaleza,coordinate_polygon,high,,not_required,tzfpy-2026c,polygon lookup differs from existing America/Recife
13841,Pilões,Paraíba,BR,-6.89446,-35.59432,America/Recife,America/Fortaleza,coordinate_polygon,high,,not_required,tzfpy-2026c,polygon lookup differs from existing America/Recife
13843,Pilõezinhos,Paraíba,BR,-6.85269,-35.54455,America/Recife,America/Fortaleza,coordinate_polygon,high,,not_required,tzfpy-2026c,polygon lookup differs from existing America/Recife
13849,Pindaré Mirim,Maranhão,BR,-3.60833,-45.34333,America/Belem,America/Fortaleza,coordinate_polygon,high,,not_required,tzfpy-2026c,polygon lookup differs from existing America/Belem
13855,Pindorama do Tocantins,Tocantins,BR,-11.13233,-47.5617,America/Sao_Paulo,America/Araguaina,coordinate_polygon,high,,not_required,tzfpy-2026c,polygon lookup differs from existing America/Sao_Paulo
13868,Pinheiro,Maranhão,BR,-2.69907,-45.12244,America/Belem,America/Fortaleza,coordinate_polygon,high,,not_required,tzfpy-2026c,polygon lookup differs from existing America/Belem
13879,Pio XII,Maranhão,BR,-3.89451,-45.16617,America/Belem,America/Fortaleza,coordinate_polygon,high,,not_required,tzfpy-2026c,polygon lookup differs from existing America/Belem
13898,Pirapemas,Maranhão,BR,-3.77957,-44.27746,America/Belem,America/Fortaleza,coordinate_polygon,high,,not_required,tzfpy-2026c,polygon lookup differs from existing America/Belem
13905,Piraquê,Tocantins,BR,-6.68862,-48.23711,America/Sao_Paulo,America/Araguaina,coordinate_polygon,high,,not_required,tzfpy-2026c,polygon lookup differs from existing America/Sao_Paulo
13920,Pirpirituba,Paraíba,BR,-6.78,-35.49861,America/Recife,America/Fortaleza,coordinate_polygon,high,,not_required,tzfpy-2026c,polygon lookup differs from existing America/Recife
13925,Pitimbu,Paraíba,BR,-7.41381,-34.83686,America/Recife,America/Fortaleza,coordinate_polygon,high,,not_required,tzfpy-2026c,polygon lookup differs from existing America/Recife
13926,Pium,Tocantins,BR,-10.07399,-49.69857,America/Sao_Paulo,America/Araguaina,coordinate_polygon,high,,not_required,tzfpy-2026c,polygon lookup differs from existing America/Sao_Paulo
13929,Piçarra,Pará,BR,-6.47338,-48.95039,America/Sao_Paulo,America/Belem,coordinate_polygon,high,,not_required,tzfpy-2026c,polygon lookup differs from existing America/Sao_Paulo
13932,Placas,Pará,BR,-3.97715,-54.52418,America/Sao_Paulo,America/Santarem,coordinate_polygon,high,,not_required,tzfpy-2026c,polygon lookup differs from existing America/Sao_Paulo
13946,Pocinhos,Paraíba,BR,-7.07667,-36.06111,America/Recife,America/Fortaleza,coordinate_polygon,high,,not_required,tzfpy-2026c,polygon lookup differs from existing America/Recife
13951,Pombal,Paraíba,BR,-6.77028,-37.80167,America/Recife,America/Fortaleza,coordinate_polygon,high,,not_required,tzfpy-2026c,polygon lookup differs from existing America/Recife
13959,Ponta de Pedras,Pará,BR,-1.05304,-49.15491,America/Sao_Paulo,America/Belem,coordinate_polygon,high,,not_required,tzfpy-2026c,polygon lookup differs from existing America/Sao_Paulo
13966,Ponte Alta do Bom Jesus,Tocantins,BR,-12.09696,-46.62629,America/Sao_Paulo,America/Araguaina,coordinate_polygon,high,,not_required,tzfpy-2026c,polygon lookup differs from existing America/Sao_Paulo
13968,Ponte Alta do Tocantins,Tocantins,BR,-10.78604,-47.1813,America/Sao_Paulo,America/Araguaina,coordinate_polygon,high,,not_required,tzfpy-2026c,polygon lookup differs from existing America/Sao_Paulo
13997,Porto Alegre do Tocantins,Tocantins,BR,-11.53239,-47.03453,America/Sao_Paulo,America/Araguaina,coordinate_polygon,high,,not_required,tzfpy-2026c,polygon lookup differs from existing America/Sao_Paulo
14007,Porto Franco,Maranhão,BR,-6.34635,-47.07258,America/Belem,America/Fortaleza,coordinate_polygon,high,,not_required,tzfpy-2026c,polygon lookup differs from existing America/Belem
14008,Porto Grande,Amapá,BR,0.56553,-51.71181,America/Sao_Paulo,America/Belem,coordinate_polygon,high,,not_required,tzfpy-2026c,polygon lookup differs from existing America/Sao_Paulo
14012,Porto Nacional,Tocantins,BR,-10.52826,-48.47443,America/Sao_Paulo,America/Araguaina,coordinate_polygon,high,,not_required,tzfpy-2026c,polygon lookup differs from existing America/Sao_Paulo
14016,Porto Rico do Maranhão,Maranhão,BR,-1.85517,-44.6093,America/Belem,America/Fortaleza,coordinate_polygon,high,,not_required,tzfpy-2026c,polygon lookup differs from existing America/Belem
14025,Porto de Moz,Pará,BR,-1.74833,-52.23833,America/Santarem,America/Belem,coordinate_polygon,high,,not_required,tzfpy-2026c,polygon lookup differs from existing America/Santarem
14046,Poço Dantas,Paraíba,BR,-6.38792,-38.53359,America/Recife,America/Fortaleza,coordinate_polygon,high,,not_required,tzfpy-2026c,polygon lookup differs from existing America/Recife
14052,Poço de José de Moura,Paraíba,BR,-6.59957,-38.50574,America/Recife,America/Fortaleza,coordinate_polygon,high,,not_required,tzfpy-2026c,polygon lookup differs from existing America/Recife
14055,Poção de Pedras,Maranhão,BR,-4.78496,-44.91232,America/Belem,America/Fortaleza,coordinate_polygon,high,,not_required,tzfpy-2026c,polygon lookup differs from existing America/Belem
14058,Pracuúba,Amapá,BR,1.67076,-51.2449,America/Sao_Paulo,America/Belem,coordinate_polygon,high,,not_required,tzfpy-2026c,polygon lookup differs from existing America/Sao_Paulo
14066,Prainha,Pará,BR,-2.20147,-53.49329,America/Sao_Paulo,America/Santarem,coordinate_polygon,high,,not_required,tzfpy-2026c,polygon lookup differs from existing America/Sao_Paulo
14068,Prata,Paraíba,BR,-7.7125,-37.09411,America/Recife,America/Fortaleza,coordinate_polygon,high,,not_required,tzfpy-2026c,polygon lookup differs from existing America/Recife
14079,Presidente Dutra,Maranhão,BR,-5.30484,-44.50508,America/Belem,America/Fortaleza,coordinate_polygon,high,,not_required,tzfpy-2026c,polygon lookup differs from existing America/Belem
14084,Presidente Juscelino,Maranhão,BR,-3.08609,-44.07739,America/Belem,America/Fortaleza,coordinate_polygon,high,,not_required,tzfpy-2026c,polygon lookup differs from existing America/Belem
14088,Presidente Kennedy,Tocantins,BR,-8.48264,-48.44075,America/Sao_Paulo,America/Araguaina,coordinate_polygon,high,,not_required,tzfpy-2026c,polygon lookup differs from existing America/Sao_Paulo
14092,Presidente Médici,Maranhão,BR,-2.38729,-45.84126,America/Belem,America/Fortaleza,coordinate_polygon,high,,not_required,tzfpy-2026c,polygon lookup differs from existing America/Belem
14096,Presidente Sarney,Maranhão,BR,-2.62072,-45.43931,America/Belem,America/Fortaleza,coordinate_polygon,high,,not_required,tzfpy-2026c,polygon lookup differs from existing America/Belem
14098,Presidente Vargas,Maranhão,BR,-3.42385,-44.01015,America/Belem,America/Fortaleza,coordinate_polygon,high,,not_required,tzfpy-2026c,polygon lookup differs from existing America/Belem
14104,Primeira Cruz,Maranhão,BR,-2.65082,-43.32895,America/Belem,America/Fortaleza,coordinate_polygon,high,,not_required,tzfpy-2026c,polygon lookup differs from existing America/Belem
14107,Princesa Isabel,Paraíba,BR,-7.73667,-37.99333,America/Recife,America/Fortaleza,coordinate_polygon,high,,not_required,tzfpy-2026c,polygon lookup differs from existing America/Recife
14115,Pugmil,Tocantins,BR,-10.42875,-48.85558,America/Sao_Paulo,America/Araguaina,coordinate_polygon,high,,not_required,tzfpy-2026c,polygon lookup differs from existing America/Sao_Paulo
14118,Puxinanã,Paraíba,BR,-7.16111,-35.96056,America/Recife,America/Fortaleza,coordinate_polygon,high,,not_required,tzfpy-2026c,polygon lookup differs from existing America/Recife
14140,Queimadas,Paraíba,BR,-7.42696,-35.89774,America/Recife,America/Fortaleza,coordinate_polygon,high,,not_required,tzfpy-2026c,polygon lookup differs from existing America/Recife
14158,Quixaba,Paraíba,BR,-7.05081,-37.11783,America/Recife,America/Fortaleza,coordinate_polygon,high,,not_required,tzfpy-2026c,polygon lookup differs from existing America/Recife
14174,Raposa,Maranhão,BR,-6.51667,-44.18333,America/Belem,America/Fortaleza,coordinate_polygon,high,,not_required,tzfpy-2026c,polygon lookup differs from existing America/Belem
14181,Recursolândia,Tocantins,BR,-8.66852,-47.07333,America/Sao_Paulo,America/Araguaina,coordinate_polygon,high,,not_required,tzfpy-2026c,polygon lookup differs from existing America/Sao_Paulo
14184,Redenção,Pará,BR,-8.0601,-50.18116,America/Sao_Paulo,America/Belem,coordinate_polygon,high,,not_required,tzfpy-2026c,polygon lookup differs from existing America/Sao_Paulo
14194,Remígio,Paraíba,BR,-6.94646,-35.78039,America/Recife,America/Fortaleza,coordinate_polygon,high,,not_required,tzfpy-2026c,polygon lookup differs from existing America/Recife
14215,Riacho de Santo Antônio,Paraíba,BR,-7.66143,-36.13551,America/Recife,America/Fortaleza,coordinate_polygon,high,,not_required,tzfpy-2026c,polygon lookup differs from existing America/Recife
14216,Riacho dos Cavalos,Paraíba,BR,-6.4714,-37.64024,America/Recife,America/Fortaleza,coordinate_polygon,high,,not_required,tzfpy-2026c,polygon lookup differs from existing America/Recife
14220,Riachão,Maranhão,BR,-7.36194,-46.61722,America/Belem,America/Fortaleza,coordinate_polygon,high,,not_required,tzfpy-2026c,polygon lookup differs from existing America/Belem
14221,Riachão,Paraíba,BR,-6.55515,-35.62324,America/Recife,America/Fortaleza,coordinate_polygon,high,,not_required,tzfpy-2026c,polygon lookup differs from existing America/Recife
14223,Riachão do Bacamarte,Paraíba,BR,-7.26337,-35.67518,America/Recife,America/Fortaleza,coordinate_polygon,high,,not_required,tzfpy-2026c,polygon lookup differs from existing America/Recife
14226,Riachão do Poço,Paraíba,BR,-7.17041,-35.303,America/Recife,America/Fortaleza,coordinate_polygon,high,,not_required,tzfpy-2026c,polygon lookup differs from existing America/Recife
14229,Ribamar Fiquene,Maranhão,BR,-5.93436,-47.29792,America/Belem,America/Fortaleza,coordinate_polygon,high,,not_required,tzfpy-2026c,polygon lookup differs from existing America/Belem
14281,Rio Maria,Pará,BR,-7.40968,-49.82886,America/Sao_Paulo,America/Belem,coordinate_polygon,high,,not_required,tzfpy-2026c,polygon lookup differs from existing America/Sao_Paulo
14297,Rio Sono,Tocantins,BR,-9.64479,-47.38387,America/Sao_Paulo,America/Araguaina,coordinate_polygon,high,,not_required,tzfpy-2026c,polygon lookup differs from existing America/Sao_Paulo
14299,Rio Tinto,Paraíba,BR,-6.79673,-35.03715,America/Recife,America/Fortaleza,coordinate_polygon,high,,not_required,tzfpy-2026c,polygon lookup differs from existing America/Recife
14303,Rio da Conceição,Tocantins,BR,-11.36815,-46.77445,America/Sao_Paulo,America/Araguaina,coordinate_polygon,high,,not_required,tzfpy-2026c,polygon lookup differs from existing America/Sao_Paulo
14317,Rio dos Bois,Tocantins,BR,-9.20901,-48.44308,America/Sao_Paulo,America/Araguaina,coordinate_polygon,high,,not_required,tzfpy-2026c,polygon lookup differs from existing America/Sao_Paulo
14345,Rondon do Pará,Pará,BR,-4.43977,-48.59233,America/Sao_Paulo,America/Belem,coordinate_polygon,high,,not_required,tzfpy-2026c,polygon lookup differs from existing America/Sao_Paulo
14350,Rosário,Maranhão,BR,-2.96001,-44.17429,America/Belem,America/Fortaleza,coordinate_polygon,high,,not_required,tzfpy-2026c,polygon lookup differs from existing America/Belem
14362,Rurópolis,Pará,BR,-4.18795,-55.18406,America/Sao_Paulo,America/Santarem,coordinate_polygon,high,,not_required,tzfpy-2026c,polygon lookup differs from existing America/Sao_Paulo
14382,Salgadinho,Paraíba,BR,-7.08934,-36.86318,America/Recife,America/Fortaleza,coordinate_polygon,high,,not_required,tzfpy-2026c,polygon lookup differs from existing America/Recife
14385,Salgado de São Félix,Paraíba,BR,-7.35694,-35.44056,America/Recife,America/Fortaleza,coordinate_polygon,high,,not_required,tzfpy-2026c,polygon lookup differs from existing America/Recife
14407,Salvaterra,Pará,BR,-0.78848,-48.61953,America/Sao_Paulo,America/Belem,coordinate_polygon,high,,not_required,tzfpy-2026c,polygon lookup differs from existing America/Sao_Paulo
14408,Sambaíba,Maranhão,BR,-7.61486,-45.67749,America/Belem,America/Fortaleza,coordinate_polygon,high,,not_required,tzfpy-2026c,polygon lookup differs from existing America/Belem
14409,Sampaio,Tocantins,BR,-5.36587,-47.91898,America/Sao_Paulo,America/Araguaina,coordinate_polygon,high,,not_required,tzfpy-2026c,polygon lookup differs from existing America/Sao_Paulo
14412,Sandolândia,Tocantins,BR,-12.40743,-49.85491,America/Sao_Paulo,America/Araguaina,coordinate_polygon,high,,not_required,tzfpy-2026c,polygon lookup differs from existing America/Sao_Paulo
14433,Santa Cecília,Paraíba,BR,-7.72027,-35.93681,America/Recife,America/Fortaleza,coordinate_polygon,high,,not_required,tzfpy-2026c,polygon lookup differs from existing America/Recife
14440,Santa Cruz,Paraíba,BR,-6.54542,-38.04968,America/Recife,America/Fortaleza,coordinate_polygon,high,,not_required,tzfpy-2026c,polygon lookup differs from existing America/Recife
14451,Santa Cruz do Arari,Pará,BR,-0.59603,-49.29289,America/Sao_Paulo,America/Belem,coordinate_polygon,high,,not_required,tzfpy-2026c,polygon lookup differs from existing America/Sao_Paulo
14463,Santa Filomena do Maranhão,Maranhão,BR,-5.48267,-44.55176,America/Belem,America/Fortaleza,coordinate_polygon,high,,not_required,tzfpy-2026c,polygon lookup differs from existing America/Belem
14467,Santa Fé do Araguaia,Tocantins,BR,-7.10746,-48.9558,America/Sao_Paulo,America/Araguaina,coordinate_polygon,high,,not_required,tzfpy-2026c,polygon lookup differs from existing America/Sao_Paulo
14470,Santa Helena,Maranhão,BR,-2.4266,-45.38362,America/Belem,America/Fortaleza,coordinate_polygon,high,,not_required,tzfpy-2026c,polygon lookup differs from existing America/Belem
14471,Santa Helena,Paraíba,BR,-6.72745,-38.59506,America/Recife,America/Fortaleza,coordinate_polygon,high,,not_required,tzfpy-2026c,polygon lookup differs from existing America/Recife
14477,Santa Inês,Maranhão,BR,-3.75659,-45.40393,America/Belem,America/Fortaleza,coordinate_polygon,high,,not_required,tzfpy-2026c,polygon lookup differs from existing America/Belem
14478,Santa Inês,Paraíba,BR,-7.68334,-38.59346,America/Recife,America/Fortaleza,coordinate_polygon,high,,not_required,tzfpy-2026c,polygon lookup differs from existing America/Recife
14489,Santa Luzia,Paraíba,BR,-6.87222,-36.91861,America/Recife,America/Fortaleza,coordinate_polygon,high,,not_required,tzfpy-2026c,polygon lookup differs from existing America/Recife
14491,Santa Luzia,Maranhão,BR,-4.18778,-45.87797,America/Belem,America/Fortaleza,coordinate_polygon,high,,not_required,tzfpy-2026c,polygon lookup differs from existing America/Belem
14496,Santa Luzia do Paruá,Maranhão,BR,-2.54684,-45.75943,America/Belem,America/Fortaleza,coordinate_polygon,high,,not_required,tzfpy-2026c,polygon lookup differs from existing America/Belem
14497,Santa Luzia do Pará,Pará,BR,-1.6575,-46.92715,America/Sao_Paulo,America/Belem,coordinate_polygon,high,,not_required,tzfpy-2026c,polygon lookup differs from existing America/Sao_Paulo
14508,Santa Maria das Barreiras,Pará,BR,-8.63667,-50.26578,America/Sao_Paulo,America/Belem,coordinate_polygon,high,,not_required,tzfpy-2026c,polygon lookup differs from existing America/Sao_Paulo
14517,Santa Maria do Tocantins,Tocantins,BR,-8.81566,-47.85337,America/Sao_Paulo,America/Araguaina,coordinate_polygon,high,,not_required,tzfpy-2026c,polygon lookup differs from existing America/Sao_Paulo
14523,Santa Quitéria do Maranhão,Maranhão,BR,-3.30241,-42.95484,America/Belem,America/Fortaleza,coordinate_polygon,high,,not_required,tzfpy-2026c,polygon lookup differs from existing America/Belem
14524,Santa Rita,Maranhão,BR,-3.16346,-44.32883,America/Belem,America/Fortaleza,coordinate_polygon,high,,not_required,tzfpy-2026c,polygon lookup differs from existing America/Belem
14525,Santa Rita,Paraíba,BR,-7.10437,-34.97387,America/Recife,America/Fortaleza,coordinate_polygon,high,,not_required,tzfpy-2026c,polygon lookup differs from existing America/Recife
14538,Santa Rita do Tocantins,Tocantins,BR,-10.9736,-49.37112,America/Sao_Paulo,America/Araguaina,coordinate_polygon,high,,not_required,tzfpy-2026c,polygon lookup differs from existing America/Sao_Paulo
14549,Santa Rosa do Tocantins,Tocantins,BR,-11.38278,-48.07295,America/Sao_Paulo,America/Araguaina,coordinate_polygon,high,,not_required,tzfpy-2026c,polygon lookup differs from existing America/Sao_Paulo
14552,Santa Teresinha,Paraíba,BR,-7.12089,-37.49654,America/Recife,America/Fortaleza,coordinate_polygon,high,,not_required,tzfpy-2026c,polygon lookup differs from existing America/Recife
14556,Santa Tereza do Tocantins,Tocantins,BR,-10.2998,-47.72597,America/Sao_Paulo,America/Araguaina,coordinate_polygon,high,,not_required,tzfpy-2026c,polygon lookup differs from existing America/Sao_Paulo
14564,Santa Terezinha do Tocantins,Tocantins,BR,-6.4804,-47.70055,America/Sao_Paulo,America/Araguaina,coordinate_polygon,high,,not_required,tzfpy-2026c,polygon lookup differs from existing America/Sao_Paulo
14574,Santana de Mangueira,Paraíba,BR,-7.66593,-38.35848,America/Recife,America/Fortaleza,coordinate_polygon,high,,not_required,tzfpy-2026c,polygon lookup differs from existing America/Recife
14578,Santana do Araguaia,Pará,BR,-9.13867,-50.673,America/Sao_Paulo,America/Belem,coordinate_polygon,high,,not_required,tzfpy-2026c,polygon lookup differs from existing America/Sao_Paulo
14587,Santana do Maranhão,Maranhão,BR,-3.13508,-42.74876,America/Belem,America/Fortaleza,coordinate_polygon,high,,not_required,tzfpy-2026c,polygon lookup differs from existing America/Belem
14595,Santana dos Garrotes,Paraíba,BR,-7.38163,-37.95386,America/Recife,America/Fortaleza,coordinate_polygon,high,,not_required,tzfpy-2026c,polygon lookup differs from existing America/Recife
14606,Santo Amaro do Maranhão,Maranhão,BR,-2.62026,-43.16505,America/Belem,America/Fortaleza,coordinate_polygon,high,,not_required,tzfpy-2026c,polygon lookup differs from existing America/Belem
14608,Santo André,Paraíba,BR,-7.24178,-36.6146,America/Recife,America/Fortaleza,coordinate_polygon,high,,not_required,tzfpy-2026c,polygon lookup differs from existing America/Recife
14642,Santo Antônio dos Lopes,Maranhão,BR,-4.82567,-44.47506,America/Belem,America/Fortaleza,coordinate_polygon,high,,not_required,tzfpy-2026c,polygon lookup differs from existing America/Belem
14661,Sapucaia,Pará,BR,-6.8479,-49.50056,America/Sao_Paulo,America/Belem,coordinate_polygon,high,,not_required,tzfpy-2026c,polygon lookup differs from existing America/Sao_Paulo
14665,Sapé,Paraíba,BR,-7.07937,-35.21734,America/Recife,America/Fortaleza,coordinate_polygon,high,,not_required,tzfpy-2026c,polygon lookup differs from existing America/Recife
14674,Satubinha,Maranhão,BR,-3.84804,-45.25543,America/Belem,America/Fortaleza,coordinate_polygon,high,,not_required,tzfpy-2026c,polygon lookup differs from existing America/Belem
14693,Senador Alexandre Costa,Maranhão,BR,-5.29207,-43.87491,America/Belem,America/Fortaleza,coordinate_polygon,high,,not_required,tzfpy-2026c,polygon lookup differs from existing America/Belem
14703,Senador La Rocque,Maranhão,BR,-5.42661,-47.17194,America/Belem,America/Fortaleza,coordinate_polygon,high,,not_required,tzfpy-2026c,polygon lookup differs from existing America/Belem
14725,Serra Branca,Paraíba,BR,-6.53333,-38.26667,America/Recife,America/Fortaleza,coordinate_polygon,high,,not_required,tzfpy-2026c,polygon lookup differs from existing America/Recife
14728,Serra Grande,Paraíba,BR,-7.2509,-38.39588,America/Recife,America/Fortaleza,coordinate_polygon,high,,not_required,tzfpy-2026c,polygon lookup differs from existing America/Recife
14733,Serra Redonda,Paraíba,BR,-7.15665,-35.67628,America/Recife,America/Fortaleza,coordinate_polygon,high,,not_required,tzfpy-2026c,polygon lookup differs from existing America/Recife
14735,Serra da Raiz,Paraíba,BR,-6.69703,-35.43579,America/Recife,America/Fortaleza,coordinate_polygon,high,,not_required,tzfpy-2026c,polygon lookup differs from existing America/Recife
14739,Serra do Navio,Amapá,BR,1.65803,-52.28195,America/Sao_Paulo,America/Belem,coordinate_polygon,high,,not_required,tzfpy-2026c,polygon lookup differs from existing America/Sao_Paulo
14745,Serrano do Maranhão,Maranhão,BR,-1.85659,-45.08514,America/Belem,America/Fortaleza,coordinate_polygon,high,,not_required,tzfpy-2026c,polygon lookup differs from existing America/Belem
14750,Serraria,Paraíba,BR,-6.86365,-35.66926,America/Recife,America/Fortaleza,coordinate_polygon,high,,not_required,tzfpy-2026c,polygon lookup differs from existing America/Recife
14763,Sertãozinho,Paraíba,BR,-6.73939,-35.41628,America/Recife,America/Fortaleza,coordinate_polygon,high,,not_required,tzfpy-2026c,polygon lookup differs from existing America/Recife
14776,Silvanópolis,Tocantins,BR,-11.11343,-48.22341,America/Sao_Paulo,America/Araguaina,coordinate_polygon,high,,not_required,tzfpy-2026c,polygon lookup differs from existing America/Sao_Paulo
14797,Sobrado,Paraíba,BR,-7.16887,-35.23251,America/Recife,America/Fortaleza,coordinate_polygon,high,,not_required,tzfpy-2026c,polygon lookup differs from existing America/Recife
14802,Soledade,Paraíba,BR,-7.05722,-36.36278,America/Recife,America/Fortaleza,coordinate_polygon,high,,not_required,tzfpy-2026c,polygon lookup differs from existing America/Recife
14807,Solânea,Paraíba,BR,-6.73321,-35.69495,America/Recife,America/Fortaleza,coordinate_polygon,high,,not_required,tzfpy-2026c,polygon lookup differs from existing America/Recife
14813,Sossêgo,Paraíba,BR,-6.67592,-36.17875,America/Recife,America/Fortaleza,coordinate_polygon,high,,not_required,tzfpy-2026c,polygon lookup differs from existing America/Recife
14815,Sousa,Paraíba,BR,-6.73098,-38.18614,America/Recife,America/Fortaleza,coordinate_polygon,high,,not_required,tzfpy-2026c,polygon lookup differs from existing America/Recife
14817,Sucupira,Tocantins,BR,-12.019,-48.84477,America/Sao_Paulo,America/Araguaina,coordinate_polygon,high,,not_required,tzfpy-2026c,polygon lookup differs from existing America/Sao_Paulo
14818,Sucupira do Norte,Maranhão,BR,-6.46683,-44.28011,America/Belem,America/Fortaleza,coordinate_polygon,high,,not_required,tzfpy-2026c,polygon lookup differs from existing America/Belem
14819,Sucupira do Riachão,Maranhão,BR,-6.46791,-43.49722,America/Belem,America/Fortaleza,coordinate_polygon,high,,not_required,tzfpy-2026c,polygon lookup differs from existing America/Belem
14825,Sumé,Paraíba,BR,-7.67167,-36.88,America/Recife,America/Fortaleza,coordinate_polygon,high,,not_required,tzfpy-2026c,polygon lookup differs from existing America/Recife
14832,São Benedito do Rio Preto,Maranhão,BR,-3.33098,-43.74036,America/Belem,America/Fortaleza,coordinate_polygon,high,,not_required,tzfpy-2026c,polygon lookup differs from existing America/Belem
14834,São Bentinho,Paraíba,BR,-6.88452,-37.75898,America/Recife,America/Fortaleza,coordinate_polygon,high,,not_required,tzfpy-2026c,polygon lookup differs from existing America/Recife
14835,São Bento,Maranhão,BR,-2.69583,-44.82139,America/Belem,America/Fortaleza,coordinate_polygon,high,,not_required,tzfpy-2026c,polygon lookup differs from existing America/Belem
14836,São Bento,Paraíba,BR,-6.47344,-37.47144,America/Recife,America/Fortaleza,coordinate_polygon,high,,not_required,tzfpy-2026c,polygon lookup differs from existing America/Recife
14841,São Bento do Tocantins,Tocantins,BR,-5.95028,-47.9963,America/Sao_Paulo,America/Araguaina,coordinate_polygon,high,,not_required,tzfpy-2026c,polygon lookup differs from existing America/Sao_Paulo
14845,São Bernardo,Maranhão,BR,-3.43614,-42.40555,America/Belem,America/Fortaleza,coordinate_polygon,high,,not_required,tzfpy-2026c,polygon lookup differs from existing America/Belem
14862,São Domingos,Paraíba,BR,-6.80733,-37.91657,America/Recife,America/Fortaleza,coordinate_polygon,high,,not_required,tzfpy-2026c,polygon lookup differs from existing America/Recife
14867,São Domingos do Araguaia,Pará,BR,-5.7193,-48.72755,America/Sao_Paulo,America/Belem,coordinate_polygon,high,,not_required,tzfpy-2026c,polygon lookup differs from existing America/Sao_Paulo
14868,São Domingos do Azeitão,Maranhão,BR,-6.85798,-44.58281,America/Belem,America/Fortaleza,coordinate_polygon,high,,not_required,tzfpy-2026c,polygon lookup differs from existing America/Belem
14869,São Domingos do Capim,Pará,BR,-1.87163,-47.77837,America/Sao_Paulo,America/Belem,coordinate_polygon,high,,not_required,tzfpy-2026c,polygon lookup differs from existing America/Sao_Paulo
14870,São Domingos do Cariri,Paraíba,BR,-7.56749,-36.36393,America/Recife,America/Fortaleza,coordinate_polygon,high,,not_required,tzfpy-2026c,polygon lookup differs from existing America/Recife
14871,São Domingos do Maranhão,Maranhão,BR,-5.57583,-44.38528,America/Belem,America/Fortaleza,coordinate_polygon,high,,not_required,tzfpy-2026c,polygon lookup differs from existing America/Belem
14879,São Francisco,Paraíba,BR,-6.63302,-38.0378,America/Recife,America/Fortaleza,coordinate_polygon,high,,not_required,tzfpy-2026c,polygon lookup differs from existing America/Recife
14890,São Francisco do Brejão,Maranhão,BR,-5.1388,-47.34887,America/Belem,America/Fortaleza,coordinate_polygon,high,,not_required,tzfpy-2026c,polygon lookup differs from existing America/Belem
14894,São Francisco do Maranhão,Maranhão,BR,-6.23353,-42.95249,America/Belem,America/Fortaleza,coordinate_polygon,high,,not_required,tzfpy-2026c,polygon lookup differs from existing America/Belem
14900,São Félix de Balsas,Maranhão,BR,-6.94884,-44.83461,America/Belem,America/Fortaleza,coordinate_polygon,high,,not_required,tzfpy-2026c,polygon lookup differs from existing America/Belem
14905,São Félix do Tocantins,Tocantins,BR,-10.06488,-46.72778,America/Sao_Paulo,America/Araguaina,coordinate_polygon,high,,not_required,tzfpy-2026c,polygon lookup differs from existing America/Sao_Paulo
14943,São José da Lagoa Tapada,Paraíba,BR,-6.94245,-38.09393,America/Recife,America/Fortaleza,coordinate_polygon,high,,not_required,tzfpy-2026c,polygon lookup differs from existing America/Recife
14952,São José de Caiana,Paraíba,BR,-7.25916,-38.34483,America/Recife,America/Fortaleza,coordinate_polygon,high,,not_required,tzfpy-2026c,polygon lookup differs from existing America/Recife
14953,São José de Espinharas,Paraíba,BR,-6.80244,-37.38224,America/Recife,America/Fortaleza,coordinate_polygon,high,,not_required,tzfpy-2026c,polygon lookup differs from existing America/Recife
14955,São José de Piranhas,Paraíba,BR,-7.12056,-38.50194,America/Recife,America/Fortaleza,coordinate_polygon,high,,not_required,tzfpy-2026c,polygon lookup differs from existing America/Recife
14956,São José de Princesa,Paraíba,BR,-7.70649,-38.08465,America/Recife,America/Fortaleza,coordinate_polygon,high,,not_required,tzfpy-2026c,polygon lookup differs from existing America/Recife
14957,São José de Ribamar,Maranhão,BR,-2.56194,-44.05417,America/Belem,America/Fortaleza,coordinate_polygon,high,,not_required,tzfpy-2026c,polygon lookup differs from existing America/Belem
14962,São José do Bonfim,Paraíba,BR,-7.13715,-37.31607,America/Recife,America/Fortaleza,coordinate_polygon,high,,not_required,tzfpy-2026c,polygon lookup differs from existing America/Recife
14963,São José do Brejo do Cruz,Paraíba,BR,-6.23731,-37.37932,America/Recife,America/Fortaleza,coordinate_polygon,high,,not_required,tzfpy-2026c,polygon lookup differs from existing America/Recife
14986,São José do Sabugi,Paraíba,BR,-6.82784,-36.80335,America/Recife,America/Fortaleza,coordinate_polygon,high,,not_required,tzfpy-2026c,polygon lookup differs from existing America/Recife
14992,São José dos Basílios,Maranhão,BR,-5.05917,-44.59458,America/Belem,America/Fortaleza,coordinate_polygon,high,,not_required,tzfpy-2026c,polygon lookup differs from existing America/Belem
14994,São José dos Cordeiros,Paraíba,BR,-7.41638,-36.84773,America/Recife,America/Fortaleza,coordinate_polygon,high,,not_required,tzfpy-2026c,polygon lookup differs from existing America/Recife
14997,São José dos Ramos,Paraíba,BR,-7.25103,-35.3741,America/Recife,America/Fortaleza,coordinate_polygon,high,,not_required,tzfpy-2026c,polygon lookup differs from existing America/Recife
15000,São João Batista,Maranhão,BR,-2.95528,-44.80694,America/Belem,America/Fortaleza,coordinate_polygon,high,,not_required,tzfpy-2026c,polygon lookup differs from existing America/Belem
15024,São João do Araguaia,Pará,BR,-5.443,-48.74932,America/Sao_Paulo,America/Belem,coordinate_polygon,high,,not_required,tzfpy-2026c,polygon lookup differs from existing America/Sao_Paulo
15027,São João do Cariri,Paraíba,BR,-7.48465,-36.48602,America/Recife,America/Fortaleza,coordinate_polygon,high,,not_required,tzfpy-2026c,polygon lookup differs from existing America/Recife
15028,São João do Carú,Maranhão,BR,-3.55923,-46.39242,America/Belem,America/Fortaleza,coordinate_polygon,high,,not_required,tzfpy-2026c,polygon lookup differs from existing America/Belem
15037,São João do Paraíso,Maranhão,BR,-6.40174,-46.88929,America/Belem,America/Fortaleza,coordinate_polygon,high,,not_required,tzfpy-2026c,polygon lookup differs from existing America/Belem
15042,São João do Rio do Peixe,Paraíba,BR,-6.71851,-38.42942,America/Recife,America/Fortaleza,coordinate_polygon,high,,not_required,tzfpy-2026c,polygon lookup differs from existing America/Recife
15044,São João do Soter,Maranhão,BR,-4.96497,-43.73953,America/Belem,America/Fortaleza,coordinate_polygon,high,,not_required,tzfpy-2026c,polygon lookup differs from existing America/Belem
15046,São João do Tigre,Paraíba,BR,-8.10906,-36.79766,America/Recife,America/Fortaleza,coordinate_polygon,high,,not_required,tzfpy-2026c,polygon lookup differs from existing America/Recife
15049,São João dos Patos,Maranhão,BR,-6.495,-43.70222,America/Belem,America/Fortaleza,coordinate_polygon,high,,not_required,tzfpy-2026c,polygon lookup differs from existing America/Belem
15063,São Luís,Maranhão,BR,-2.52972,-44.30278,America/Belem,America/Fortaleza,coordinate_polygon,high,,not_required,tzfpy-2026c,polygon lookup differs from existing America/Belem
15064,São Luís Gonzaga do Maranhão,Maranhão,BR,-4.37871,-44.71595,America/Belem,America/Fortaleza,coordinate_polygon,high,,not_required,tzfpy-2026c,polygon lookup differs from existing America/Belem
15068,São Mamede,Paraíba,BR,-6.92111,-37.09131,America/Recife,America/Fortaleza,coordinate_polygon,high,,not_required,tzfpy-2026c,polygon lookup differs from existing America/Recife
15076,São Mateus do Maranhão,Maranhão,BR,-4.04167,-44.475,America/Belem,America/Fortaleza,coordinate_polygon,high,,not_required,tzfpy-2026c,polygon lookup differs from existing America/Belem
15084,São Miguel de Taipu,Paraíba,BR,-7.21706,-35.20175,America/Recife,America/Fortaleza,coordinate_polygon,high,,not_required,tzfpy-2026c,polygon lookup differs from existing America/Recife
15096,São Miguel do Tocantins,Tocantins,BR,-5.53458,-47.6082,America/Sao_Paulo,America/Araguaina,coordinate_polygon,high,,not_required,tzfpy-2026c,polygon lookup differs from existing America/Sao_Paulo
15112,São Pedro da Água Branca,Maranhão,BR,-5.16149,-48.36104,America/Belem,America/Fortaleza,coordinate_polygon,high,,not_required,tzfpy-2026c,polygon lookup differs from existing America/Belem
15123,São Pedro dos Crentes,Maranhão,BR,-6.81958,-46.70736,America/Belem,America/Fortaleza,coordinate_polygon,high,,not_required,tzfpy-2026c,polygon lookup differs from existing America/Belem
15127,São Raimundo das Mangabeiras,Maranhão,BR,-7.02194,-45.48111,America/Belem,America/Fortaleza,coordinate_polygon,high,,not_required,tzfpy-2026c,polygon lookup differs from existing America/Belem
15128,São Raimundo do Doca Bezerra,Maranhão,BR,-5.11025,-45.06894,America/Belem,America/Fortaleza,coordinate_polygon,high,,not_required,tzfpy-2026c,polygon lookup differs from existing America/Belem
15129,São Roberto,Maranhão,BR,-4.98137,-44.991,America/Belem,America/Fortaleza,coordinate_polygon,high,,not_required,tzfpy-2026c,polygon lookup differs from existing America/Belem
15134,São Salvador do Tocantins,Tocantins,BR,-12.54945,-48.40184,America/Sao_Paulo,America/Araguaina,coordinate_polygon,high,,not_required,tzfpy-2026c,polygon lookup differs from existing America/Sao_Paulo
15139,São Sebastião da Boa Vista,Pará,BR,-1.47873,-49.62629,America/Sao_Paulo,America/Belem,coordinate_polygon,high,,not_required,tzfpy-2026c,polygon lookup differs from existing America/Sao_Paulo
15142,São Sebastião de Lagoa de Roça,Paraíba,BR,-7.08497,-35.84445,America/Recife,America/Fortaleza,coordinate_polygon,high,,not_required,tzfpy-2026c,polygon lookup differs from existing America/Recife
15152,São Sebastião do Tocantins,Tocantins,BR,-5.25181,-48.34602,America/Sao_Paulo,America/Araguaina,coordinate_polygon,high,,not_required,tzfpy-2026c,polygon lookup differs from existing America/Sao_Paulo
15154,São Sebastião do Umbuzeiro,Paraíba,BR,-8.1569,-37.0222,America/Recife,America/Fortaleza,coordinate_polygon,high,,not_required,tzfpy-2026c,polygon lookup differs from existing America/Recife
15165,São Valério da Natividade,Tocantins,BR,-11.86029,-48.13995,America/Sao_Paulo,America/Araguaina,coordinate_polygon,high,,not_required,tzfpy-2026c,polygon lookup differs from existing America/Sao_Paulo
15170,São Vicente Ferrer,Maranhão,BR,-2.87717,-44.9396,America/Belem,America/Fortaleza,coordinate_polygon,high,,not_required,tzfpy-2026c,polygon lookup differs from existing America/Belem
15173,São Vicente do Seridó,Paraíba,BR,-6.88683,-36.42652,America/Recife,America/Fortaleza,coordinate_polygon,high,,not_required,tzfpy-2026c,polygon lookup differs from existing America/Recife
15176,Sítio Novo,Maranhão,BR,-6.1559,-46.67216,America/Belem,America/Fortaleza,coordinate_polygon,high,,not_required,tzfpy-2026c,polygon lookup differs from existing America/Belem
15178,Sítio Novo do Tocantins,Tocantins,BR,-5.6299,-47.68644,America/Sao_Paulo,America/Araguaina,coordinate_polygon,high,,not_required,tzfpy-2026c,polygon lookup differs from existing America/Sao_Paulo
15196,Tacima,Paraíba,BR,-6.53805,-35.52277,America/Recife,America/Fortaleza,coordinate_polygon,high,,not_required,tzfpy-2026c,polygon lookup differs from existing America/Recife
15198,Taguatinga,Tocantins,BR,-12.38568,-46.5711,America/Sao_Paulo,America/Araguaina,coordinate_polygon,high,,not_required,tzfpy-2026c,polygon lookup differs from existing America/Sao_Paulo
15201,Tailândia,Pará,BR,-2.87235,-48.75748,America/Sao_Paulo,America/Belem,coordinate_polygon,high,,not_required,tzfpy-2026c,polygon lookup differs from existing America/Sao_Paulo
15203,Taipas do Tocantins,Tocantins,BR,-12.15677,-47.03342,America/Sao_Paulo,America/Araguaina,coordinate_polygon,high,,not_required,tzfpy-2026c,polygon lookup differs from existing America/Sao_Paulo
15207,Talismã,Tocantins,BR,-12.67795,-49.07863,America/Sao_Paulo,America/Araguaina,coordinate_polygon,high,,not_required,tzfpy-2026c,polygon lookup differs from existing America/Sao_Paulo
15230,Taperoá,Paraíba,BR,-7.1687,-36.79197,America/Recife,America/Fortaleza,coordinate_polygon,high,,not_required,tzfpy-2026c,polygon lookup differs from existing America/Recife
15255,Tartarugalzinho,Amapá,BR,1.263,-51.10973,America/Sao_Paulo,America/Belem,coordinate_polygon,high,,not_required,tzfpy-2026c,polygon lookup differs from existing America/Sao_Paulo
15258,Tasso Fragoso,Maranhão,BR,-8.28599,-45.85295,America/Belem,America/Fortaleza,coordinate_polygon,high,,not_required,tzfpy-2026c,polygon lookup differs from existing America/Belem
15262,Tavares,Paraíba,BR,-7.61418,-37.87959,America/Recife,America/Fortaleza,coordinate_polygon,high,,not_required,tzfpy-2026c,polygon lookup differs from existing America/Recife
15265,Teixeira,Paraíba,BR,-7.24821,-37.27523,America/Recife,America/Fortaleza,coordinate_polygon,high,,not_required,tzfpy-2026c,polygon lookup differs from existing America/Recife
15277,Tenório,Paraíba,BR,-6.97568,-36.62216,America/Recife,America/Fortaleza,coordinate_polygon,high,,not_required,tzfpy-2026c,polygon lookup differs from existing America/Recife
15313,Timbiras,Maranhão,BR,-4.19692,-43.82569,America/Belem,America/Fortaleza,coordinate_polygon,high,,not_required,tzfpy-2026c,polygon lookup differs from existing America/Belem
15318,Timon,Maranhão,BR,-5.19778,-42.88047,America/Belem,America/Fortaleza,coordinate_polygon,high,,not_required,tzfpy-2026c,polygon lookup differs from existing America/Belem
15326,Tocantinópolis,Tocantins,BR,-6.26254,-47.55767,America/Sao_Paulo,America/Araguaina,coordinate_polygon,high,,not_required,tzfpy-2026c,polygon lookup differs from existing America/Sao_Paulo
15327,Tocantínia,Tocantins,BR,-9.5644,-48.18709,America/Sao_Paulo,America/Araguaina,coordinate_polygon,high,,not_required,tzfpy-2026c,polygon lookup differs from existing America/Sao_Paulo
15345,Tracuateua,Pará,BR,-0.98894,-46.93973,America/Sao_Paulo,America/Belem,coordinate_polygon,high,,not_required,tzfpy-2026c,polygon lookup differs from existing America/Sao_Paulo
15349,Trairão,Pará,BR,-5.1025,-55.95821,America/Sao_Paulo,America/Santarem,coordinate_polygon,high,,not_required,tzfpy-2026c,polygon lookup differs from existing America/Sao_Paulo
15362,Triunfo,Paraíba,BR,-6.58475,-38.57827,America/Recife,America/Fortaleza,coordinate_polygon,high,,not_required,tzfpy-2026c,polygon lookup differs from existing America/Recife
15366,Trizidela do Vale,Maranhão,BR,-4.52222,-44.61751,America/Belem,America/Fortaleza,coordinate_polygon,high,,not_required,tzfpy-2026c,polygon lookup differs from existing America/Belem
15387,Tucumã,Pará,BR,-6.8347,-51.44562,America/Sao_Paulo,America/Belem,coordinate_polygon,high,,not_required,tzfpy-2026c,polygon lookup differs from existing America/Sao_Paulo
15390,Tufilândia,Maranhão,BR,-3.76611,-45.55606,America/Belem,America/Fortaleza,coordinate_polygon,high,,not_required,tzfpy-2026c,polygon lookup differs from existing America/Belem
15396,Tuntum,Maranhão,BR,-5.60041,-44.85537,America/Belem,America/Fortaleza,coordinate_polygon,high,,not_required,tzfpy-2026c,polygon lookup differs from existing America/Belem
15406,Tupirama,Tocantins,BR,-8.9192,-48.27661,America/Sao_Paulo,America/Araguaina,coordinate_polygon,high,,not_required,tzfpy-2026c,polygon lookup differs from existing America/Sao_Paulo
15407,Tupiratins,Tocantins,BR,-8.38578,-48.22299,America/Sao_Paulo,America/Araguaina,coordinate_polygon,high,,not_required,tzfpy-2026c,polygon lookup differs from existing America/Sao_Paulo
15410,Turiaçu,Maranhão,BR,-1.66333,-45.37167,America/Belem,America/Fortaleza,coordinate_polygon,high,,not_required,tzfpy-2026c,polygon lookup differs from existing America/Belem
15411,Turilândia,Maranhão,BR,-2.12411,-45.34721,America/Belem,America/Fortaleza,coordinate_polygon,high,,not_required,tzfpy-2026c,polygon lookup differs from existing America/Belem
15422,Tutóia,Maranhão,BR,-2.76194,-42.27444,America/Belem,America/Fortaleza,coordinate_polygon,high,,not_required,tzfpy-2026c,polygon lookup differs from existing America/Belem
15442,Uiraúna,Paraíba,BR,-6.4965,-38.38015,America/Recife,America/Fortaleza,coordinate_polygon,high,,not_required,tzfpy-2026c,polygon lookup differs from existing America/Recife
15449,Umbuzeiro,Paraíba,BR,-7.67111,-35.73927,America/Recife,America/Fortaleza,coordinate_polygon,high,,not_required,tzfpy-2026c,polygon lookup differs from existing America/Recife
15467,Urbano Santos,Maranhão,BR,-3.3797,-43.38142,America/Belem,America/Fortaleza,coordinate_polygon,high,,not_required,tzfpy-2026c,polygon lookup differs from existing America/Belem
15471,Uruará,Pará,BR,-3.63212,-53.78023,America/Sao_Paulo,America/Santarem,coordinate_polygon,high,,not_required,tzfpy-2026c,polygon lookup differs from existing America/Sao_Paulo
15512,Vargem Grande,Maranhão,BR,-3.60095,-43.85169,America/Belem,America/Fortaleza,coordinate_polygon,high,,not_required,tzfpy-2026c,polygon lookup differs from existing America/Belem
15552,Viana,Maranhão,BR,-3.19698,-45.00551,America/Belem,America/Fortaleza,coordinate_polygon,high,,not_required,tzfpy-2026c,polygon lookup differs from existing America/Belem
15563,Vieirópolis,Paraíba,BR,-6.55838,-38.27091,America/Recife,America/Fortaleza,coordinate_polygon,high,,not_required,tzfpy-2026c,polygon lookup differs from existing America/Recife
15573,Vila Nova dos Martírios,Maranhão,BR,-5.06154,-48.06797,America/Belem,America/Fortaleza,coordinate_polygon,high,,not_required,tzfpy-2026c,polygon lookup differs from existing America/Belem
15593,Vista Serrana,Paraíba,BR,-6.74167,-37.57597,America/Recife,America/Fortaleza,coordinate_polygon,high,,not_required,tzfpy-2026c,polygon lookup differs from existing America/Recife
15596,Vitorino Freire,Maranhão,BR,-4.21879,-45.3198,America/Belem,America/Fortaleza,coordinate_polygon,high,,not_required,tzfpy-2026c,polygon lookup differs from existing America/Belem
15602,Vitória do Jari,Amapá,BR,-0.95653,-52.03443,America/Sao_Paulo,America/Belem,coordinate_polygon,high,,not_required,tzfpy-2026c,polygon lookup differs from existing America/Sao_Paulo
15603,Vitória do Mearim,Maranhão,BR,-3.46222,-44.87056,America/Belem,America/Fortaleza,coordinate_polygon,high,,not_required,tzfpy-2026c,polygon lookup differs from existing America/Belem
15604,Vitória do Xingu,Pará,BR,-3.22032,-51.88508,America/Sao_Paulo,America/Santarem,coordinate_polygon,high,,not_required,tzfpy-2026c,polygon lookup differs from existing America/Sao_Paulo
15613,Várzea,Paraíba,BR,-6.80276,-37.03707,America/Recife,America/Fortaleza,coordinate_polygon,high,,not_required,tzfpy-2026c,polygon lookup differs from existing America/Recife
15627,Wanderlândia,Tocantins,BR,-6.79803,-48.00415,America/Sao_Paulo,America/Araguaina,coordinate_polygon,high,,not_required,tzfpy-2026c,polygon lookup differs from existing America/Sao_Paulo
15633,Xambioá,Tocantins,BR,-6.59413,-48.43142,America/Sao_Paulo,America/Araguaina,coordinate_polygon,high,,not_required,tzfpy-2026c,polygon lookup differs from existing America/Sao_Paulo
15641,Xinguara,Pará,BR,-6.84897,-49.25573,America/Sao_Paulo,America/Belem,coordinate_polygon,high,,not_required,tzfpy-2026c,polygon lookup differs from existing America/Sao_Paulo
15644,Zabelê,Paraíba,BR,-8.07634,-37.05635,America/Recife,America/Fortaleza,coordinate_polygon,high,,not_required,tzfpy-2026c,polygon lookup differs from existing America/Recife
15647,Zé Doca,Maranhão,BR,-3.22589,-46.05729,America/Belem,America/Fortaleza,coordinate_polygon,high,,not_required,tzfpy-2026c,polygon lookup differs from existing America/Belem
15648,Água Azul do Norte,Pará,BR,-6.63125,-50.62146,America/Sao_Paulo,America/Belem,coordinate_polygon,high,,not_required,tzfpy-2026c,polygon lookup differs from existing America/Sao_Paulo
15653,Água Branca,Paraíba,BR,-7.46957,-37.661,America/Recife,America/Fortaleza,coordinate_polygon,high,,not_required,tzfpy-2026c,polygon lookup differs from existing America/Recife
15657,Água Doce do Maranhão,Maranhão,BR,-2.91251,-42.14125,America/Belem,America/Fortaleza,coordinate_polygon,high,,not_required,tzfpy-2026c,polygon lookup differs from existing America/Belem
15683,Óbidos,Pará,BR,0.1324,-55.82386,America/Sao_Paulo,America/Santarem,coordinate_polygon,high,,not_required,tzfpy-2026c,polygon lookup differs from existing America/Sao_Paulo
16171,Antigonish,Nova Scotia,CA,45.61685,-61.99858,America/Halifax,America/Glace_Bay,coordinate_polygon,high,,not_required,tzfpy-2026c,polygon lookup differs from existing America/Halifax
16179,Atikokan,Ontario,CA,48.75667,-91.62409,America/Toronto,America/Atikokan,coordinate_polygon,high,,not_required,tzfpy-2026c,polygon lookup differs from existing America/Toronto
16184,Baie Ste. Anne,New Brunswick,CA,47.05231,-64.95355,America/Halifax,America/Moncton,coordinate_polygon,high,,not_required,tzfpy-2026c,polygon lookup differs from existing America/Halifax
16198,Bathurst,New Brunswick,CA,47.61814,-65.65112,America/Halifax,America/Moncton,coordinate_polygon,high,,not_required,tzfpy-2026c,polygon lookup differs from existing America/Halifax
16209,Behchokǫ̀,Northwest Territories,CA,62.8025,-116.04639,America/Yellowknife,America/Edmonton,coordinate_polygon,high,,not_required,tzfpy-2026c,polygon lookup differs from existing America/Yellowknife
16217,Biggar,Saskatchewan,CA,52.0668,-108.00135,America/Regina,America/Swift_Current,coordinate_polygon,high,,not_required,tzfpy-2026c,polygon lookup differs from existing America/Regina
16232,Bouctouche,New Brunswick,CA,46.46844,-64.73905,America/Halifax,America/Moncton,coordinate_polygon,high,,not_required,tzfpy-2026c,polygon lookup differs from existing America/Halifax
16264,Campbellton,New Brunswick,CA,48.00751,-66.67272,America/Halifax,America/Moncton,coordinate_polygon,high,,not_required,tzfpy-2026c,polygon lookup differs from existing America/Halifax
16272,Cape Breton,Nova Scotia,CA,46.00014,-60.31516,America/Halifax,America/Glace_Bay,coordinate_polygon,high,,not_required,tzfpy-2026c,polygon lookup differs from existing America/Halifax
16306,Chetwynd,British Columbia,CA,55.69988,-121.63627,America/Vancouver,America/Dawson_Creek,coordinate_polygon,high,,not_required,tzfpy-2026c,polygon lookup differs from existing America/Vancouver
16346,Cranbrook,British Columbia,CA,49.49991,-115.76879,America/Vancouver,America/Edmonton,coordinate_polygon,high,,not_required,tzfpy-2026c,polygon lookup differs from existing America/Vancouver
16347,Creston,British Columbia,CA,49.09987,-116.50211,America/Vancouver,America/Creston,coordinate_polygon,high,,not_required,tzfpy-2026c,polygon lookup differs from existing America/Vancouver
16358,Dawson City,Yukon,CA,64.06013,-139.43328,America/Whitehorse,America/Dawson,coordinate_polygon,high,,not_required,tzfpy-2026c,polygon lookup differs from existing America/Whitehorse
16359,Dawson Creek,British Columbia,CA,55.75984,-120.2403,America/Vancouver,America/Dawson_Creek,coordinate_polygon,high,,not_required,tzfpy-2026c,polygon lookup differs from existing America/Vancouver
16373,Dieppe,New Brunswick,CA,46.07844,-64.68735,America/Halifax,America/Moncton,coordinate_polygon,high,,not_required,tzfpy-2026c,polygon lookup differs from existing America/Halifax
16385,Dryden,Ontario,CA,49.78334,-92.75032,America/Toronto,America/Winnipeg,coordinate_polygon,high,,not_required,tzfpy-2026c,polygon lookup differs from existing America/Toronto
16390,Ear Falls,Ontario,CA,50.63955,-93.23526,America/Toronto,America/Winnipeg,coordinate_polygon,high,,not_required,tzfpy-2026c,polygon lookup differs from existing America/Toronto
16397,Edmundston,New Brunswick,CA,47.3737,-68.32512,America/Halifax,America/Moncton,coordinate_polygon,high,,not_required,tzfpy-2026c,polygon lookup differs from existing America/Halifax
16400,Elkford,British Columbia,CA,50.05007,-114.8854,America/Vancouver,America/Edmonton,coordinate_polygon,high,,not_required,tzfpy-2026c,polygon lookup differs from existing America/Vancouver
16407,Eskasoni 3,Nova Scotia,CA,45.94522,-60.61617,America/Halifax,America/Glace_Bay,coordinate_polygon,high,,not_required,tzfpy-2026c,polygon lookup differs from existing America/Halifax
16417,Fallingbrook,Prince Edward Island,CA,45.47558,-75.48401,America/Halifax,America/Toronto,coordinate_polygon,high,,not_required,tzfpy-2026c,polygon lookup differs from existing America/Halifax
16421,Fernie,British Columbia,CA,49.49996,-115.06871,America/Vancouver,America/Edmonton,coordinate_polygon,high,,not_required,tzfpy-2026c,polygon lookup differs from existing America/Vancouver
16423,Florenceville-Bristol,New Brunswick,CA,46.44353,-67.61536,America/Halifax,America/Moncton,coordinate_polygon,high,,not_required,tzfpy-2026c,polygon lookup differs from existing America/Halifax
16428,Fort Frances,Ontario,CA,48.61667,-93.4003,America/Toronto,America/Winnipeg,coordinate_polygon,high,,not_required,tzfpy-2026c,polygon lookup differs from existing America/Toronto
16431,Fort McPherson,Northwest Territories,CA,67.43863,-134.88543,America/Yellowknife,America/Inuvik,coordinate_polygon,high,,not_required,tzfpy-2026c,polygon lookup differs from existing America/Yellowknife
16432,Fort Nelson,British Columbia,CA,58.80533,-122.7002,America/Vancouver,America/Fort_Nelson,coordinate_polygon,high,,not_required,tzfpy-2026c,polygon lookup differs from existing America/Vancouver
16434,Fort Smith,Northwest Territories,CA,60.00439,-111.88871,America/Yellowknife,America/Edmonton,coordinate_polygon,high,,not_required,tzfpy-2026c,polygon lookup differs from existing America/Yellowknife
16435,Fort St. John,British Columbia,CA,56.24988,-120.85292,America/Vancouver,America/Dawson_Creek,coordinate_polygon,high,,not_required,tzfpy-2026c,polygon lookup differs from existing America/Vancouver
16441,Fredericton,New Brunswick,CA,45.94541,-66.66558,America/Halifax,America/Moncton,coordinate_polygon,high,,not_required,tzfpy-2026c,polygon lookup differs from existing America/Halifax
16444,Fundy Bay,New Brunswick,CA,44.741,-66.76041,America/Halifax,America/Moncton,coordinate_polygon,high,,not_required,tzfpy-2026c,polygon lookup differs from existing America/Halifax
16453,Gjoa Haven,Nunavut,CA,68.62602,-95.87836,America/Iqaluit,America/Cambridge_Bay,coordinate_polygon,high,,not_required,tzfpy-2026c,polygon lookup differs from existing America/Iqaluit
16454,Glace Bay,Nova Scotia,CA,46.19695,-59.95698,America/Halifax,America/Glace_Bay,coordinate_polygon,high,,not_required,tzfpy-2026c,polygon lookup differs from existing America/Halifax
16458,Golden,British Columbia,CA,51.29995,-116.9689,America/Vancouver,America/Edmonton,coordinate_polygon,high,,not_required,tzfpy-2026c,polygon lookup differs from existing America/Vancouver
16459,Golden,Ontario,CA,51.05917,-93.73568,America/Toronto,America/Winnipeg,coordinate_polygon,high,,not_required,tzfpy-2026c,polygon lookup differs from existing America/Toronto
16468,Grande-Digue,New Brunswick,CA,46.30014,-64.56546,America/Halifax,America/Moncton,coordinate_polygon,high,,not_required,tzfpy-2026c,polygon lookup differs from existing America/Halifax
16471,Greater Lakeburn,New Brunswick,CA,46.07651,-64.66818,America/Halifax,America/Moncton,coordinate_polygon,high,,not_required,tzfpy-2026c,polygon lookup differs from existing America/Halifax
16486,Hampton,New Brunswick,CA,45.52876,-65.85354,America/Halifax,America/Moncton,coordinate_polygon,high,,not_required,tzfpy-2026c,polygon lookup differs from existing America/Halifax
16491,Happy Valley-Goose Bay,Newfoundland and Labrador,CA,53.3038,-60.32576,America/St_Johns,America/Goose_Bay,coordinate_polygon,high,,not_required,tzfpy-2026c,polygon lookup differs from existing America/St_Johns
16493,Harrison Brook,New Brunswick,CA,47.21304,-67.92847,America/Halifax,America/Moncton,coordinate_polygon,high,,not_required,tzfpy-2026c,polygon lookup differs from existing America/Halifax
16498,Hay River,Northwest Territories,CA,60.81555,-115.79993,America/Yellowknife,America/Edmonton,coordinate_polygon,high,,not_required,tzfpy-2026c,polygon lookup differs from existing America/Yellowknife
16522,Inuvik,Northwest Territories,CA,68.34986,-133.72181,America/Yellowknife,America/Inuvik,coordinate_polygon,high,,not_required,tzfpy-2026c,polygon lookup differs from existing America/Yellowknife
16523,Invermere,British Columbia,CA,50.51666,-116.03538,America/Vancouver,America/Edmonton,coordinate_polygon,high,,not_required,tzfpy-2026c,polygon lookup differs from existing America/Vancouver
16537,Kenora,Ontario,CA,49.76741,-94.48985,America/Toronto,America/Winnipeg,coordinate_polygon,high,,not_required,tzfpy-2026c,polygon lookup differs from existing America/Toronto
16540,Kerrobert,Saskatchewan,CA,51.91682,-109.13479,America/Regina,America/Swift_Current,coordinate_polygon,high,,not_required,tzfpy-2026c,polygon lookup differs from existing America/Regina
16542,Keswick Ridge,New Brunswick,CA,46.00011,-66.88218,America/Halifax,America/Moncton,coordinate_polygon,high,,not_required,tzfpy-2026c,polygon lookup differs from existing America/Halifax
16545,Kimberley,British Columbia,CA,49.67071,-115.9776,America/Vancouver,America/Edmonton,coordinate_polygon,high,,not_required,tzfpy-2026c,polygon lookup differs from existing America/Vancouver
16547,Kindersley,Saskatchewan,CA,51.46681,-109.16818,America/Regina,America/Swift_Current,coordinate_polygon,high,,not_required,tzfpy-2026c,polygon lookup differs from existing America/Regina
16555,Kugluktuk,Nunavut,CA,67.82743,-115.09649,America/Iqaluit,America/Cambridge_Bay,coordinate_polygon,high,,not_required,tzfpy-2026c,polygon lookup differs from existing America/Iqaluit
16574,Labrador City,Newfoundland and Labrador,CA,52.94626,-66.91137,America/St_Johns,America/Goose_Bay,coordinate_polygon,high,,not_required,tzfpy-2026c,polygon lookup differs from existing America/St_Johns
16618,Lincoln,New Brunswick,CA,45.90012,-66.58218,America/Halifax,America/Moncton,coordinate_polygon,high,,not_required,tzfpy-2026c,polygon lookup differs from existing America/Halifax
16638,Lutes Mountain,New Brunswick,CA,46.13544,-64.90504,America/Halifax,America/Moncton,coordinate_polygon,high,,not_required,tzfpy-2026c,polygon lookup differs from existing America/Halifax
16642,Macklin,Saskatchewan,CA,52.33344,-109.93484,America/Regina,America/Swift_Current,coordinate_polygon,high,,not_required,tzfpy-2026c,polygon lookup differs from existing America/Regina
16655,Maple Creek,Saskatchewan,CA,49.91678,-109.48481,America/Regina,America/Swift_Current,coordinate_polygon,high,,not_required,tzfpy-2026c,polygon lookup differs from existing America/Regina
16672,McEwen,New Brunswick,CA,46.1452,-64.78615,America/Halifax,America/Moncton,coordinate_polygon,high,,not_required,tzfpy-2026c,polygon lookup differs from existing America/Halifax
16673,Meadow Lake,Saskatchewan,CA,54.13348,-108.43471,America/Regina,America/Swift_Current,coordinate_polygon,high,,not_required,tzfpy-2026c,polygon lookup differs from existing America/Regina
16695,Miramichi,New Brunswick,CA,47.02895,-65.50186,America/Halifax,America/Moncton,coordinate_polygon,high,,not_required,tzfpy-2026c,polygon lookup differs from existing America/Halifax
16700,Moncton,New Brunswick,CA,46.09454,-64.7965,America/Halifax,America/Moncton,coordinate_polygon,high,,not_required,tzfpy-2026c,polygon lookup differs from existing America/Halifax
16726,Nackawic,New Brunswick,CA,45.99666,-67.24028,America/Halifax,America/Moncton,coordinate_polygon,high,,not_required,tzfpy-2026c,polygon lookup differs from existing America/Halifax
16741,New Maryland,New Brunswick,CA,45.87932,-66.66828,America/Halifax,America/Moncton,coordinate_polygon,high,,not_required,tzfpy-2026c,polygon lookup differs from existing America/Halifax
16750,Noonan,New Brunswick,CA,45.96682,-66.53218,America/Halifax,America/Moncton,coordinate_polygon,high,,not_required,tzfpy-2026c,polygon lookup differs from existing America/Halifax
16753,Norman Wells,Northwest Territories,CA,65.28201,-126.8329,America/Yellowknife,America/Inuvik,coordinate_polygon,high,,not_required,tzfpy-2026c,polygon lookup differs from existing America/Yellowknife
16755,North Battleford,Saskatchewan,CA,52.77972,-108.2967,America/Regina,America/Swift_Current,coordinate_polygon,high,,not_required,tzfpy-2026c,polygon lookup differs from existing America/Regina
16781,Oromocto,New Brunswick,CA,45.83512,-66.47917,America/Halifax,America/Moncton,coordinate_polygon,high,,not_required,tzfpy-2026c,polygon lookup differs from existing America/Halifax
16788,Outlook,Saskatchewan,CA,51.50008,-107.05128,America/Regina,America/Swift_Current,coordinate_polygon,high,,not_required,tzfpy-2026c,polygon lookup differs from existing America/Regina
16804,Peace River Regional,British Columbia,CA,56.6665,-122.75302,America/Vancouver,America/Dawson_Creek,coordinate_polygon,high,,not_required,tzfpy-2026c,polygon lookup differs from existing America/Vancouver
16840,Port Hawkesbury,Nova Scotia,CA,45.61685,-61.34853,America/Halifax,America/Glace_Bay,coordinate_polygon,high,,not_required,tzfpy-2026c,polygon lookup differs from existing America/Halifax
16859,Princeville,Nova Scotia,CA,45.76684,-61.29853,America/Halifax,America/Glace_Bay,coordinate_polygon,high,,not_required,tzfpy-2026c,polygon lookup differs from existing America/Halifax
16868,Rainy River,Ontario,CA,48.49981,-92.50031,America/Toronto,America/Winnipeg,coordinate_polygon,high,,not_required,tzfpy-2026c,polygon lookup differs from existing America/Toronto
16869,Rankin Inlet,Nunavut,CA,62.80906,-92.08534,America/Iqaluit,America/Rankin_Inlet,coordinate_polygon,high,,not_required,tzfpy-2026c,polygon lookup differs from existing America/Iqaluit
16874,Red Lake,Ontario,CA,51.01678,-93.82736,America/Toronto,America/Winnipeg,coordinate_polygon,high,,not_required,tzfpy-2026c,polygon lookup differs from existing America/Toronto
16884,Richibucto,New Brunswick,CA,46.68073,-64.88044,America/Halifax,America/Moncton,coordinate_polygon,high,,not_required,tzfpy-2026c,polygon lookup differs from existing America/Halifax
16903,Rosetown,Saskatchewan,CA,51.5501,-108.00136,America/Regina,America/Swift_Current,coordinate_polygon,high,,not_required,tzfpy-2026c,polygon lookup differs from existing America/Regina
16910,Sackville,New Brunswick,CA,45.91875,-64.38455,America/Halifax,America/Moncton,coordinate_polygon,high,,not_required,tzfpy-2026c,polygon lookup differs from existing America/Halifax
16913,Saint Andrews,New Brunswick,CA,45.0737,-67.05312,America/Halifax,America/Moncton,coordinate_polygon,high,,not_required,tzfpy-2026c,polygon lookup differs from existing America/Halifax
16914,Saint John,New Brunswick,CA,45.27271,-66.06766,America/Halifax,America/Moncton,coordinate_polygon,high,,not_required,tzfpy-2026c,polygon lookup differs from existing America/Halifax
16921,Saint-Antoine,New Brunswick,CA,46.36294,-64.74985,America/Halifax,America/Moncton,coordinate_polygon,high,,not_required,tzfpy-2026c,polygon lookup differs from existing America/Halifax
16923,Saint-Augustin,Quebec,CA,51.22602,-58.65017,America/Toronto,America/Blanc-Sablon,coordinate_polygon,high,,not_required,tzfpy-2026c,polygon lookup differs from existing America/Toronto
16967,Saint-Léonard,New Brunswick,CA,47.16317,-67.9246,America/Halifax,America/Moncton,coordinate_polygon,high,,not_required,tzfpy-2026c,polygon lookup differs from existing America/Halifax
17014,Salisbury,New Brunswick,CA,46.03905,-65.04628,America/Halifax,America/Moncton,coordinate_polygon,high,,not_required,tzfpy-2026c,polygon lookup differs from existing America/Halifax
17031,Shaunavon,Saskatchewan,CA,49.65005,-108.4181,America/Regina,America/Swift_Current,coordinate_polygon,high,,not_required,tzfpy-2026c,polygon lookup differs from existing America/Regina
17034,Shediac,New Brunswick,CA,46.21981,-64.54107,America/Halifax,America/Moncton,coordinate_polygon,high,,not_required,tzfpy-2026c,polygon lookup differs from existing America/Halifax
17035,Shediac Bridge-Shediac River,New Brunswick,CA,46.26886,-64.60047,America/Halifax,America/Moncton,coordinate_polygon,high,,not_required,tzfpy-2026c,polygon lookup differs from existing America/Halifax
17042,Shippagan,New Brunswick,CA,47.74424,-64.70804,America/Halifax,America/Moncton,coordinate_polygon,high,,not_required,tzfpy-2026c,polygon lookup differs from existing America/Halifax
17046,Sioux Lookout,Ontario,CA,50.06676,-91.98358,America/Toronto,America/Winnipeg,coordinate_polygon,high,,not_required,tzfpy-2026c,polygon lookup differs from existing America/Toronto
17060,Sparwood,British Columbia,CA,49.73332,-114.88532,America/Vancouver,America/Edmonton,coordinate_polygon,high,,not_required,tzfpy-2026c,polygon lookup differs from existing America/Vancouver
17074,Starlight Village,New Brunswick,CA,45.88308,-66.76905,America/Halifax,America/Moncton,coordinate_polygon,high,,not_required,tzfpy-2026c,polygon lookup differs from existing America/Halifax
17090,Sussex,New Brunswick,CA,45.72266,-65.50663,America/Halifax,America/Moncton,coordinate_polygon,high,,not_required,tzfpy-2026c,polygon lookup differs from existing America/Halifax
17094,Swift Current,Saskatchewan,CA,50.28337,-107.80135,America/Regina,America/Swift_Current,coordinate_polygon,high,,not_required,tzfpy-2026c,polygon lookup differs from existing America/Regina
17095,Sydney,Nova Scotia,CA,46.1351,-60.1831,America/Halifax,America/Glace_Bay,coordinate_polygon,high,,not_required,tzfpy-2026c,polygon lookup differs from existing America/Halifax
17096,Sydney Mines,Nova Scotia,CA,46.23669,-60.21767,America/Halifax,America/Glace_Bay,coordinate_polygon,high,,not_required,tzfpy-2026c,polygon lookup differs from existing America/Halifax
17124,Tracadie-Sheila,New Brunswick,CA,47.51444,-64.91806,America/Halifax,America/Moncton,coordinate_polygon,high,,not_required,tzfpy-2026c,polygon lookup differs from existing America/Halifax
17129,Tumbler Ridge,British Columbia,CA,55.13027,-120.99415,America/Vancouver,America/Dawson_Creek,coordinate_polygon,high,,not_required,tzfpy-2026c,polygon lookup differs from existing America/Vancouver
17134,Unity,Saskatchewan,CA,52.45014,-109.16816,America/Regina,America/Swift_Current,coordinate_polygon,high,,not_required,tzfpy-2026c,polygon lookup differs from existing America/Regina
17186,Wells,New Brunswick,CA,45.39274,-65.92313,America/Halifax,America/Moncton,coordinate_polygon,high,,not_required,tzfpy-2026c,polygon lookup differs from existing America/Halifax
17206,Wilkie,Saskatchewan,CA,52.41683,-108.70142,America/Regina,America/Swift_Current,coordinate_polygon,high,,not_required,tzfpy-2026c,polygon lookup differs from existing America/Regina
17221,Yellowknife,Northwest Territories,CA,62.45411,-114.37248,America/Yellowknife,America/Edmonton,coordinate_polygon,high,,not_required,tzfpy-2026c,polygon lookup differs from existing America/Yellowknife
18962,Chile Chico,Aisén del General Carlos Ibañez del Campo,CL,-46.5376,-71.7293,America/Punta_Arenas,America/Coyhaique,coordinate_polygon,high,,not_required,tzfpy-2026c,polygon lookup differs from existing America/Punta_Arenas
18966,Cochrane,Aisén del General Carlos Ibañez del Campo,CL,-47.2539,-72.5732,America/Punta_Arenas,America/Coyhaique,coordinate_polygon,high,,not_required,tzfpy-2026c,polygon lookup differs from existing America/Punta_Arenas
19084,Cisnes,Aisén del General Carlos Ibañez del Campo,CL,-44.7275,-72.6805,America/Punta_Arenas,America/Coyhaique,coordinate_polygon,high,,not_required,tzfpy-2026c,polygon lookup differs from existing America/Punta_Arenas
19274,Aksu,Xinjiang,CN,41.1677575,80.2582136,Asia/Shanghai,Asia/Urumqi,coordinate_polygon,high,,not_required,tzfpy-2026c,polygon lookup differs from existing Asia/Shanghai
19275,Aksu,Xinjiang,CN,40.55689,81.84629,Asia/Shanghai,Asia/Urumqi,coordinate_polygon,high,,not_required,tzfpy-2026c,polygon lookup differs from existing Asia/Shanghai
19276,Altay,Xinjiang,CN,47.1001782,88.4341751,Asia/Shanghai,Asia/Urumqi,coordinate_polygon,high,,not_required,tzfpy-2026c,polygon lookup differs from existing Asia/Shanghai
19277,Altay,Xinjiang,CN,47.86667,88.11667,Asia/Shanghai,Asia/Urumqi,coordinate_polygon,high,,not_required,tzfpy-2026c,polygon lookup differs from existing Asia/Shanghai
19325,Bayingolin,Xinjiang,CN,39.495586,87.9790569,Asia/Shanghai,Asia/Urumqi,coordinate_polygon,high,,not_required,tzfpy-2026c,polygon lookup differs from existing Asia/Shanghai
19365,Changji,Xinjiang,CN,44.3478012,86.6870066,Asia/Shanghai,Asia/Urumqi,coordinate_polygon,high,,not_required,tzfpy-2026c,polygon lookup differs from existing Asia/Shanghai
19366,Changji,Xinjiang,CN,44.01667,87.31667,Asia/Shanghai,Asia/Urumqi,coordinate_polygon,high,,not_required,tzfpy-2026c,polygon lookup differs from existing Asia/Shanghai
19519,Fukang,Xinjiang,CN,44.15874,87.97418,Asia/Shanghai,Asia/Urumqi,coordinate_polygon,high,,not_required,tzfpy-2026c,polygon lookup differs from existing Asia/Shanghai
19593,Hami,Xinjiang,CN,42.8254995,93.5130464,Asia/Shanghai,Asia/Urumqi,coordinate_polygon,high,,not_required,tzfpy-2026c,polygon lookup differs from existing Asia/Shanghai
19690,Ili Kazak Zizhizhou,Xinjiang,CN,43.31211,82.27102,Asia/Shanghai,Asia/Urumqi,coordinate_polygon,high,,not_required,tzfpy-2026c,polygon lookup differs from existing Asia/Shanghai
19775,Kashgar,Xinjiang,CN,39.4665981,75.9900135,Asia/Shanghai,Asia/Urumqi,coordinate_polygon,high,,not_required,tzfpy-2026c,polygon lookup differs from existing Asia/Shanghai
19776,Kaxgar,Xinjiang,CN,39.47543,75.98968,Asia/Shanghai,Asia/Urumqi,coordinate_polygon,high,,not_required,tzfpy-2026c,polygon lookup differs from existing Asia/Shanghai
20005,Qapqal,Xinjiang,CN,43.80194,81.08722,Asia/Shanghai,Asia/Urumqi,coordinate_polygon,high,,not_required,tzfpy-2026c,polygon lookup differs from existing Asia/Shanghai
20152,Tacheng,Xinjiang,CN,46.7907169,83.2079658,Asia/Shanghai,Asia/Urumqi,coordinate_polygon,high,,not_required,tzfpy-2026c,polygon lookup differs from existing Asia/Shanghai
20153,Tacheng,Xinjiang,CN,46.75,82.95,Asia/Shanghai,Asia/Urumqi,coordinate_polygon,high,,not_required,tzfpy-2026c,polygon lookup differs from existing Asia/Shanghai
20200,Turpan,Xinjiang,CN,42.4561611,89.7283163,Asia/Shanghai,Asia/Urumqi,coordinate_polygon,high,,not_required,tzfpy-2026c,polygon lookup differs from existing Asia/Shanghai
20201,Turpan,Xinjiang,CN,42.93333,89.16667,Asia/Shanghai,Asia/Urumqi,coordinate_polygon,high,,not_required,tzfpy-2026c,polygon lookup differs from existing Asia/Shanghai
20204,Urumqi,Xinjiang,CN,43.8244074,87.6139038,Asia/Shanghai,Asia/Urumqi,coordinate_polygon,high,,not_required,tzfpy-2026c,polygon lookup differs from existing Asia/Shanghai
21656,Canoas,Puntarenas,CR,8.53305,-82.83844,America/Costa_Rica,America/Panama,coordinate_polygon,high,,not_required,tzfpy-2026c,polygon lookup differs from existing America/Costa_Rica
22015,Aradíppou,Larnaca (Larnaka),CY,34.95151,33.59199,Asia/Famagusta,Asia/Nicosia,coordinate_polygon,high,,not_required,tzfpy-2026c,polygon lookup differs from existing Asia/Famagusta
22020,Avgórou,Famagusta (Mağusa),CY,35.03615,33.83918,Asia/Famagusta,Asia/Nicosia,coordinate_polygon,high,,not_required,tzfpy-2026c,polygon lookup differs from existing Asia/Famagusta
22021,Ayia Napa,Famagusta (Mağusa),CY,34.98213,34.00183,Asia/Famagusta,Asia/Nicosia,coordinate_polygon,high,,not_required,tzfpy-2026c,polygon lookup differs from existing Asia/Famagusta
22022,Chlórakas,Paphos (Pafos),CY,34.79768,32.41207,Asia/Famagusta,Asia/Nicosia,coordinate_polygon,high,,not_required,tzfpy-2026c,polygon lookup differs from existing Asia/Famagusta
22023,Derýneia,Famagusta (Mağusa),CY,35.06484,33.96083,Asia/Famagusta,Asia/Nicosia,coordinate_polygon,high,,not_required,tzfpy-2026c,polygon lookup differs from existing Asia/Famagusta
22030,Frénaros,Famagusta (Mağusa),CY,35.04121,33.92242,Asia/Famagusta,Asia/Nicosia,coordinate_polygon,high,,not_required,tzfpy-2026c,polygon lookup differs from existing Asia/Famagusta
22051,Larnaca,Larnaca (Larnaka),CY,34.92291,33.6233,Asia/Famagusta,Asia/Nicosia,coordinate_polygon,high,,not_required,tzfpy-2026c,polygon lookup differs from existing Asia/Famagusta
22053,Lemesós,Limassol (Leymasun),CY,34.69218,33.02854,Asia/Famagusta,Asia/Nicosia,coordinate_polygon,high,,not_required,tzfpy-2026c,polygon lookup differs from existing Asia/Famagusta
22056,Liopétri,Famagusta (Mağusa),CY,35.00885,33.89256,Asia/Famagusta,Asia/Nicosia,coordinate_polygon,high,,not_required,tzfpy-2026c,polygon lookup differs from existing Asia/Famagusta
22060,Léfka,Nicosia (Lefkoşa),CY,35.11199,32.84997,Asia/Nicosia,Asia/Famagusta,coordinate_polygon,high,,not_required,tzfpy-2026c,polygon lookup differs from existing Asia/Nicosia
22068,Mórfou,Nicosia (Lefkoşa),CY,35.19869,32.99338,Asia/Nicosia,Asia/Famagusta,coordinate_polygon,high,,not_required,tzfpy-2026c,polygon lookup differs from existing Asia/Nicosia
22070,Nicosia Municipality,Nicosia (Lefkoşa),CY,35.16944,33.36081,Asia/Famagusta,Asia/Nicosia,coordinate_polygon,high,,not_required,tzfpy-2026c,polygon lookup differs from existing Asia/Famagusta
22072,Paralímni,Famagusta (Mağusa),CY,35.03945,33.98181,Asia/Famagusta,Asia/Nicosia,coordinate_polygon,high,,not_required,tzfpy-2026c,polygon lookup differs from existing Asia/Famagusta
22078,Protaras,Famagusta (Mağusa),CY,35.0125,34.05833,Asia/Famagusta,Asia/Nicosia,coordinate_polygon,high,,not_required,tzfpy-2026c,polygon lookup differs from existing Asia/Famagusta
22087,Pérgamos,Larnaca (Larnaka),CY,35.04167,33.70833,Asia/Nicosia,Asia/Famagusta,coordinate_polygon,high,,not_required,tzfpy-2026c,polygon lookup differs from existing Asia/Nicosia
22089,Pýla,Larnaca (Larnaka),CY,35.01237,33.69188,Asia/Famagusta,Asia/Nicosia,coordinate_polygon,high,,not_required,tzfpy-2026c,polygon lookup differs from existing Asia/Famagusta
22092,Soúni-Zanakiá,Limassol (Leymasun),CY,34.7357,32.88437,Asia/Famagusta,Asia/Nicosia,coordinate_polygon,high,,not_required,tzfpy-2026c,polygon lookup differs from existing Asia/Famagusta
22099,Voróklini,Larnaca (Larnaka),CY,34.986,33.65387,Asia/Famagusta,Asia/Nicosia,coordinate_polygon,high,,not_required,tzfpy-2026c,polygon lookup differs from existing Asia/Famagusta
22103,Ágios Tomás,Limassol (Leymasun),CY,34.71158,32.73129,Asia/Famagusta,Asia/Nicosia,coordinate_polygon,high,,not_required,tzfpy-2026c,polygon lookup differs from existing Asia/Famagusta
24459,Bärenstein,Saxony,DE,50.5,13.03333,Europe/Berlin,Europe/Prague,coordinate_polygon,high,,not_required,tzfpy-2026c,polygon lookup differs from existing Europe/Berlin
28213,Palzem,Rhineland-Palatinate,DE,49.56667,6.36667,Europe/Berlin,Europe/Luxembourg,coordinate_polygon,high,,not_required,tzfpy-2026c,polygon lookup differs from existing Europe/Berlin
29228,Sigmarszell,Bavaria,DE,47.58333,9.76667,Europe/Berlin,Europe/Vienna,coordinate_polygon,high,,not_required,tzfpy-2026c,polygon lookup differs from existing Europe/Berlin
30620,Copenhagen,Denmark,DK,43.893439,-75.673828,Europe/Copenhagen,America/New_York,coordinate_polygon,high,,not_required,tzfpy-2026c,polygon lookup differs from existing Europe/Copenhagen
39169,Kitti,Pohnpei,FM,6.8249,158.16081,Pacific/Chuuk,Pacific/Pohnpei,coordinate_polygon,high,,not_required,tzfpy-2026c,polygon lookup differs from existing Pacific/Chuuk
39179,Madolenihm,Pohnpei,FM,6.86759,158.31277,Pacific/Chuuk,Pacific/Pohnpei,coordinate_polygon,high,,not_required,tzfpy-2026c,polygon lookup differs from existing Pacific/Chuuk
39189,Nett,Pohnpei,FM,6.95152,158.22437,Pacific/Chuuk,Pacific/Pohnpei,coordinate_polygon,high,,not_required,tzfpy-2026c,polygon lookup differs from existing Pacific/Chuuk
39193,Nukuoro,Pohnpei,FM,3.841,154.93,Pacific/Chuuk,Pacific/Pohnpei,coordinate_polygon,high,,not_required,tzfpy-2026c,polygon lookup differs from existing Pacific/Chuuk
39211,Sapwuahfik,Pohnpei,FM,5.815,157.28,Pacific/Chuuk,Pacific/Pohnpei,coordinate_polygon,high,,not_required,tzfpy-2026c,polygon lookup differs from existing Pacific/Chuuk
39215,Sokehs,Pohnpei,FM,6.93273,158.1427,Pacific/Chuuk,Pacific/Pohnpei,coordinate_polygon,high,,not_required,tzfpy-2026c,polygon lookup differs from existing Pacific/Chuuk
39223,U,Pohnpei,FM,6.94972,158.27361,Pacific/Chuuk,Pacific/Pohnpei,coordinate_polygon,high,,not_required,tzfpy-2026c,polygon lookup differs from existing Pacific/Chuuk
39228,Utwe,Kosrae,FM,5.27511,162.95617,Pacific/Chuuk,Pacific/Kosrae,coordinate_polygon,high,,not_required,tzfpy-2026c,polygon lookup differs from existing Pacific/Chuuk
52291,Nioro,Lower River,GM,13.35,-15.75,Africa/Banjul,Africa/Dakar,coordinate_polygon,high,,not_required,tzfpy-2026c,polygon lookup differs from existing Africa/Banjul
53833,Skeldon,East Berbice-Corentyne,GY,5.88333,-57.13333,America/Guyana,America/Paramaribo,coordinate_polygon,high,,not_required,tzfpy-2026c,polygon lookup differs from existing America/Guyana
53940,El Achiotal,Lempira,HN,14.08333,-88.75,America/Tegucigalpa,America/El_Salvador,coordinate_polygon,high,,not_required,tzfpy-2026c,polygon lookup differs from existing America/Tegucigalpa
56271,East Halmahera Regency,Maluku Utara,ID,1.33517,128.48627,Asia/Jakarta,Asia/Jayapura,coordinate_polygon,high,,not_required,tzfpy-2026c,polygon lookup differs from existing Asia/Jakarta
56319,Alor,Nusa Tenggara Timur,ID,-8.3,124.56667,Asia/Jakarta,Asia/Makassar,coordinate_polygon,high,,not_required,tzfpy-2026c,polygon lookup differs from existing Asia/Jakarta
56321,Asmat,Papua Selatan,ID,-5.3795,138.46344,Asia/Jakarta,Asia/Jayapura,coordinate_polygon,high,,not_required,tzfpy-2026c,polygon lookup differs from existing Asia/Jakarta
56326,Banggai,Sulawesi Tengah,ID,-0.91141,122.71836,Asia/Jakarta,Asia/Makassar,coordinate_polygon,high,,not_required,tzfpy-2026c,polygon lookup differs from existing Asia/Jakarta
56327,Banggai Kepulauan,Sulawesi Tengah,ID,-1.30236,123.03726,Asia/Jakarta,Asia/Makassar,coordinate_polygon,high,,not_required,tzfpy-2026c,polygon lookup differs from existing Asia/Jakarta
56334,Bangli,Bali,ID,-8.28333,115.35,Asia/Jakarta,Asia/Makassar,coordinate_polygon,high,,not_required,tzfpy-2026c,polygon lookup differs from existing Asia/Jakarta
56335,Banjar,Kalimantan Selatan,ID,-3.31667,115.08333,Asia/Jakarta,Asia/Makassar,coordinate_polygon,high,,not_required,tzfpy-2026c,polygon lookup differs from existing Asia/Jakarta
56337,Bantaeng,Sulawesi Selatan,ID,-5.48333,119.98333,Asia/Jakarta,Asia/Makassar,coordinate_polygon,high,,not_required,tzfpy-2026c,polygon lookup differs from existing Asia/Jakarta
56341,Barito Kuala,Kalimantan Selatan,ID,-3.08333,114.61667,Asia/Jakarta,Asia/Makassar,coordinate_polygon,high,,not_required,tzfpy-2026c,polygon lookup differs from existing Asia/Jakarta
56342,Barito Selatan,Kalimantan Tengah,ID,-1.86667,114.73333,Asia/Jakarta,Asia/Pontianak,coordinate_polygon,high,,not_required,tzfpy-2026c,polygon lookup differs from existing Asia/Jakarta
56343,Barito Timur,Kalimantan Tengah,ID,-1.93333,115.1,Asia/Jakarta,Asia/Pontianak,coordinate_polygon,high,,not_required,tzfpy-2026c,polygon lookup differs from existing Asia/Jakarta
56344,Barito Utara,Kalimantan Tengah,ID,-0.98333,115.1,Asia/Jakarta,Asia/Pontianak,coordinate_polygon,high,,not_required,tzfpy-2026c,polygon lookup differs from existing Asia/Jakarta
56345,Barru,Sulawesi Selatan,ID,-4.43333,119.68333,Asia/Jakarta,Asia/Makassar,coordinate_polygon,high,,not_required,tzfpy-2026c,polygon lookup differs from existing Asia/Jakarta
56352,Belu,Nusa Tenggara Timur,ID,-9.41258,124.95066,Asia/Jakarta,Asia/Makassar,coordinate_polygon,high,,not_required,tzfpy-2026c,polygon lookup differs from existing Asia/Jakarta
56358,Berau,Kalimantan Timur,ID,2,117.3,Asia/Jakarta,Asia/Makassar,coordinate_polygon,high,,not_required,tzfpy-2026c,polygon lookup differs from existing Asia/Jakarta
56359,Biak Numfor,Papua,ID,-1.03333,136,Asia/Jakarta,Asia/Jayapura,coordinate_polygon,high,,not_required,tzfpy-2026c,polygon lookup differs from existing Asia/Jakarta
56360,Kabupaten Bima,Nusa Tenggara Barat,ID,-8.6,118.61667,Asia/Jakarta,Asia/Makassar,coordinate_polygon,high,,not_required,tzfpy-2026c,polygon lookup differs from existing Asia/Jakarta
56365,Boalemo,Gorontalo,ID,0.62689,122.3568,Asia/Jakarta,Asia/Makassar,coordinate_polygon,high,,not_required,tzfpy-2026c,polygon lookup differs from existing Asia/Jakarta
56368,Bolaang Mongondow,Sulawesi Utara,ID,0.75,124.08333,Asia/Jakarta,Asia/Makassar,coordinate_polygon,high,,not_required,tzfpy-2026c,polygon lookup differs from existing Asia/Jakarta
56369,Bolaang Mongondow Selatan,Sulawesi Utara,ID,0.40912,123.75961,Asia/Jakarta,Asia/Makassar,coordinate_polygon,high,,not_required,tzfpy-2026c,polygon lookup differs from existing Asia/Jakarta
56370,Bolaang Mongondow Timur,Sulawesi Utara,ID,0.72073,124.50256,Asia/Jakarta,Asia/Makassar,coordinate_polygon,high,,not_required,tzfpy-2026c,polygon lookup differs from existing Asia/Jakarta
56371,Bolaang Mongondow Utara,Sulawesi Utara,ID,0.78527,123.41766,Asia/Jakarta,Asia/Makassar,coordinate_polygon,high,,not_required,tzfpy-2026c,polygon lookup differs from existing Asia/Jakarta
56372,Bombana,Sulawesi Tenggara,ID,-4.6257,121.81641,Asia/Jakarta,Asia/Makassar,coordinate_polygon,high,,not_required,tzfpy-2026c,polygon lookup differs from existing Asia/Jakarta
56374,Bone,Sulawesi Selatan,ID,-4.7,120.13333,Asia/Jakarta,Asia/Makassar,coordinate_polygon,high,,not_required,tzfpy-2026c,polygon lookup differs from existing Asia/Jakarta
56375,Bone Bolango,Gorontalo,ID,0.50296,123.27501,Asia/Jakarta,Asia/Makassar,coordinate_polygon,high,,not_required,tzfpy-2026c,polygon lookup differs from existing Asia/Jakarta
56376,Boven Digoel,Papua Selatan,ID,-5.70519,140.36349,Asia/Jakarta,Asia/Jayapura,coordinate_polygon,high,,not_required,tzfpy-2026c,polygon lookup differs from existing Asia/Jakarta
56380,Bulukumba,Sulawesi Selatan,ID,-5.41667,120.23333,Asia/Jakarta,Asia/Makassar,coordinate_polygon,high,,not_required,tzfpy-2026c,polygon lookup differs from existing Asia/Jakarta
56381,Bulungan,Kalimantan Utara,ID,3,117.16667,Asia/Jakarta,Asia/Makassar,coordinate_polygon,high,,not_required,tzfpy-2026c,polygon lookup differs from existing Asia/Jakarta
56384,Buru,Maluku,ID,-3.32767,126.68413,Asia/Jakarta,Asia/Jayapura,coordinate_polygon,high,,not_required,tzfpy-2026c,polygon lookup differs from existing Asia/Jakarta
56385,Buru Selatan,Maluku,ID,-3.52187,126.59271,Asia/Jakarta,Asia/Jayapura,coordinate_polygon,high,,not_required,tzfpy-2026c,polygon lookup differs from existing Asia/Jakarta
56386,Buton,Sulawesi Tenggara,ID,-5.31667,122.91667,Asia/Jakarta,Asia/Makassar,coordinate_polygon,high,,not_required,tzfpy-2026c,polygon lookup differs from existing Asia/Jakarta
56387,Buton Selatan,Sulawesi Tenggara,ID,-5.56667,122.7,Asia/Jakarta,Asia/Makassar,coordinate_polygon,high,,not_required,tzfpy-2026c,polygon lookup differs from existing Asia/Jakarta
56388,Buton Tengah,Sulawesi Tenggara,ID,-5.31667,122.33333,Asia/Jakarta,Asia/Makassar,coordinate_polygon,high,,not_required,tzfpy-2026c,polygon lookup differs from existing Asia/Jakarta
56389,Buton Utara,Sulawesi Tenggara,ID,-5.01457,122.93015,Asia/Jakarta,Asia/Makassar,coordinate_polygon,high,,not_required,tzfpy-2026c,polygon lookup differs from existing Asia/Jakarta
56399,Dogiyai,Papua Tengah,ID,-4.03186,135.43945,Asia/Jakarta,Asia/Jayapura,coordinate_polygon,high,,not_required,tzfpy-2026c,polygon lookup differs from existing Asia/Jakarta
56401,Donggala,Sulawesi Tengah,ID,-0.58333,119.85,Asia/Jakarta,Asia/Makassar,coordinate_polygon,high,,not_required,tzfpy-2026c,polygon lookup differs from existing Asia/Jakarta
56404,Enrekang,Sulawesi Selatan,ID,-3.5,119.86667,Asia/Jakarta,Asia/Makassar,coordinate_polygon,high,,not_required,tzfpy-2026c,polygon lookup differs from existing Asia/Jakarta
56406,Flores Timur,Nusa Tenggara Timur,ID,-8.24224,122.96817,Asia/Jakarta,Asia/Makassar,coordinate_polygon,high,,not_required,tzfpy-2026c,polygon lookup differs from existing Asia/Jakarta
56410,Kabupaten Gorontalo,Gorontalo,ID,0.5728,122.2337,Asia/Jakarta,Asia/Makassar,coordinate_polygon,high,,not_required,tzfpy-2026c,polygon lookup differs from existing Asia/Jakarta
56411,Gorontalo Utara,Gorontalo,ID,0.77,122.31667,Asia/Jakarta,Asia/Makassar,coordinate_polygon,high,,not_required,tzfpy-2026c,polygon lookup differs from existing Asia/Jakarta
56412,Gowa,Sulawesi Selatan,ID,-5.31667,119.75,Asia/Jakarta,Asia/Makassar,coordinate_polygon,high,,not_required,tzfpy-2026c,polygon lookup differs from existing Asia/Jakarta
56415,Gunung Mas,Kalimantan Tengah,ID,-0.95,113.5,Asia/Jakarta,Asia/Pontianak,coordinate_polygon,high,,not_required,tzfpy-2026c,polygon lookup differs from existing Asia/Jakarta
56416,Halmahera Barat,Maluku Utara,ID,1.41709,127.55264,Asia/Jakarta,Asia/Jayapura,coordinate_polygon,high,,not_required,tzfpy-2026c,polygon lookup differs from existing Asia/Jakarta
56417,Halmahera Selatan,Maluku Utara,ID,-0.3955,127.90833,Asia/Jakarta,Asia/Jayapura,coordinate_polygon,high,,not_required,tzfpy-2026c,polygon lookup differs from existing Asia/Jakarta
56418,Halmahera Tengah,Maluku Utara,ID,0.48056,128.25,Asia/Jakarta,Asia/Jayapura,coordinate_polygon,high,,not_required,tzfpy-2026c,polygon lookup differs from existing Asia/Jakarta
56420,Hulu Sungai Selatan,Kalimantan Selatan,ID,-2.75,115.2,Asia/Jakarta,Asia/Makassar,coordinate_polygon,high,,not_required,tzfpy-2026c,polygon lookup differs from existing Asia/Jakarta
56421,Hulu Sungai Tengah,Kalimantan Selatan,ID,-2.61667,115.41667,Asia/Jakarta,Asia/Makassar,coordinate_polygon,high,,not_required,tzfpy-2026c,polygon lookup differs from existing Asia/Jakarta
56422,Hulu Sungai Utara,Kalimantan Selatan,ID,-2.45,115.13333,Asia/Jakarta,Asia/Makassar,coordinate_polygon,high,,not_required,tzfpy-2026c,polygon lookup differs from existing Asia/Jakarta
56427,Intan Jaya,Papua Tengah,ID,-3.41016,136.70837,Asia/Jakarta,Asia/Jayapura,coordinate_polygon,high,,not_required,tzfpy-2026c,polygon lookup differs from existing Asia/Jakarta
56428,Kabupaten Jayapura,Papua,ID,-3,139.95,Asia/Jakarta,Asia/Jayapura,coordinate_polygon,high,,not_required,tzfpy-2026c,polygon lookup differs from existing Asia/Jakarta
56429,Jayawijaya,Papua Pegunungan,ID,-4.08333,139.08333,Asia/Jakarta,Asia/Jayapura,coordinate_polygon,high,,not_required,tzfpy-2026c,polygon lookup differs from existing Asia/Jakarta
56437,Kapuas,Kalimantan Tengah,ID,-2.01667,114.38333,Asia/Jakarta,Asia/Pontianak,coordinate_polygon,high,,not_required,tzfpy-2026c,polygon lookup differs from existing Asia/Jakarta
56438,Karang Asem,Bali,ID,-8.3891,115.5393,Asia/Jakarta,Asia/Makassar,coordinate_polygon,high,,not_required,tzfpy-2026c,polygon lookup differs from existing Asia/Jakarta
56447,Keerom,Papua,ID,-3.3,140.61667,Asia/Jakarta,Asia/Jayapura,coordinate_polygon,high,,not_required,tzfpy-2026c,polygon lookup differs from existing Asia/Jakarta
56451,Kepulauan Aru,Maluku,ID,-6.17059,134.46991,Asia/Jakarta,Asia/Jayapura,coordinate_polygon,high,,not_required,tzfpy-2026c,polygon lookup differs from existing Asia/Jakarta
56454,Kepulauan Sangihe,Sulawesi Utara,ID,3.5,125.55,Asia/Jakarta,Asia/Makassar,coordinate_polygon,high,,not_required,tzfpy-2026c,polygon lookup differs from existing Asia/Jakarta
56455,Kepulauan Sula,Maluku Utara,ID,-1.8646,125.69046,Asia/Jakarta,Asia/Jayapura,coordinate_polygon,high,,not_required,tzfpy-2026c,polygon lookup differs from existing Asia/Jakarta
56457,Kepulauan Yapen,Papua,ID,-1.78773,136.27716,Asia/Jakarta,Asia/Jayapura,coordinate_polygon,high,,not_required,tzfpy-2026c,polygon lookup differs from existing Asia/Jakarta
56461,Kolaka,Sulawesi Tenggara,ID,-4.08333,121.66667,Asia/Jakarta,Asia/Makassar,coordinate_polygon,high,,not_required,tzfpy-2026c,polygon lookup differs from existing Asia/Jakarta
56462,Kolaka Timur,Sulawesi Tenggara,ID,-4.01807,121.86172,Asia/Jakarta,Asia/Makassar,coordinate_polygon,high,,not_required,tzfpy-2026c,polygon lookup differs from existing Asia/Jakarta
56463,Kolaka Utara,Sulawesi Tenggara,ID,-3.10452,121.12427,Asia/Jakarta,Asia/Makassar,coordinate_polygon,high,,not_required,tzfpy-2026c,polygon lookup differs from existing Asia/Jakarta
56464,Konawe,Sulawesi Tenggara,ID,-3.91717,122.08823,Asia/Jakarta,Asia/Makassar,coordinate_polygon,high,,not_required,tzfpy-2026c,polygon lookup differs from existing Asia/Jakarta
56465,Konawe Kepulauan,Sulawesi Tenggara,ID,-4.11656,123.10181,Asia/Jakarta,Asia/Makassar,coordinate_polygon,high,,not_required,tzfpy-2026c,polygon lookup differs from existing Asia/Jakarta
56466,Konawe Selatan,Sulawesi Tenggara,ID,-4.19191,122.44854,Asia/Jakarta,Asia/Makassar,coordinate_polygon,high,,not_required,tzfpy-2026c,polygon lookup differs from existing Asia/Jakarta
56467,Konawe Utara,Sulawesi Tenggara,ID,-3.41552,121.99081,Asia/Jakarta,Asia/Makassar,coordinate_polygon,high,,not_required,tzfpy-2026c,polygon lookup differs from existing Asia/Jakarta
56468,Kota Baru,Kalimantan Selatan,ID,-3,116,Asia/Jakarta,Asia/Makassar,coordinate_polygon,high,,not_required,tzfpy-2026c,polygon lookup differs from existing Asia/Jakarta
56469,Kotawaringin Barat,Kalimantan Tengah,ID,-2.4,111.73333,Asia/Jakarta,Asia/Pontianak,coordinate_polygon,high,,not_required,tzfpy-2026c,polygon lookup differs from existing Asia/Jakarta
56470,Kotawaringin Timur,Kalimantan Tengah,ID,-2.08333,112.75,Asia/Jakarta,Asia/Pontianak,coordinate_polygon,high,,not_required,tzfpy-2026c,polygon lookup differs from existing Asia/Jakarta
56475,Kabupaten Kupang,Nusa Tenggara Timur,ID,-9.91667,123.83333,Asia/Jakarta,Asia/Makassar,coordinate_polygon,high,,not_required,tzfpy-2026c,polygon lookup differs from existing Asia/Jakarta
56476,Kutai Barat,Kalimantan Timur,ID,-0.59417,115.51575,Asia/Jakarta,Asia/Makassar,coordinate_polygon,high,,not_required,tzfpy-2026c,polygon lookup differs from existing Asia/Jakarta
56478,Kutai Timur,Kalimantan Timur,ID,1.03769,117.83112,Asia/Jakarta,Asia/Makassar,coordinate_polygon,high,,not_required,tzfpy-2026c,polygon lookup differs from existing Asia/Jakarta
56482,Lamandau,Kalimantan Tengah,ID,-1.83828,111.2869,Asia/Jakarta,Asia/Pontianak,coordinate_polygon,high,,not_required,tzfpy-2026c,polygon lookup differs from existing Asia/Jakarta
56490,Lanny Jaya,Papua Pegunungan,ID,-3.91244,138.28766,Asia/Jakarta,Asia/Jayapura,coordinate_polygon,high,,not_required,tzfpy-2026c,polygon lookup differs from existing Asia/Jakarta
56499,Lombok Utara,Nusa Tenggara Barat,ID,-8.35214,116.40152,Asia/Jakarta,Asia/Makassar,coordinate_polygon,high,,not_required,tzfpy-2026c,polygon lookup differs from existing Asia/Jakarta
56501,Luwu,Sulawesi Selatan,ID,-2.5577,121.3242,Asia/Jakarta,Asia/Makassar,coordinate_polygon,high,,not_required,tzfpy-2026c,polygon lookup differs from existing Asia/Jakarta
56502,Luwu Timur,Sulawesi Selatan,ID,-2.50957,120.3978,Asia/Jakarta,Asia/Makassar,coordinate_polygon,high,,not_required,tzfpy-2026c,polygon lookup differs from existing Asia/Jakarta
56503,Luwu Utara,Sulawesi Selatan,ID,-2.6,120.25,Asia/Jakarta,Asia/Makassar,coordinate_polygon,high,,not_required,tzfpy-2026c,polygon lookup differs from existing Asia/Jakarta
56507,Mahakam Hulu,Kalimantan Timur,ID,0.37822,115.38048,Asia/Jakarta,Asia/Makassar,coordinate_polygon,high,,not_required,tzfpy-2026c,polygon lookup differs from existing Asia/Jakarta
56509,Kabupaten Majene,Sulawesi Barat,ID,-3.15,118.86667,Asia/Jakarta,Asia/Makassar,coordinate_polygon,high,,not_required,tzfpy-2026c,polygon lookup differs from existing Asia/Jakarta
56510,Malaka,Nusa Tenggara Timur,ID,-9.5632,124.89481,Asia/Jakarta,Asia/Makassar,coordinate_polygon,high,,not_required,tzfpy-2026c,polygon lookup differs from existing Asia/Jakarta
56512,Malinau,Kalimantan Utara,ID,2.45,115.68333,Asia/Jakarta,Asia/Makassar,coordinate_polygon,high,,not_required,tzfpy-2026c,polygon lookup differs from existing Asia/Jakarta
56513,Maluku Barat Daya,Maluku,ID,-7.8296,126.17386,Asia/Jakarta,Asia/Jayapura,coordinate_polygon,high,,not_required,tzfpy-2026c,polygon lookup differs from existing Asia/Jakarta
56514,Maluku Tengah,Maluku,ID,-3.29167,128.9675,Asia/Jakarta,Asia/Jayapura,coordinate_polygon,high,,not_required,tzfpy-2026c,polygon lookup differs from existing Asia/Jakarta
56516,Maluku Tenggara Barat,Maluku,ID,-7.61186,131.38,Asia/Jakarta,Asia/Jayapura,coordinate_polygon,high,,not_required,tzfpy-2026c,polygon lookup differs from existing Asia/Jakarta
56517,Mamasa,Sulawesi Barat,ID,-2.96492,119.30631,Asia/Jakarta,Asia/Makassar,coordinate_polygon,high,,not_required,tzfpy-2026c,polygon lookup differs from existing Asia/Jakarta
56518,Mamberamo Raya,Papua,ID,-2.23561,137.78229,Asia/Jakarta,Asia/Jayapura,coordinate_polygon,high,,not_required,tzfpy-2026c,polygon lookup differs from existing Asia/Jakarta
56519,Mamberamo Tengah,Papua Pegunungan,ID,-2.46064,138.45245,Asia/Jakarta,Asia/Jayapura,coordinate_polygon,high,,not_required,tzfpy-2026c,polygon lookup differs from existing Asia/Jakarta
56520,Kabupaten Mamuju,Sulawesi Barat,ID,-2.5,119.41667,Asia/Jakarta,Asia/Makassar,coordinate_polygon,high,,not_required,tzfpy-2026c,polygon lookup differs from existing Asia/Jakarta
56521,Mamuju Tengah,Sulawesi Barat,ID,-2.8212,119.2662,Asia/Jakarta,Asia/Makassar,coordinate_polygon,high,,not_required,tzfpy-2026c,polygon lookup differs from existing Asia/Jakarta
56522,Mamuju Utara,Sulawesi Barat,ID,-1.51639,119.42139,Asia/Jakarta,Asia/Makassar,coordinate_polygon,high,,not_required,tzfpy-2026c,polygon lookup differs from existing Asia/Jakarta
56524,Manggarai,Nusa Tenggara Timur,ID,-8.56667,120.41667,Asia/Jakarta,Asia/Makassar,coordinate_polygon,high,,not_required,tzfpy-2026c,polygon lookup differs from existing Asia/Jakarta
56525,Manggarai Barat,Nusa Tenggara Timur,ID,-8.64484,119.88281,Asia/Jakarta,Asia/Makassar,coordinate_polygon,high,,not_required,tzfpy-2026c,polygon lookup differs from existing Asia/Jakarta
56526,Manggarai Timur,Nusa Tenggara Timur,ID,-8.55533,120.59761,Asia/Jakarta,Asia/Makassar,coordinate_polygon,high,,not_required,tzfpy-2026c,polygon lookup differs from existing Asia/Jakarta
56527,Kabupaten Manokwari,Papua Barat,ID,-0.9,133.75,Asia/Jakarta,Asia/Jayapura,coordinate_polygon,high,,not_required,tzfpy-2026c,polygon lookup differs from existing Asia/Jakarta
56528,Manokwari Selatan,Papua Barat,ID,-1.0798,133.96729,Asia/Jakarta,Asia/Jayapura,coordinate_polygon,high,,not_required,tzfpy-2026c,polygon lookup differs from existing Asia/Jakarta
56529,Mappi,Papua Selatan,ID,-6.49971,139.34441,Asia/Jakarta,Asia/Jayapura,coordinate_polygon,high,,not_required,tzfpy-2026c,polygon lookup differs from existing Asia/Jakarta
56530,Kabupaten Maros,Sulawesi Selatan,ID,-5.05,119.71667,Asia/Jakarta,Asia/Makassar,coordinate_polygon,high,,not_required,tzfpy-2026c,polygon lookup differs from existing Asia/Jakarta
56531,Maybrat,Papua Barat Daya,ID,-1.2155,132.35092,Asia/Jakarta,Asia/Jayapura,coordinate_polygon,high,,not_required,tzfpy-2026c,polygon lookup differs from existing Asia/Jakarta
56533,Merauke,Papua Selatan,ID,-7.66667,139.66667,Asia/Jakarta,Asia/Jayapura,coordinate_polygon,high,,not_required,tzfpy-2026c,polygon lookup differs from existing Asia/Jakarta
56535,Mimika,Papua Tengah,ID,-4.54357,136.56555,Asia/Jakarta,Asia/Jayapura,coordinate_polygon,high,,not_required,tzfpy-2026c,polygon lookup differs from existing Asia/Jakarta
56537,Minahasa Selatan,Sulawesi Utara,ID,1.21291,124.59708,Asia/Jakarta,Asia/Makassar,coordinate_polygon,high,,not_required,tzfpy-2026c,polygon lookup differs from existing Asia/Jakarta
56538,Minahasa Tenggara,Sulawesi Utara,ID,1.05633,124.7925,Asia/Jakarta,Asia/Makassar,coordinate_polygon,high,,not_required,tzfpy-2026c,polygon lookup differs from existing Asia/Jakarta
56539,Minahasa Utara,Sulawesi Utara,ID,1.4025,124.96,Asia/Jakarta,Asia/Makassar,coordinate_polygon,high,,not_required,tzfpy-2026c,polygon lookup differs from existing Asia/Jakarta
56541,Morowali Utara,Sulawesi Tengah,ID,-1.7207,121.24649,Asia/Jakarta,Asia/Makassar,coordinate_polygon,high,,not_required,tzfpy-2026c,polygon lookup differs from existing Asia/Jakarta
56545,Muna,Sulawesi Tenggara,ID,-4.96667,122.66667,Asia/Jakarta,Asia/Makassar,coordinate_polygon,high,,not_required,tzfpy-2026c,polygon lookup differs from existing Asia/Jakarta
56546,Muna Barat,Sulawesi Tenggara,ID,-4.83333,122.48333,Asia/Jakarta,Asia/Makassar,coordinate_polygon,high,,not_required,tzfpy-2026c,polygon lookup differs from existing Asia/Jakarta
56547,Murung Raya,Kalimantan Tengah,ID,-0.01667,114.26667,Asia/Jakarta,Asia/Pontianak,coordinate_polygon,high,,not_required,tzfpy-2026c,polygon lookup differs from existing Asia/Jakarta
56555,Nduga,Papua Pegunungan,ID,-4.45093,138.10089,Asia/Jakarta,Asia/Jayapura,coordinate_polygon,high,,not_required,tzfpy-2026c,polygon lookup differs from existing Asia/Jakarta
56556,Ngada,Nusa Tenggara Timur,ID,-8.66667,121,Asia/Jakarta,Asia/Makassar,coordinate_polygon,high,,not_required,tzfpy-2026c,polygon lookup differs from existing Asia/Jakarta
56562,Nunukan,Kalimantan Utara,ID,4.13333,116.7,Asia/Jakarta,Asia/Makassar,coordinate_polygon,high,,not_required,tzfpy-2026c,polygon lookup differs from existing Asia/Jakarta
56577,Paniai,Papua Tengah,ID,-3.9,136.6,Asia/Jakarta,Asia/Jayapura,coordinate_polygon,high,,not_required,tzfpy-2026c,polygon lookup differs from existing Asia/Jakarta
56578,Parigi Moutong,Sulawesi Tengah,ID,0.3368,120.17841,Asia/Jakarta,Asia/Makassar,coordinate_polygon,high,,not_required,tzfpy-2026c,polygon lookup differs from existing Asia/Jakarta
56581,Paser,Kalimantan Timur,ID,-1.43517,116.23535,Asia/Jakarta,Asia/Makassar,coordinate_polygon,high,,not_required,tzfpy-2026c,polygon lookup differs from existing Asia/Jakarta
56584,Pegunungan Bintang,Papua Pegunungan,ID,-4.52167,140.29541,Asia/Jakarta,Asia/Jayapura,coordinate_polygon,high,,not_required,tzfpy-2026c,polygon lookup differs from existing Asia/Jakarta
56588,Penajam Paser Utara,Kalimantan Timur,ID,-1.25,116.83333,Asia/Jakarta,Asia/Makassar,coordinate_polygon,high,,not_required,tzfpy-2026c,polygon lookup differs from existing Asia/Jakarta
56594,Pinrang,Sulawesi Selatan,ID,-3.61667,119.6,Asia/Jakarta,Asia/Makassar,coordinate_polygon,high,,not_required,tzfpy-2026c,polygon lookup differs from existing Asia/Jakarta
56595,Pohuwato,Gorontalo,ID,0.7098,121.59582,Asia/Jakarta,Asia/Makassar,coordinate_polygon,high,,not_required,tzfpy-2026c,polygon lookup differs from existing Asia/Jakarta
56596,Polewali Mandar,Sulawesi Barat,ID,-3.3,119.16667,Asia/Jakarta,Asia/Makassar,coordinate_polygon,high,,not_required,tzfpy-2026c,polygon lookup differs from existing Asia/Jakarta
56598,Kabupaten Poso,Sulawesi Tengah,ID,-1.65,120.5,Asia/Jakarta,Asia/Makassar,coordinate_polygon,high,,not_required,tzfpy-2026c,polygon lookup differs from existing Asia/Jakarta
56601,Pulang Pisau,Kalimantan Tengah,ID,-3.11858,113.8623,Asia/Jakarta,Asia/Pontianak,coordinate_polygon,high,,not_required,tzfpy-2026c,polygon lookup differs from existing Asia/Jakarta
56602,Pulau Morotai,Maluku Utara,ID,2.19924,128.40546,Asia/Jakarta,Asia/Jayapura,coordinate_polygon,high,,not_required,tzfpy-2026c,polygon lookup differs from existing Asia/Jakarta
56603,Pulau Taliabu,Maluku Utara,ID,-1.84578,124.78992,Asia/Jakarta,Asia/Jayapura,coordinate_polygon,high,,not_required,tzfpy-2026c,polygon lookup differs from existing Asia/Jakarta
56604,Puncak,Papua Tengah,ID,-3.67241,137.43896,Asia/Jakarta,Asia/Jayapura,coordinate_polygon,high,,not_required,tzfpy-2026c,polygon lookup differs from existing Asia/Jakarta
56608,Raja Ampat,Papua Barat Daya,ID,-0.5,130,Asia/Jakarta,Asia/Jayapura,coordinate_polygon,high,,not_required,tzfpy-2026c,polygon lookup differs from existing Asia/Jakarta
56613,Rote Ndao,Nusa Tenggara Timur,ID,-10.73617,123.12054,Asia/Jakarta,Asia/Makassar,coordinate_polygon,high,,not_required,tzfpy-2026c,polygon lookup differs from existing Asia/Jakarta
56614,Sabu Raijua,Nusa Tenggara Timur,ID,-10.56286,121.78894,Asia/Jakarta,Asia/Makassar,coordinate_polygon,high,,not_required,tzfpy-2026c,polygon lookup differs from existing Asia/Jakarta
56617,Sarmi,Papua,ID,-2.41667,139.08333,Asia/Jakarta,Asia/Jayapura,coordinate_polygon,high,,not_required,tzfpy-2026c,polygon lookup differs from existing Asia/Jakarta
56621,Seram Bagian Barat,Maluku,ID,-3.1027,128.42996,Asia/Jakarta,Asia/Jayapura,coordinate_polygon,high,,not_required,tzfpy-2026c,polygon lookup differs from existing Asia/Jakarta
56622,Seram Bagian Timur,Maluku,ID,-3.39851,130.39167,Asia/Jakarta,Asia/Jayapura,coordinate_polygon,high,,not_required,tzfpy-2026c,polygon lookup differs from existing Asia/Jakarta
56627,Siau Tagulandang Biaro,Sulawesi Utara,ID,2.11728,125.37512,Asia/Jakarta,Asia/Makassar,coordinate_polygon,high,,not_required,tzfpy-2026c,polygon lookup differs from existing Asia/Jakarta
56628,Sidenreng Rappang,Sulawesi Selatan,ID,-3.85,119.96667,Asia/Jakarta,Asia/Makassar,coordinate_polygon,high,,not_required,tzfpy-2026c,polygon lookup differs from existing Asia/Jakarta
56630,Sigi,Sulawesi Tengah,ID,-1.385,119.96694,Asia/Jakarta,Asia/Makassar,coordinate_polygon,high,,not_required,tzfpy-2026c,polygon lookup differs from existing Asia/Jakarta
56632,Sikka,Nusa Tenggara Timur,ID,-8.66667,122.36667,Asia/Jakarta,Asia/Makassar,coordinate_polygon,high,,not_required,tzfpy-2026c,polygon lookup differs from existing Asia/Jakarta
56635,Kabupaten Sinjai,Sulawesi Selatan,ID,-5.21667,120.15,Asia/Jakarta,Asia/Makassar,coordinate_polygon,high,,not_required,tzfpy-2026c,polygon lookup differs from existing Asia/Jakarta
56640,Soppeng,Sulawesi Selatan,ID,-4.3842,119.89,Asia/Jakarta,Asia/Makassar,coordinate_polygon,high,,not_required,tzfpy-2026c,polygon lookup differs from existing Asia/Jakarta
56641,Kabupaten Sorong,Papua Barat Daya,ID,-1.16667,131.5,Asia/Jakarta,Asia/Jayapura,coordinate_polygon,high,,not_required,tzfpy-2026c,polygon lookup differs from existing Asia/Jakarta
56642,Sorong Selatan,Papua Barat Daya,ID,-1.50495,132.28638,Asia/Jakarta,Asia/Jayapura,coordinate_polygon,high,,not_required,tzfpy-2026c,polygon lookup differs from existing Asia/Jakarta
56646,Sukamara,Kalimantan Tengah,ID,-2.62675,111.23681,Asia/Jakarta,Asia/Pontianak,coordinate_polygon,high,,not_required,tzfpy-2026c,polygon lookup differs from existing Asia/Jakarta
56648,Sumba Barat,Nusa Tenggara Timur,ID,-9.56667,119.45,Asia/Jakarta,Asia/Makassar,coordinate_polygon,high,,not_required,tzfpy-2026c,polygon lookup differs from existing Asia/Jakarta
56649,Sumba Barat Daya,Nusa Tenggara Timur,ID,-9.56216,119.08905,Asia/Jakarta,Asia/Makassar,coordinate_polygon,high,,not_required,tzfpy-2026c,polygon lookup differs from existing Asia/Jakarta
56650,Sumba Tengah,Nusa Tenggara Timur,ID,-9.62941,119.61914,Asia/Jakarta,Asia/Makassar,coordinate_polygon,high,,not_required,tzfpy-2026c,polygon lookup differs from existing Asia/Jakarta
56651,Sumba Timur,Nusa Tenggara Timur,ID,-9.88333,120.25,Asia/Jakarta,Asia/Makassar,coordinate_polygon,high,,not_required,tzfpy-2026c,polygon lookup differs from existing Asia/Jakarta
56652,Sumbawa,Nusa Tenggara Barat,ID,-8.7439,117.3324,Asia/Jakarta,Asia/Makassar,coordinate_polygon,high,,not_required,tzfpy-2026c,polygon lookup differs from existing Asia/Jakarta
56653,Sumbawa Barat,Nusa Tenggara Barat,ID,-8.75159,116.92132,Asia/Jakarta,Asia/Makassar,coordinate_polygon,high,,not_required,tzfpy-2026c,polygon lookup differs from existing Asia/Jakarta
56656,Supiori,Papua,ID,-0.73881,135.61111,Asia/Jakarta,Asia/Jayapura,coordinate_polygon,high,,not_required,tzfpy-2026c,polygon lookup differs from existing Asia/Jakarta
56657,Tabalong,Kalimantan Selatan,ID,-1.88333,115.5,Asia/Jakarta,Asia/Makassar,coordinate_polygon,high,,not_required,tzfpy-2026c,polygon lookup differs from existing Asia/Jakarta
56659,Takalar,Sulawesi Selatan,ID,-5.41667,119.51667,Asia/Jakarta,Asia/Makassar,coordinate_polygon,high,,not_required,tzfpy-2026c,polygon lookup differs from existing Asia/Jakarta
56660,Tambrauw,Papua Barat Daya,ID,-0.60515,132.48962,Asia/Jakarta,Asia/Jayapura,coordinate_polygon,high,,not_required,tzfpy-2026c,polygon lookup differs from existing Asia/Jakarta
56661,Tana Tidung,Kalimantan Utara,ID,3.55,117.25,Asia/Jakarta,Asia/Makassar,coordinate_polygon,high,,not_required,tzfpy-2026c,polygon lookup differs from existing Asia/Jakarta
56662,Tana Toraja,Sulawesi Selatan,ID,-3.0024,119.79655,Asia/Jakarta,Asia/Makassar,coordinate_polygon,high,,not_required,tzfpy-2026c,polygon lookup differs from existing Asia/Jakarta
56663,Tanah Bumbu,Kalimantan Selatan,ID,-3.45413,115.70372,Asia/Jakarta,Asia/Makassar,coordinate_polygon,high,,not_required,tzfpy-2026c,polygon lookup differs from existing Asia/Jakarta
56665,Tanah Laut,Kalimantan Selatan,ID,-3.88333,114.86667,Asia/Jakarta,Asia/Makassar,coordinate_polygon,high,,not_required,tzfpy-2026c,polygon lookup differs from existing Asia/Jakarta
56677,Teluk Bintuni,Papua Barat,ID,-1.88037,133.33105,Asia/Jakarta,Asia/Jayapura,coordinate_polygon,high,,not_required,tzfpy-2026c,polygon lookup differs from existing Asia/Jakarta
56678,Teluk Wondama,Papua Barat,ID,-2.7,134.5,Asia/Jakarta,Asia/Jayapura,coordinate_polygon,high,,not_required,tzfpy-2026c,polygon lookup differs from existing Asia/Jakarta
56680,Timor Tengah Selatan,Nusa Tenggara Timur,ID,-9.83333,124.4,Asia/Jakarta,Asia/Makassar,coordinate_polygon,high,,not_required,tzfpy-2026c,polygon lookup differs from existing Asia/Jakarta
56681,Timor Tengah Utara,Nusa Tenggara Timur,ID,-9.33136,124.51904,Asia/Jakarta,Asia/Makassar,coordinate_polygon,high,,not_required,tzfpy-2026c,polygon lookup differs from existing Asia/Jakarta
56682,Toli-Toli,Sulawesi Tengah,ID,1.30862,120.88643,Asia/Jakarta,Asia/Makassar,coordinate_polygon,high,,not_required,tzfpy-2026c,polygon lookup differs from existing Asia/Jakarta
56683,Tolikara,Papua Pegunungan,ID,-3.42661,137.41699,Asia/Jakarta,Asia/Jayapura,coordinate_polygon,high,,not_required,tzfpy-2026c,polygon lookup differs from existing Asia/Jakarta
56689,Wajo,Sulawesi Selatan,ID,-4,120.16667,Asia/Jakarta,Asia/Makassar,coordinate_polygon,high,,not_required,tzfpy-2026c,polygon lookup differs from existing Asia/Jakarta
56690,Waropen,Papua,ID,-2.286,137.01837,Asia/Jakarta,Asia/Jayapura,coordinate_polygon,high,,not_required,tzfpy-2026c,polygon lookup differs from existing Asia/Jakarta
56694,Yahukimo,Papua Pegunungan,ID,-4.60403,139.58405,Asia/Jakarta,Asia/Jayapura,coordinate_polygon,high,,not_required,tzfpy-2026c,polygon lookup differs from existing Asia/Jakarta
56703,Katabu,Sulawesi Tenggara,ID,-4.9333,122.5167,Asia/Jakarta,Asia/Makassar,coordinate_polygon,high,,not_required,tzfpy-2026c,polygon lookup differs from existing Asia/Jakarta
56823,Kualakapuas,Kalimantan Tengah,ID,-3.00913,114.38759,Asia/Jakarta,Asia/Pontianak,coordinate_polygon,high,,not_required,tzfpy-2026c,polygon lookup differs from existing Asia/Jakarta
56876,Morowali Regency,Sulawesi Tengah,ID,-2.76062,121.95267,Asia/Jakarta,Asia/Makassar,coordinate_polygon,high,,not_required,tzfpy-2026c,polygon lookup differs from existing Asia/Jakarta
56963,Selayar Islands Regency,Sulawesi Selatan,ID,-6.81667,120.8,Asia/Jakarta,Asia/Makassar,coordinate_polygon,high,,not_required,tzfpy-2026c,polygon lookup differs from existing Asia/Jakarta
57034,Tojo Una-Una Regency,Sulawesi Tengah,ID,-1.2036,121.48201,Asia/Jakarta,Asia/Makassar,coordinate_polygon,high,,not_required,tzfpy-2026c,polygon lookup differs from existing Asia/Jakarta
57049,Wakatobi Regency,Sulawesi Tenggara,ID,-5.31934,123.5948,Asia/Jakarta,Asia/Makassar,coordinate_polygon,high,,not_required,tzfpy-2026c,polygon lookup differs from existing Asia/Jakarta
64839,Moyale,Marsabit,KE,3.52661,39.0561,Africa/Nairobi,Africa/Addis_Ababa,coordinate_polygon,high,,not_required,tzfpy-2026c,polygon lookup differs from existing Africa/Nairobi
65041,Abaiang,Gilbert,KI,1.85293,172.94369,Pacific/Enderbury,Pacific/Tarawa,coordinate_polygon,high,,not_required,tzfpy-2026c,polygon lookup differs from existing Pacific/Enderbury
65042,Abemama,Gilbert,KI,0.4,173.86667,Pacific/Enderbury,Pacific/Tarawa,coordinate_polygon,high,,not_required,tzfpy-2026c,polygon lookup differs from existing Pacific/Enderbury
65047,Banaba,Gilbert,KI,-0.855,169.538,Pacific/Enderbury,Pacific/Tarawa,coordinate_polygon,high,,not_required,tzfpy-2026c,polygon lookup differs from existing Pacific/Enderbury
65050,Beru,Gilbert,KI,-1.32957,175.98072,Pacific/Enderbury,Pacific/Tarawa,coordinate_polygon,high,,not_required,tzfpy-2026c,polygon lookup differs from existing Pacific/Enderbury
65055,Butaritari,Gilbert,KI,3.17205,172.79675,Pacific/Enderbury,Pacific/Tarawa,coordinate_polygon,high,,not_required,tzfpy-2026c,polygon lookup differs from existing Pacific/Enderbury
65057,Kanton,Phoenix,KI,-2.81,-171.678,Pacific/Enderbury,Pacific/Kanton,coordinate_polygon,high,,not_required,tzfpy-2026c,polygon lookup differs from existing Pacific/Enderbury
65059,Kuria,Gilbert,KI,0.26522,173.38881,Pacific/Enderbury,Pacific/Tarawa,coordinate_polygon,high,,not_required,tzfpy-2026c,polygon lookup differs from existing Pacific/Enderbury
65061,Maiana,Gilbert,KI,0.91869,172.99759,Pacific/Enderbury,Pacific/Tarawa,coordinate_polygon,high,,not_required,tzfpy-2026c,polygon lookup differs from existing Pacific/Enderbury
65064,Marakei,Gilbert,KI,2.01077,173.27637,Pacific/Enderbury,Pacific/Tarawa,coordinate_polygon,high,,not_required,tzfpy-2026c,polygon lookup differs from existing Pacific/Enderbury
65069,Onotoa,Gilbert,KI,-1.88587,175.56393,Pacific/Enderbury,Pacific/Tarawa,coordinate_polygon,high,,not_required,tzfpy-2026c,polygon lookup differs from existing Pacific/Enderbury
65071,Tabiteuea,Gilbert,KI,-1.42241,174.89805,Pacific/Enderbury,Pacific/Tarawa,coordinate_polygon,high,,not_required,tzfpy-2026c,polygon lookup differs from existing Pacific/Enderbury
65598,Akkol’,Atyrau,KZ,48.77177,53.1858,Asia/Almaty,Asia/Atyrau,coordinate_polygon,high,,not_required,tzfpy-2026c,polygon lookup differs from existing Asia/Almaty
65604,Aktau,Mangystau,KZ,43.65,51.16667,Asia/Almaty,Asia/Aqtau,coordinate_polygon,high,,not_required,tzfpy-2026c,polygon lookup differs from existing Asia/Almaty
65615,Aral,Kyzylorda,KZ,46.8,61.66667,Asia/Almaty,Asia/Qyzylorda,coordinate_polygon,high,,not_required,tzfpy-2026c,polygon lookup differs from existing Asia/Almaty
65616,Arkalyk,Kostanay,KZ,50.24915,66.92027,Asia/Almaty,Asia/Qostanay,coordinate_polygon,high,,not_required,tzfpy-2026c,polygon lookup differs from existing Asia/Almaty
65629,Ayteke Bi,Kyzylorda,KZ,45.84607,62.15264,Asia/Almaty,Asia/Qyzylorda,coordinate_polygon,high,,not_required,tzfpy-2026c,polygon lookup differs from existing Asia/Almaty
65636,Batamshinskiy,Aktobe,KZ,50.56022,58.27715,Asia/Almaty,Asia/Aqtobe,coordinate_polygon,high,,not_required,tzfpy-2026c,polygon lookup differs from existing Asia/Almaty
65639,Bayshonas,Atyrau,KZ,47.24139,52.94111,Asia/Almaty,Asia/Atyrau,coordinate_polygon,high,,not_required,tzfpy-2026c,polygon lookup differs from existing Asia/Almaty
65655,Burlin,West Kazakhstan,KZ,51.42724,52.71392,Asia/Almaty,Asia/Oral,coordinate_polygon,high,,not_required,tzfpy-2026c,polygon lookup differs from existing Asia/Almaty
65658,Chapaev,West Kazakhstan,KZ,50.2,51.16667,Asia/Almaty,Asia/Oral,coordinate_polygon,high,,not_required,tzfpy-2026c,polygon lookup differs from existing Asia/Almaty
65662,Chingirlau,West Kazakhstan,KZ,51.09878,54.08426,Asia/Almaty,Asia/Oral,coordinate_polygon,high,,not_required,tzfpy-2026c,polygon lookup differs from existing Asia/Almaty
65667,Dossor,Atyrau,KZ,47.52722,52.98111,Asia/Almaty,Asia/Atyrau,coordinate_polygon,high,,not_required,tzfpy-2026c,polygon lookup differs from existing Asia/Almaty
65669,Dzhalagash,Kyzylorda,KZ,45.08333,64.66667,Asia/Almaty,Asia/Qyzylorda,coordinate_polygon,high,,not_required,tzfpy-2026c,polygon lookup differs from existing Asia/Almaty
65670,Dzhambeyty,West Kazakhstan,KZ,50.25676,52.59895,Asia/Almaty,Asia/Oral,coordinate_polygon,high,,not_required,tzfpy-2026c,polygon lookup differs from existing Asia/Almaty
65697,Khromtau,Aktobe,KZ,50.25117,58.44003,Asia/Almaty,Asia/Aqtobe,coordinate_polygon,high,,not_required,tzfpy-2026c,polygon lookup differs from existing Asia/Almaty
65701,Komsomolets,Kostanay,KZ,53.75019,62.0584,Asia/Almaty,Asia/Qostanay,coordinate_polygon,high,,not_required,tzfpy-2026c,polygon lookup differs from existing Asia/Almaty
65719,Makhambet,Atyrau,KZ,47.66667,51.58333,Asia/Almaty,Asia/Atyrau,coordinate_polygon,high,,not_required,tzfpy-2026c,polygon lookup differs from existing Asia/Almaty
65723,Maqat,Atyrau,KZ,47.65,53.31667,Asia/Almaty,Asia/Atyrau,coordinate_polygon,high,,not_required,tzfpy-2026c,polygon lookup differs from existing Asia/Almaty
65732,Munayshy,Mangystau,KZ,43.49111,52.10861,Asia/Almaty,Asia/Aqtau,coordinate_polygon,high,,not_required,tzfpy-2026c,polygon lookup differs from existing Asia/Almaty
65739,Oral,West Kazakhstan,KZ,51.23333,51.36667,Asia/Almaty,Asia/Oral,coordinate_polygon,high,,not_required,tzfpy-2026c,polygon lookup differs from existing Asia/Almaty
65740,Ordzhonikidze,Kostanay,KZ,52.44772,61.74942,Asia/Almaty,Asia/Qostanay,coordinate_polygon,high,,not_required,tzfpy-2026c,polygon lookup differs from existing Asia/Almaty
65745,Peremetnoe,West Kazakhstan,KZ,51.19925,50.85544,Asia/Almaty,Asia/Oral,coordinate_polygon,high,,not_required,tzfpy-2026c,polygon lookup differs from existing Asia/Almaty
65751,Qaraton,Atyrau,KZ,46.43528,53.48639,Asia/Almaty,Asia/Atyrau,coordinate_polygon,high,,not_required,tzfpy-2026c,polygon lookup differs from existing Asia/Almaty
65757,Qazaly,Kyzylorda,KZ,45.76278,62.1075,Asia/Almaty,Asia/Qyzylorda,coordinate_polygon,high,,not_required,tzfpy-2026c,polygon lookup differs from existing Asia/Almaty
65760,Qusmuryn,Kostanay,KZ,52.45107,64.61977,Asia/Almaty,Asia/Qostanay,coordinate_polygon,high,,not_required,tzfpy-2026c,polygon lookup differs from existing Asia/Almaty
65762,Rudnyy,Kostanay,KZ,52.9729,63.11677,Asia/Almaty,Asia/Qostanay,coordinate_polygon,high,,not_required,tzfpy-2026c,polygon lookup differs from existing Asia/Almaty
65773,Sekseūil,Kyzylorda,KZ,47.09,61.15194,Asia/Almaty,Asia/Qyzylorda,coordinate_polygon,high,,not_required,tzfpy-2026c,polygon lookup differs from existing Asia/Almaty
65779,Shalqar,Aktobe,KZ,47.83333,59.6,Asia/Almaty,Asia/Aqtobe,coordinate_polygon,high,,not_required,tzfpy-2026c,polygon lookup differs from existing Asia/Almaty
65786,Shetpe,Mangystau,KZ,44.16667,52.11667,Asia/Almaty,Asia/Aqtau,coordinate_polygon,high,,not_required,tzfpy-2026c,polygon lookup differs from existing Asia/Almaty
65792,Shīeli,Kyzylorda,KZ,44.16882,66.73887,Asia/Almaty,Asia/Qyzylorda,coordinate_polygon,high,,not_required,tzfpy-2026c,polygon lookup differs from existing Asia/Almaty
65804,Tasböget,Kyzylorda,KZ,44.77384,65.55227,Asia/Almaty,Asia/Qyzylorda,coordinate_polygon,high,,not_required,tzfpy-2026c,polygon lookup differs from existing Asia/Almaty
65815,Torghay,Kostanay,KZ,49.63389,63.49806,Asia/Almaty,Asia/Qostanay,coordinate_polygon,high,,not_required,tzfpy-2026c,polygon lookup differs from existing Asia/Almaty
65831,Yrghyz,Aktobe,KZ,48.61667,61.26667,Asia/Almaty,Asia/Aqtobe,coordinate_polygon,high,,not_required,tzfpy-2026c,polygon lookup differs from existing Asia/Almaty
65844,Zhetibay,Mangystau,KZ,43.59417,52.07889,Asia/Almaty,Asia/Aqtau,coordinate_polygon,high,,not_required,tzfpy-2026c,polygon lookup differs from existing Asia/Almaty
67064,Aousserd,Oued Ed-Dahab (EH),MA,21.91977,-15.02068,Africa/Casablanca,Africa/El_Aaiun,coordinate_polygon,high,,not_required,tzfpy-2026c,polygon lookup differs from existing Africa/Casablanca
67089,Boujdour,Laâyoune-Sakia El Hamra (EH-partial),MA,25.66172,-13.68419,Africa/Casablanca,Africa/El_Aaiun,coordinate_polygon,high,,not_required,tzfpy-2026c,polygon lookup differs from existing Africa/Casablanca
67127,Gueltat Zemmour,Laâyoune-Sakia El Hamra (EH-partial),MA,25.14276,-12.37168,Africa/Casablanca,Africa/El_Aaiun,coordinate_polygon,high,,not_required,tzfpy-2026c,polygon lookup differs from existing Africa/Casablanca
67134,Imlili,Oued Ed-Dahab (EH),MA,22.6558,-15.60719,Africa/Casablanca,Africa/El_Aaiun,coordinate_polygon,high,,not_required,tzfpy-2026c,polygon lookup differs from existing Africa/Casablanca
67182,Oued-Ed-Dahab,Oued Ed-Dahab (EH),MA,23.64201,-14.44934,Africa/Casablanca,Africa/El_Aaiun,coordinate_polygon,high,,not_required,tzfpy-2026c,polygon lookup differs from existing Africa/Casablanca
67220,Smara,Laâyoune-Sakia El Hamra (EH-partial),MA,26.73841,-11.67194,Africa/Casablanca,Africa/El_Aaiun,coordinate_polygon,high,,not_required,tzfpy-2026c,polygon lookup differs from existing Africa/Casablanca
67356,Mataguži,Tuzi,ME,42.35,19.41667,Europe/Podgorica,Europe/Tirane,coordinate_polygon,high,,not_required,tzfpy-2026c,polygon lookup differs from existing Europe/Podgorica
67705,Altai,Govi-Altai,MN,46.37222,96.25833,Asia/Hovd,Asia/Ulaanbaatar,coordinate_polygon,high,,not_required,tzfpy-2026c,polygon lookup differs from existing Asia/Hovd
67721,Harhorin,Övörkhangai,MN,47.19753,102.82379,Asia/Choibalsan,Asia/Ulaanbaatar,coordinate_polygon,high,,not_required,tzfpy-2026c,polygon lookup differs from existing Asia/Choibalsan
67728,Möst,Khovd,MN,46.67712,92.78521,Asia/Choibalsan,Asia/Hovd,coordinate_polygon,high,,not_required,tzfpy-2026c,polygon lookup differs from existing Asia/Choibalsan
67729,Nariynteel,Övörkhangai,MN,45.9595,101.45977,Asia/Choibalsan,Asia/Ulaanbaatar,coordinate_polygon,high,,not_required,tzfpy-2026c,polygon lookup differs from existing Asia/Choibalsan
67730,Nomgon Sum,Ömnögovi,MN,42.41462,105.0564,Asia/Choibalsan,Asia/Ulaanbaatar,coordinate_polygon,high,,not_required,tzfpy-2026c,polygon lookup differs from existing Asia/Choibalsan
67738,Uliastay,Zavkhan,MN,47.74167,96.84444,Asia/Hovd,Asia/Ulaanbaatar,coordinate_polygon,high,,not_required,tzfpy-2026c,polygon lookup differs from existing Asia/Hovd
67741,Üyönch,Khovd,MN,46.04786,92.02612,Asia/Choibalsan,Asia/Hovd,coordinate_polygon,high,,not_required,tzfpy-2026c,polygon lookup differs from existing Asia/Choibalsan
68029,Acala,Chiapas,MX,16.55625,-92.80449,America/Merida,America/Mexico_City,coordinate_polygon,high,,not_required,tzfpy-2026c,polygon lookup differs from existing America/Merida
68162,Ahumada,Chihuahua,MX,30.48174,-106.48832,America/Mexico_City,America/Chihuahua,coordinate_polygon,high,,not_required,tzfpy-2026c,polygon lookup differs from existing America/Mexico_City
68187,Aldama,Chihuahua,MX,28.93636,-105.71098,America/Mexico_City,America/Chihuahua,coordinate_polygon,high,,not_required,tzfpy-2026c,polygon lookup differs from existing America/Mexico_City
68208,Allende,Chihuahua,MX,27.07787,-105.28789,America/Mexico_City,America/Chihuahua,coordinate_polygon,high,,not_required,tzfpy-2026c,polygon lookup differs from existing America/Mexico_City
68233,Amado Gómez,Tabasco,MX,18.14684,-93.35618,America/Merida,America/Mexico_City,coordinate_polygon,high,,not_required,tzfpy-2026c,polygon lookup differs from existing America/Merida
68247,Amatán,Chiapas,MX,17.36667,-92.81667,America/Merida,America/Mexico_City,coordinate_polygon,high,,not_required,tzfpy-2026c,polygon lookup differs from existing America/Merida
68285,Anáhuac,Nuevo León,MX,27.3227986,-100.0663184,America/Mexico_City,America/Matamoros,coordinate_polygon,high,,not_required,tzfpy-2026c,polygon lookup differs from existing America/Mexico_City
68299,Apatzingán,Tabasco,MX,17.60803,-91.06687,America/Merida,America/Mexico_City,coordinate_polygon,high,,not_required,tzfpy-2026c,polygon lookup differs from existing America/Merida
68323,Aquiles Serdán,Chihuahua,MX,28.58454,-105.88108,America/Mexico_City,America/Chihuahua,coordinate_polygon,high,,not_required,tzfpy-2026c,polygon lookup differs from existing America/Mexico_City
68345,Arena de Hidalgo,Tabasco,MX,17.45827,-91.58847,America/Merida,America/Mexico_City,coordinate_polygon,high,,not_required,tzfpy-2026c,polygon lookup differs from existing America/Merida
68379,Ascensión,Chihuahua,MX,31.27914,-107.73149,America/Mexico_City,America/Ciudad_Juarez,coordinate_polygon,high,,not_required,tzfpy-2026c,polygon lookup differs from existing America/Mexico_City
68460,Ayapa,Tabasco,MX,18.2241,-93.11158,America/Merida,America/Mexico_City,coordinate_polygon,high,,not_required,tzfpy-2026c,polygon lookup differs from existing America/Merida
68582,Belén,Tabasco,MX,17.78907,-92.61137,America/Merida,America/Mexico_City,coordinate_polygon,high,,not_required,tzfpy-2026c,polygon lookup differs from existing America/Merida
68602,Benito Juárez,Quintana Roo,MX,21.02029,-87.04101,America/Mexico_City,America/Cancun,coordinate_polygon,high,,not_required,tzfpy-2026c,polygon lookup differs from existing America/Mexico_City
68625,Bochil,Chiapas,MX,16.99625,-92.89218,America/Merida,America/Mexico_City,coordinate_polygon,high,,not_required,tzfpy-2026c,polygon lookup differs from existing America/Merida
68656,Bucerías,Nayarit,MX,20.75626,-105.33438,America/Mazatlan,America/Bahia_Banderas,coordinate_polygon,high,,not_required,tzfpy-2026c,polygon lookup differs from existing America/Mazatlan
68667,Buenaventura,Chihuahua,MX,30.02116,-107.19308,America/Mexico_City,America/Chihuahua,coordinate_polygon,high,,not_required,tzfpy-2026c,polygon lookup differs from existing America/Mexico_City
68726,Calakmul,Campeche,MX,18,-89.75,America/Mexico_City,America/Merida,coordinate_polygon,high,,not_required,tzfpy-2026c,polygon lookup differs from existing America/Mexico_City
68741,Calkiní,Campeche,MX,20.38583,-89.98764,America/Mexico_City,America/Merida,coordinate_polygon,high,,not_required,tzfpy-2026c,polygon lookup differs from existing America/Mexico_City
68745,Calotmul,Yucatán,MX,21.02494,-88.12581,America/Mexico_City,America/Merida,coordinate_polygon,high,,not_required,tzfpy-2026c,polygon lookup differs from existing America/Mexico_City
68758,Camargo,Chihuahua,MX,27.82905,-104.78012,America/Mexico_City,America/Chihuahua,coordinate_polygon,high,,not_required,tzfpy-2026c,polygon lookup differs from existing America/Mexico_City
68759,Camargo,Tamaulipas,MX,26.2313,-98.85019,America/Mexico_City,America/Matamoros,coordinate_polygon,high,,not_required,tzfpy-2026c,polygon lookup differs from existing America/Mexico_City
68770,Campeche,Campeche,MX,19.84386,-90.52554,America/Mexico_City,America/Merida,coordinate_polygon,high,,not_required,tzfpy-2026c,polygon lookup differs from existing America/Mexico_City
68789,Candelaria,Campeche,MX,18,-90.75,America/Mexico_City,America/Merida,coordinate_polygon,high,,not_required,tzfpy-2026c,polygon lookup differs from existing America/Mexico_City
68794,Cantamayec,Yucatán,MX,20.43186,-89.07176,America/Mexico_City,America/Merida,coordinate_polygon,high,,not_required,tzfpy-2026c,polygon lookup differs from existing America/Mexico_City
68822,Carichí,Chihuahua,MX,27.74601,-107.07795,America/Mexico_City,America/Chihuahua,coordinate_polygon,high,,not_required,tzfpy-2026c,polygon lookup differs from existing America/Mexico_City
68908,Cerralvo,Nuevo León,MX,26.09766,-99.6534,America/Mexico_City,America/Monterrey,coordinate_polygon,high,,not_required,tzfpy-2026c,polygon lookup differs from existing America/Mexico_City
68943,Chablé,Tabasco,MX,17.85895,-91.7813,America/Merida,America/Mexico_City,coordinate_polygon,high,,not_required,tzfpy-2026c,polygon lookup differs from existing America/Merida
68968,Champotón,Campeche,MX,19.35042,-90.70991,America/Mexico_City,America/Merida,coordinate_polygon,high,,not_required,tzfpy-2026c,polygon lookup differs from existing America/Mexico_City
68978,Chapab,Yucatán,MX,20.48633,-89.46779,America/Mexico_City,America/Merida,coordinate_polygon,high,,not_required,tzfpy-2026c,polygon lookup differs from existing America/Mexico_City
68989,Chapultenango,Chiapas,MX,17.33333,-93.13333,America/Merida,America/Mexico_City,coordinate_polygon,high,,not_required,tzfpy-2026c,polygon lookup differs from existing America/Merida
69021,Chichicapa,Tabasco,MX,18.26228,-93.1821,America/Merida,America/Mexico_City,coordinate_polygon,high,,not_required,tzfpy-2026c,polygon lookup differs from existing America/Merida
69034,Chicoasén,Chiapas,MX,16.96528,-93.10472,America/Merida,America/Mexico_City,coordinate_polygon,high,,not_required,tzfpy-2026c,polygon lookup differs from existing America/Merida
69037,Chicomuselo,Chiapas,MX,15.7442,-92.2833,America/Merida,America/Mexico_City,coordinate_polygon,high,,not_required,tzfpy-2026c,polygon lookup differs from existing America/Merida
69056,Chihuahua,Chihuahua,MX,28.82669,-106.19876,America/Mexico_City,America/Chihuahua,coordinate_polygon,high,,not_required,tzfpy-2026c,polygon lookup differs from existing America/Mexico_City
69112,Chula Vista,Coahuila de Zaragoza,MX,27.04083,-103.36611,America/Monterrey,America/Matamoros,coordinate_polygon,high,,not_required,tzfpy-2026c,polygon lookup differs from existing America/Monterrey
69131,Cieneguillas,Durango,MX,24.05472,-104.05186,America/Mexico_City,America/Monterrey,coordinate_polygon,high,,not_required,tzfpy-2026c,polygon lookup differs from existing America/Mexico_City
69147,Ciudad Camargo,Tamaulipas,MX,26.31437,-98.83378,America/Monterrey,America/Matamoros,coordinate_polygon,high,,not_required,tzfpy-2026c,polygon lookup differs from existing America/Monterrey
69159,Ciudad Gustavo Díaz Ordaz,Tamaulipas,MX,26.23186,-98.5956,America/Monterrey,America/Matamoros,coordinate_polygon,high,,not_required,tzfpy-2026c,polygon lookup differs from existing America/Monterrey
69160,Ciudad Hidalgo,Chiapas,MX,14.68148,-92.15217,America/Merida,America/Mexico_City,coordinate_polygon,high,,not_required,tzfpy-2026c,polygon lookup differs from existing America/Merida
69171,Ciudad Miguel Alemán,Tamaulipas,MX,26.39952,-99.02836,America/Monterrey,America/Matamoros,coordinate_polygon,high,,not_required,tzfpy-2026c,polygon lookup differs from existing America/Monterrey
69175,Ciudad Pemex,Tabasco,MX,17.88268,-92.48406,America/Merida,America/Mexico_City,coordinate_polygon,high,,not_required,tzfpy-2026c,polygon lookup differs from existing America/Merida
69176,Ciudad Río Bravo,Tamaulipas,MX,25.98729,-98.09414,America/Mexico_City,America/Matamoros,coordinate_polygon,high,,not_required,tzfpy-2026c,polygon lookup differs from existing America/Mexico_City
69222,Coapilla,Chiapas,MX,17.13137,-93.15946,America/Merida,America/Mexico_City,coordinate_polygon,high,,not_required,tzfpy-2026c,polygon lookup differs from existing America/Merida
69237,Cocohital,Tabasco,MX,18.39527,-93.34527,America/Merida,America/Mexico_City,coordinate_polygon,high,,not_required,tzfpy-2026c,polygon lookup differs from existing America/Merida
69377,Colonia Venustiano Carranza,Coahuila de Zaragoza,MX,28.63861,-100.55667,America/Monterrey,America/Matamoros,coordinate_polygon,high,,not_required,tzfpy-2026c,polygon lookup differs from existing America/Monterrey
69417,Comalapa,Chiapas,MX,15.65924,-92.14237,America/Merida,America/Mexico_City,coordinate_polygon,high,,not_required,tzfpy-2026c,polygon lookup differs from existing America/Merida
69418,Comalcalco,Tabasco,MX,18.26316,-93.22397,America/Merida,America/Mexico_City,coordinate_polygon,high,,not_required,tzfpy-2026c,polygon lookup differs from existing America/Merida
69419,Comales,Tamaulipas,MX,26.18187,-98.92037,America/Monterrey,America/Matamoros,coordinate_polygon,high,,not_required,tzfpy-2026c,polygon lookup differs from existing America/Monterrey
69425,Comitán,Chiapas,MX,16.2471,-92.13515,America/Merida,America/Mexico_City,coordinate_polygon,high,,not_required,tzfpy-2026c,polygon lookup differs from existing America/Merida
69443,Conchos,Chihuahua,MX,27.58745,-105.33358,America/Mexico_City,America/Chihuahua,coordinate_polygon,high,,not_required,tzfpy-2026c,polygon lookup differs from existing America/Mexico_City
69489,Corral del Risco (Punta de Mita),Nayarit,MX,20.77361,-105.51667,America/Mazatlan,America/Bahia_Banderas,coordinate_polygon,high,,not_required,tzfpy-2026c,polygon lookup differs from existing America/Mazatlan
69515,Coyame,Chihuahua,MX,29.46141,-105.09404,America/Mexico_City,America/Ojinaga,coordinate_polygon,high,,not_required,tzfpy-2026c,polygon lookup differs from existing America/Mexico_City
69516,Coyame del Sotol,Chihuahua,MX,29.68793,-105.13855,America/Mexico_City,America/Ojinaga,coordinate_polygon,high,,not_required,tzfpy-2026c,polygon lookup differs from existing America/Mexico_City
69520,Coyote,Coahuila de Zaragoza,MX,25.6951,-103.2842,America/Mexico_City,America/Monterrey,coordinate_polygon,high,,not_required,tzfpy-2026c,polygon lookup differs from existing America/Mexico_City
69546,Cruz de Huanacaxtle,Nayarit,MX,20.75415,-105.37734,America/Mazatlan,America/Bahia_Banderas,coordinate_polygon,high,,not_required,tzfpy-2026c,polygon lookup differs from existing America/Mazatlan
69583,Cuauhtémoc,Chihuahua,MX,28.40884,-106.86319,America/Mexico_City,America/Chihuahua,coordinate_polygon,high,,not_required,tzfpy-2026c,polygon lookup differs from existing America/Mexico_City
69611,Cuencamé,Durango,MX,24.64123,-103.73772,America/Mexico_City,America/Monterrey,coordinate_polygon,high,,not_required,tzfpy-2026c,polygon lookup differs from existing America/Mexico_City
69639,Cuncunul,Yucatán,MX,20.62333,-88.34637,America/Mexico_City,America/Merida,coordinate_polygon,high,,not_required,tzfpy-2026c,polygon lookup differs from existing America/Mexico_City
69644,Cupilco,Tabasco,MX,18.23947,-93.12767,America/Merida,America/Mexico_City,coordinate_polygon,high,,not_required,tzfpy-2026c,polygon lookup differs from existing America/Merida
69676,Delicias,Chihuahua,MX,28.16948,-105.44913,America/Mexico_City,America/Chihuahua,coordinate_polygon,high,,not_required,tzfpy-2026c,polygon lookup differs from existing America/Mexico_City
69719,Dos Montes,Tabasco,MX,17.98774,-92.82832,America/Merida,America/Mexico_City,coordinate_polygon,high,,not_required,tzfpy-2026c,polygon lookup differs from existing America/Merida
69729,Dr. Belisario Domínguez,Chihuahua,MX,27.98462,-106.45234,America/Mexico_City,America/Chihuahua,coordinate_polygon,high,,not_required,tzfpy-2026c,polygon lookup differs from existing America/Mexico_City
69740,Dzilam de Bravo,Yucatán,MX,21.43361,-88.66838,America/Mexico_City,America/Merida,coordinate_polygon,high,,not_required,tzfpy-2026c,polygon lookup differs from existing America/Mexico_City
69746,Dzoncauich,Yucatán,MX,21.09826,-88.85402,America/Mexico_City,America/Merida,coordinate_polygon,high,,not_required,tzfpy-2026c,polygon lookup differs from existing America/Mexico_City
69763,Ejido El Largo,Chihuahua,MX,29.68333,-108.26667,America/Mexico_City,America/Chihuahua,coordinate_polygon,high,,not_required,tzfpy-2026c,polygon lookup differs from existing America/Mexico_City
70033,El Mante,Tamaulipas,MX,22.67241,-98.9382,America/Mexico_City,America/Monterrey,coordinate_polygon,high,,not_required,tzfpy-2026c,polygon lookup differs from existing America/Mexico_City
70095,El Parral,Chiapas,MX,16.37035,-93.00567,America/Merida,America/Mexico_City,coordinate_polygon,high,,not_required,tzfpy-2026c,polygon lookup differs from existing America/Merida
70234,El Triunfo,Tabasco,MX,17.92241,-91.16946,America/Merida,America/Mexico_City,coordinate_polygon,high,,not_required,tzfpy-2026c,polygon lookup differs from existing America/Merida
70239,El Tular,Tabasco,MX,18.15429,-93.3382,America/Merida,America/Mexico_City,coordinate_polygon,high,,not_required,tzfpy-2026c,polygon lookup differs from existing America/Merida
70242,El Tule,Chihuahua,MX,27.07325,-106.31735,America/Mexico_City,America/Chihuahua,coordinate_polygon,high,,not_required,tzfpy-2026c,polygon lookup differs from existing America/Mexico_City
70324,Escárcega,Campeche,MX,18.61404,-90.7287,America/Mexico_City,America/Merida,coordinate_polygon,high,,not_required,tzfpy-2026c,polygon lookup differs from existing America/Mexico_City
70511,Galeana,Chihuahua,MX,30.10916,-107.63167,America/Mexico_City,America/Chihuahua,coordinate_polygon,high,,not_required,tzfpy-2026c,polygon lookup differs from existing America/Mexico_City
70551,Gobernador Cruz,Tabasco,MX,18.43364,-92.8718,America/Merida,America/Mexico_City,coordinate_polygon,high,,not_required,tzfpy-2026c,polygon lookup differs from existing America/Merida
70560,Gran Morelos,Chihuahua,MX,28.24841,-106.49357,America/Mexico_City,America/Chihuahua,coordinate_polygon,high,,not_required,tzfpy-2026c,polygon lookup differs from existing America/Mexico_City
70568,Guachochi,Chihuahua,MX,27.17004,-107.29404,America/Mexico_City,America/Chihuahua,coordinate_polygon,high,,not_required,tzfpy-2026c,polygon lookup differs from existing America/Mexico_City
70575,Guadalupe,Chihuahua,MX,30.82737,-105.64057,America/Mexico_City,America/Ciudad_Juarez,coordinate_polygon,high,,not_required,tzfpy-2026c,polygon lookup differs from existing America/Mexico_City
70616,Guanaceví,Durango,MX,25.9961,-106.10898,America/Mexico_City,America/Monterrey,coordinate_polygon,high,,not_required,tzfpy-2026c,polygon lookup differs from existing America/Mexico_City
70627,Guaytalpa,Tabasco,MX,18.21727,-93.03235,America/Merida,America/Mexico_City,coordinate_polygon,high,,not_required,tzfpy-2026c,polygon lookup differs from existing America/Merida
70628,Guazapares,Chihuahua,MX,27.44005,-108.23338,America/Mexico_City,America/Chihuahua,coordinate_polygon,high,,not_required,tzfpy-2026c,polygon lookup differs from existing America/Mexico_City
70629,Guemes,Tamaulipas,MX,23.91865,-99.00609,America/Mexico_City,America/Monterrey,coordinate_polygon,high,,not_required,tzfpy-2026c,polygon lookup differs from existing America/Mexico_City
70630,Guerrero,Coahuila de Zaragoza,MX,28.30992,-100.38048,America/Monterrey,America/Matamoros,coordinate_polygon,high,,not_required,tzfpy-2026c,polygon lookup differs from existing America/Monterrey
70631,Guerrero,Chihuahua,MX,28.42888,-107.50377,America/Mexico_City,America/Chihuahua,coordinate_polygon,high,,not_required,tzfpy-2026c,polygon lookup differs from existing America/Mexico_City
70632,Guerrero,Tamaulipas,MX,26.90952,-99.45995,America/Mexico_City,America/Matamoros,coordinate_polygon,high,,not_required,tzfpy-2026c,polygon lookup differs from existing America/Mexico_City
70633,Guerrero Negro,Baja California,MX,27.96891,-114.04427,America/Tijuana,America/Mazatlan,coordinate_polygon,high,,not_required,tzfpy-2026c,polygon lookup differs from existing America/Tijuana
70641,Gustavo Díaz Ordaz,Tamaulipas,MX,26.1613,-98.64045,America/Mexico_City,America/Matamoros,coordinate_polygon,high,,not_required,tzfpy-2026c,polygon lookup differs from existing America/Mexico_City
70646,Gómez Palacio,Durango,MX,25.56985,-103.49588,America/Mexico_City,America/Monterrey,coordinate_polygon,high,,not_required,tzfpy-2026c,polygon lookup differs from existing America/Mexico_City
70648,Güémez,Tamaulipas,MX,23.90693,-99.06872,America/Mexico_City,America/Monterrey,coordinate_polygon,high,,not_required,tzfpy-2026c,polygon lookup differs from existing America/Mexico_City
70683,Hidalgo,Coahuila de Zaragoza,MX,27.78994,-99.87699,America/Monterrey,America/Matamoros,coordinate_polygon,high,,not_required,tzfpy-2026c,polygon lookup differs from existing America/Monterrey
70686,Hidalgo,Durango,MX,26.02409,-104.82823,America/Mexico_City,America/Monterrey,coordinate_polygon,high,,not_required,tzfpy-2026c,polygon lookup differs from existing America/Mexico_City
70689,Hidalgo del Parral,Chihuahua,MX,27.07964,-105.70722,America/Mexico_City,America/Chihuahua,coordinate_polygon,high,,not_required,tzfpy-2026c,polygon lookup differs from existing America/Mexico_City
70692,Higuera Blanca,Nayarit,MX,20.79746,-105.46747,America/Mazatlan,America/Bahia_Banderas,coordinate_polygon,high,,not_required,tzfpy-2026c,polygon lookup differs from existing America/Mazatlan
70713,Huacapa y Amestoy,Tabasco,MX,18.05377,-93.19694,America/Merida,America/Mexico_City,coordinate_polygon,high,,not_required,tzfpy-2026c,polygon lookup differs from existing America/Merida
70795,Huimanguillo,Tabasco,MX,17.83366,-93.38926,America/Merida,America/Mexico_City,coordinate_polygon,high,,not_required,tzfpy-2026c,polygon lookup differs from existing America/Merida
70801,Huitiupán,Chiapas,MX,17.1724,-92.68621,America/Merida,America/Mexico_City,coordinate_polygon,high,,not_required,tzfpy-2026c,polygon lookup differs from existing America/Merida
70841,Ignacio Gutiérrez Gómez,Tabasco,MX,18.24948,-93.39748,America/Merida,America/Mexico_City,coordinate_polygon,high,,not_required,tzfpy-2026c,polygon lookup differs from existing America/Merida
70895,Itzincab Palomeque,Yucatán,MX,20.91644,-89.69823,America/Mexico_City,America/Merida,coordinate_polygon,high,,not_required,tzfpy-2026c,polygon lookup differs from existing America/Mexico_City
70994,Jalupa,Tabasco,MX,18.13687,-93.04534,America/Merida,America/Mexico_City,coordinate_polygon,high,,not_required,tzfpy-2026c,polygon lookup differs from existing America/Merida
71005,Jardines de la Silla (Jardines),Nuevo León,MX,25.6390507,-100.1868425,America/Mexico_City,America/Monterrey,coordinate_polygon,high,,not_required,tzfpy-2026c,polygon lookup differs from existing America/Mexico_City
71049,Jiménez,Chihuahua,MX,28.33333,-105.4,America/Mexico_City,America/Chihuahua,coordinate_polygon,high,,not_required,tzfpy-2026c,polygon lookup differs from existing America/Mexico_City
71051,Jiménez,Coahuila de Zaragoza,MX,29.06975,-100.67895,America/Monterrey,America/Matamoros,coordinate_polygon,high,,not_required,tzfpy-2026c,polygon lookup differs from existing America/Monterrey
71052,Jiménez,Tamaulipas,MX,24.26262,-98.49656,America/Mexico_City,America/Monterrey,coordinate_polygon,high,,not_required,tzfpy-2026c,polygon lookup differs from existing America/Mexico_City
71145,Juárez,Chiapas,MX,17.60572,-93.19433,America/Merida,America/Mexico_City,coordinate_polygon,high,,not_required,tzfpy-2026c,polygon lookup differs from existing America/Merida
71156,Kaua,Yucatán,MX,20.62476,-88.4244,America/Mexico_City,America/Merida,coordinate_polygon,high,,not_required,tzfpy-2026c,polygon lookup differs from existing America/Mexico_City
71256,La Curva,Tabasco,MX,17.86604,-92.48814,America/Merida,America/Mexico_City,coordinate_polygon,high,,not_required,tzfpy-2026c,polygon lookup differs from existing America/Merida
71287,La Estrella,Tabasco,MX,18.60302,-92.58256,America/Merida,America/Mexico_City,coordinate_polygon,high,,not_required,tzfpy-2026c,polygon lookup differs from existing America/Merida
71307,La Grandeza,Chiapas,MX,15.51033,-92.22603,America/Merida,America/Mexico_City,coordinate_polygon,high,,not_required,tzfpy-2026c,polygon lookup differs from existing America/Merida
71370,La Lucha,Tabasco,MX,18.18069,-93.32176,America/Merida,America/Mexico_City,coordinate_polygon,high,,not_required,tzfpy-2026c,polygon lookup differs from existing America/Merida
71417,La Palma,Tabasco,MX,17.9798,-92.80555,America/Merida,America/Mexico_City,coordinate_polygon,high,,not_required,tzfpy-2026c,polygon lookup differs from existing America/Merida
71442,La Perla,Coahuila de Zaragoza,MX,25.49696,-103.35088,America/Mexico_City,America/Monterrey,coordinate_polygon,high,,not_required,tzfpy-2026c,polygon lookup differs from existing America/Mexico_City
71559,Laguna del Rey (Químicas del Rey),Coahuila de Zaragoza,MX,27.03056,-103.36667,America/Monterrey,America/Matamoros,coordinate_polygon,high,,not_required,tzfpy-2026c,polygon lookup differs from existing America/Monterrey
71606,Las Jarretaderas,Nayarit,MX,20.6925,-105.27389,America/Mazatlan,America/Bahia_Banderas,coordinate_polygon,high,,not_required,tzfpy-2026c,polygon lookup differs from existing America/Mazatlan
71617,Las Margaritas,Chiapas,MX,16.31265,-91.98107,America/Merida,America/Mexico_City,coordinate_polygon,high,,not_required,tzfpy-2026c,polygon lookup differs from existing America/Merida
71623,Las Mieleras,Coahuila de Zaragoza,MX,25.39948,-103.2674,America/Mexico_City,America/Monterrey,coordinate_polygon,high,,not_required,tzfpy-2026c,polygon lookup differs from existing America/Mexico_City
71698,Llera,Tamaulipas,MX,23.26609,-98.91836,America/Mexico_City,America/Monterrey,coordinate_polygon,high,,not_required,tzfpy-2026c,polygon lookup differs from existing America/Mexico_City
71703,Lo de Marcos,Nayarit,MX,20.95509,-105.35223,America/Mazatlan,America/Bahia_Banderas,coordinate_polygon,high,,not_required,tzfpy-2026c,polygon lookup differs from existing America/Mazatlan
71769,Los Angeles,Durango,MX,25.52206,-103.56757,America/Mexico_City,America/Monterrey,coordinate_polygon,high,,not_required,tzfpy-2026c,polygon lookup differs from existing America/Mexico_City
71805,Los Guerra,Tamaulipas,MX,26.39429,-99.07972,America/Monterrey,America/Matamoros,coordinate_polygon,high,,not_required,tzfpy-2026c,polygon lookup differs from existing America/Monterrey
71869,Los Álamos,Coahuila de Zaragoza,MX,28.35645,-100.94564,America/Monterrey,America/Matamoros,coordinate_polygon,high,,not_required,tzfpy-2026c,polygon lookup differs from existing America/Monterrey
71895,Lázaro Cárdenas,Quintana Roo,MX,20.999,-87.44275,America/Mexico_City,America/Cancun,coordinate_polygon,high,,not_required,tzfpy-2026c,polygon lookup differs from existing America/Mexico_City
71910,Mactún,Tabasco,MX,17.5898,-91.29298,America/Merida,America/Mexico_City,coordinate_polygon,high,,not_required,tzfpy-2026c,polygon lookup differs from existing America/Merida
71912,Macultepec,Tabasco,MX,18.15026,-92.86092,America/Merida,America/Mexico_City,coordinate_polygon,high,,not_required,tzfpy-2026c,polygon lookup differs from existing America/Merida
71917,Madera,Chihuahua,MX,29.19366,-108.14684,America/Mexico_City,America/Chihuahua,coordinate_polygon,high,,not_required,tzfpy-2026c,polygon lookup differs from existing America/Mexico_City
71937,Maguarichi,Chihuahua,MX,27.81655,-107.96866,America/Mexico_City,America/Chihuahua,coordinate_polygon,high,,not_required,tzfpy-2026c,polygon lookup differs from existing America/Mexico_City
71940,Mainero,Tamaulipas,MX,24.58503,-99.56313,America/Mexico_City,America/Monterrey,coordinate_polygon,high,,not_required,tzfpy-2026c,polygon lookup differs from existing America/Mexico_City
71958,Manuel Benavides,Chihuahua,MX,28.94431,-103.91889,America/Mexico_City,America/Ojinaga,coordinate_polygon,high,,not_required,tzfpy-2026c,polygon lookup differs from existing America/Mexico_City
71978,Mapimí,Durango,MX,26.19095,-104.05463,America/Mexico_City,America/Monterrey,coordinate_polygon,high,,not_required,tzfpy-2026c,polygon lookup differs from existing America/Mexico_City
72017,Matamoros,Chihuahua,MX,26.76209,-105.58523,America/Mexico_City,America/Chihuahua,coordinate_polygon,high,,not_required,tzfpy-2026c,polygon lookup differs from existing America/Mexico_City
72019,Matamoros,Tamaulipas,MX,25.72171,-97.60135,America/Mexico_City,America/Matamoros,coordinate_polygon,high,,not_required,tzfpy-2026c,polygon lookup differs from existing America/Mexico_City
72044,Mazateupa,Tabasco,MX,18.20217,-93.00933,America/Merida,America/Mexico_City,coordinate_polygon,high,,not_required,tzfpy-2026c,polygon lookup differs from existing America/Merida
72045,Mazatlan,Nuevo León,MX,25.18909,-99.82865,America/Mexico_City,America/Monterrey,coordinate_polygon,high,,not_required,tzfpy-2026c,polygon lookup differs from existing America/Mexico_City
72054,Mecatepec,Tabasco,MX,17.88988,-93.52498,America/Merida,America/Mexico_City,coordinate_polygon,high,,not_required,tzfpy-2026c,polygon lookup differs from existing America/Merida
72059,Mecoacán,Tabasco,MX,18.23855,-93.08187,America/Merida,America/Mexico_City,coordinate_polygon,high,,not_required,tzfpy-2026c,polygon lookup differs from existing America/Merida
72106,Mezcales,Nayarit,MX,20.73072,-105.28257,America/Mazatlan,America/Bahia_Banderas,coordinate_polygon,high,,not_required,tzfpy-2026c,polygon lookup differs from existing America/Mazatlan
72107,Mezquital,Durango,MX,22.88401,-104.5535,America/Mexico_City,America/Monterrey,coordinate_polygon,high,,not_required,tzfpy-2026c,polygon lookup differs from existing America/Mexico_City
72121,Mier,Tamaulipas,MX,26.42969,-99.15212,America/Monterrey,America/Matamoros,coordinate_polygon,high,,not_required,tzfpy-2026c,polygon lookup differs from existing America/Monterrey
72123,Miguel Alemán,Tamaulipas,MX,26.26713,-99.06203,America/Mexico_City,America/Matamoros,coordinate_polygon,high,,not_required,tzfpy-2026c,polygon lookup differs from existing America/Mexico_City
72127,Miguel Hidalgo,Tabasco,MX,18.25691,-93.31073,America/Merida,America/Mexico_City,coordinate_polygon,high,,not_required,tzfpy-2026c,polygon lookup differs from existing America/Merida
72140,Milpillas,Sonora,MX,27.20534,-108.64493,America/Hermosillo,America/Chihuahua,coordinate_polygon,high,,not_required,tzfpy-2026c,polygon lookup differs from existing America/Hermosillo
72141,Mina,Nuevo León,MX,26.2993869,-100.8025046,America/Mexico_City,America/Monterrey,coordinate_polygon,high,,not_required,tzfpy-2026c,polygon lookup differs from existing America/Mexico_City
72215,Montemorelos,Nuevo León,MX,25.16697,-99.8443,America/Mexico_City,America/Monterrey,coordinate_polygon,high,,not_required,tzfpy-2026c,polygon lookup differs from existing America/Mexico_City
72241,Motozintla,Chiapas,MX,15.36694,-92.24605,America/Merida,America/Mexico_City,coordinate_polygon,high,,not_required,tzfpy-2026c,polygon lookup differs from existing America/Merida
72252,Multé,Tabasco,MX,17.6885,-91.37944,America/Merida,America/Mexico_City,coordinate_polygon,high,,not_required,tzfpy-2026c,polygon lookup differs from existing America/Merida
72261,Mérida,Yucatán,MX,20.97537,-89.61696,America/Mexico_City,America/Merida,coordinate_polygon,high,,not_required,tzfpy-2026c,polygon lookup differs from existing America/Mexico_City
72272,Naica,Chihuahua,MX,27.85736,-105.49233,America/Mexico_City,America/Chihuahua,coordinate_polygon,high,,not_required,tzfpy-2026c,polygon lookup differs from existing America/Mexico_City
72294,Nava,Coahuila de Zaragoza,MX,28.42071,-100.76565,America/Monterrey,America/Matamoros,coordinate_polygon,high,,not_required,tzfpy-2026c,polygon lookup differs from existing America/Monterrey
72321,Nicolás Bravo,Tabasco,MX,18.15504,-93.08304,America/Merida,America/Mexico_City,coordinate_polygon,high,,not_required,tzfpy-2026c,polygon lookup differs from existing America/Merida
72328,Nicolás Ruiz,Chiapas,MX,16.43714,-92.58522,America/Merida,America/Mexico_City,coordinate_polygon,high,,not_required,tzfpy-2026c,polygon lookup differs from existing America/Merida
72361,Nueva Ciudad Guerrero,Tamaulipas,MX,26.56219,-99.22863,America/Monterrey,America/Matamoros,coordinate_polygon,high,,not_required,tzfpy-2026c,polygon lookup differs from existing America/Monterrey
72404,Nuevo Progreso,Tamaulipas,MX,26.0553,-97.95217,America/Monterrey,America/Matamoros,coordinate_polygon,high,,not_required,tzfpy-2026c,polygon lookup differs from existing America/Monterrey
72418,Nuevo Vallarta,Nayarit,MX,20.70169,-105.29417,America/Mazatlan,America/Bahia_Banderas,coordinate_polygon,high,,not_required,tzfpy-2026c,polygon lookup differs from existing America/Mazatlan
72438,Ocampo,Coahuila de Zaragoza,MX,27.31477,-102.3966,America/Monterrey,America/Matamoros,coordinate_polygon,high,,not_required,tzfpy-2026c,polygon lookup differs from existing America/Monterrey
72442,Ocampo,Durango,MX,26.55251,-105.75999,America/Mexico_City,America/Monterrey,coordinate_polygon,high,,not_required,tzfpy-2026c,polygon lookup differs from existing America/Mexico_City
72464,Ocozocoautla de Espinosa,Chiapas,MX,16.76231,-93.37476,America/Merida,America/Mexico_City,coordinate_polygon,high,,not_required,tzfpy-2026c,polygon lookup differs from existing America/Merida
72479,Ojinaga,Chihuahua,MX,29.31371,-104.4484,America/Mexico_City,America/Ojinaga,coordinate_polygon,high,,not_required,tzfpy-2026c,polygon lookup differs from existing America/Mexico_City
72540,Othón P. Blanco,Quintana Roo,MX,18.52309,-88.38672,America/Mexico_City,America/Cancun,coordinate_polygon,high,,not_required,tzfpy-2026c,polygon lookup differs from existing America/Mexico_City
72549,Oxiacaque,Tabasco,MX,18.21386,-92.94674,America/Merida,America/Mexico_City,coordinate_polygon,high,,not_required,tzfpy-2026c,polygon lookup differs from existing America/Merida
72551,Oxkutzcab,Yucatán,MX,20.24086,-89.446,America/Mexico_City,America/Merida,coordinate_polygon,high,,not_required,tzfpy-2026c,polygon lookup differs from existing America/Mexico_City
72572,Padilla,Tamaulipas,MX,24.05571,-98.89671,America/Mexico_City,America/Monterrey,coordinate_polygon,high,,not_required,tzfpy-2026c,polygon lookup differs from existing America/Mexico_City
72582,Palenque,Chiapas,MX,17.50953,-91.98248,America/Merida,America/Mexico_City,coordinate_polygon,high,,not_required,tzfpy-2026c,polygon lookup differs from existing America/Merida
72584,Palizada,Campeche,MX,18.25261,-92.07779,America/Mexico_City,America/Merida,coordinate_polygon,high,,not_required,tzfpy-2026c,polygon lookup differs from existing America/Mexico_City
72625,Pantelhó,Chiapas,MX,17.00563,-92.47165,America/Merida,America/Mexico_City,coordinate_polygon,high,,not_required,tzfpy-2026c,polygon lookup differs from existing America/Merida
72656,Parilla,Tabasco,MX,17.91552,-92.91612,America/Merida,America/Mexico_City,coordinate_polygon,high,,not_required,tzfpy-2026c,polygon lookup differs from existing America/Merida
72662,Parrilla II,Tabasco,MX,17.879,-92.92235,America/Merida,America/Mexico_City,coordinate_polygon,high,,not_required,tzfpy-2026c,polygon lookup differs from existing America/Merida
72943,Pueblo Nuevo,Durango,MX,23.41405,-105.34021,America/Mexico_City,America/Monterrey,coordinate_polygon,high,,not_required,tzfpy-2026c,polygon lookup differs from existing America/Mexico_City
72946,Pueblo Nuevo de las Raíces,Tabasco,MX,17.84572,-92.8793,America/Merida,America/Mexico_City,coordinate_polygon,high,,not_required,tzfpy-2026c,polygon lookup differs from existing America/Merida
72947,Pueblo Viejo,Tabasco,MX,18.1999,-93.08546,America/Merida,America/Mexico_City,coordinate_polygon,high,,not_required,tzfpy-2026c,polygon lookup differs from existing America/Merida
73037,Quintana Roo,Yucatán,MX,20.84464,-88.65081,America/Mexico_City,America/Merida,coordinate_polygon,high,,not_required,tzfpy-2026c,polygon lookup differs from existing America/Mexico_City
73040,Quintín Arauz,Tabasco,MX,18.37275,-93.21879,America/Merida,America/Mexico_City,coordinate_polygon,high,,not_required,tzfpy-2026c,polygon lookup differs from existing America/Merida
73062,Rancho Nuevo,Tabasco,MX,18.07201,-93.07252,America/Merida,America/Mexico_City,coordinate_polygon,high,,not_required,tzfpy-2026c,polygon lookup differs from existing America/Merida
73083,Raya Zaragoza,Tabasco,MX,17.40595,-92.68519,America/Merida,America/Mexico_City,coordinate_polygon,high,,not_required,tzfpy-2026c,polygon lookup differs from existing America/Merida
73104,Reynosa,Tamaulipas,MX,26.08061,-98.28835,America/Mexico_City,America/Matamoros,coordinate_polygon,high,,not_required,tzfpy-2026c,polygon lookup differs from existing America/Mexico_City
73118,Rincón Chamula,Chiapas,MX,17.20718,-92.93912,America/Merida,America/Mexico_City,coordinate_polygon,high,,not_required,tzfpy-2026c,polygon lookup differs from existing America/Merida
73142,Riva Palacio,Chihuahua,MX,28.81462,-106.6499,America/Mexico_City,America/Chihuahua,coordinate_polygon,high,,not_required,tzfpy-2026c,polygon lookup differs from existing America/Mexico_City
73169,Río Bravo,Coahuila de Zaragoza,MX,28.31254,-100.91668,America/Monterrey,America/Matamoros,coordinate_polygon,high,,not_required,tzfpy-2026c,polygon lookup differs from existing America/Monterrey
73170,Río Bravo,Tamaulipas,MX,25.83854,-98.03879,America/Mexico_City,America/Matamoros,coordinate_polygon,high,,not_required,tzfpy-2026c,polygon lookup differs from existing America/Mexico_City
73187,Río de Teapa,Tabasco,MX,17.78342,-92.90033,America/Merida,America/Mexico_City,coordinate_polygon,high,,not_required,tzfpy-2026c,polygon lookup differs from existing America/Merida
73226,Saltillo,Coahuila de Zaragoza,MX,25.42321,-101.0053,America/Mexico_City,America/Monterrey,coordinate_polygon,high,,not_required,tzfpy-2026c,polygon lookup differs from existing America/Mexico_City
73233,Samahil,Yucatán,MX,20.86433,-89.91398,America/Mexico_City,America/Merida,coordinate_polygon,high,,not_required,tzfpy-2026c,polygon lookup differs from existing America/Mexico_City
73266,San Andrés,Chihuahua,MX,28.54726,-106.5035,America/Mexico_City,America/Chihuahua,coordinate_polygon,high,,not_required,tzfpy-2026c,polygon lookup differs from existing America/Mexico_City
73440,San Bernardo,Durango,MX,26.16986,-105.66251,America/Mexico_City,America/Monterrey,coordinate_polygon,high,,not_required,tzfpy-2026c,polygon lookup differs from existing America/Mexico_City
73451,San Buenaventura,Chihuahua,MX,29.8432,-107.46067,America/Mexico_City,America/Chihuahua,coordinate_polygon,high,,not_required,tzfpy-2026c,polygon lookup differs from existing America/Mexico_City
73459,San Carlos,Coahuila de Zaragoza,MX,29.02844,-100.90217,America/Mexico_City,America/Matamoros,coordinate_polygon,high,,not_required,tzfpy-2026c,polygon lookup differs from existing America/Mexico_City
73460,San Carlos,Chihuahua,MX,29.10665,-103.90722,America/Mexico_City,America/Ojinaga,coordinate_polygon,high,,not_required,tzfpy-2026c,polygon lookup differs from existing America/Mexico_City
73469,San Clemente de Lima,Nayarit,MX,20.73722,-105.27083,America/Mazatlan,America/Bahia_Banderas,coordinate_polygon,high,,not_required,tzfpy-2026c,polygon lookup differs from existing America/Mazatlan
73483,San Cristóbal de las Casas,Chiapas,MX,16.73176,-92.64126,America/Merida,America/Mexico_City,coordinate_polygon,high,,not_required,tzfpy-2026c,polygon lookup differs from existing America/Merida
73541,San Francisco,Nayarit,MX,20.90196,-105.41279,America/Mazatlan,America/Bahia_Banderas,coordinate_polygon,high,,not_required,tzfpy-2026c,polygon lookup differs from existing America/Mazatlan
73610,San Francisco de Conchos,Chihuahua,MX,27.57356,-105.37779,America/Mexico_City,America/Chihuahua,coordinate_polygon,high,,not_required,tzfpy-2026c,polygon lookup differs from existing America/Mexico_City
73620,San Francisco del Oro,Chihuahua,MX,26.89417,-105.90594,America/Mexico_City,America/Chihuahua,coordinate_polygon,high,,not_required,tzfpy-2026c,polygon lookup differs from existing America/Mexico_City
73958,San Juan de Abajo,Nayarit,MX,20.81484,-105.19154,America/Mazatlan,America/Bahia_Banderas,coordinate_polygon,high,,not_required,tzfpy-2026c,polygon lookup differs from existing America/Mazatlan
74229,San Miguel de Cruces,Durango,MX,24.41255,-105.84152,America/Mexico_City,America/Monterrey,coordinate_polygon,high,,not_required,tzfpy-2026c,polygon lookup differs from existing America/Mexico_City
74335,San Pedro Garza Garcia,Nuevo León,MX,25.65716,-100.40268,America/Mexico_City,America/Monterrey,coordinate_polygon,high,,not_required,tzfpy-2026c,polygon lookup differs from existing America/Mexico_City
74518,Santa Adelaida,Tamaulipas,MX,25.85414,-97.65216,America/Mexico_City,America/Matamoros,coordinate_polygon,high,,not_required,tzfpy-2026c,polygon lookup differs from existing America/Mexico_City
74562,Santa Apolonia,Tamaulipas,MX,25.64303,-97.98486,America/Monterrey,America/Matamoros,coordinate_polygon,high,,not_required,tzfpy-2026c,polygon lookup differs from existing America/Monterrey
74657,Santa Eulalia,Chihuahua,MX,28.5945,-105.88796,America/Mexico_City,America/Chihuahua,coordinate_polygon,high,,not_required,tzfpy-2026c,polygon lookup differs from existing America/Mexico_City
74674,Santa Isabel,Chihuahua,MX,28.34166,-106.3722,America/Mexico_City,America/Chihuahua,coordinate_polygon,high,,not_required,tzfpy-2026c,polygon lookup differs from existing America/Mexico_City
75044,Saucillo,Chihuahua,MX,28.03055,-105.29376,America/Mexico_City,America/Chihuahua,coordinate_polygon,high,,not_required,tzfpy-2026c,polygon lookup differs from existing America/Mexico_City
75049,Sayulita,Nayarit,MX,20.87006,-105.43992,America/Mazatlan,America/Bahia_Banderas,coordinate_polygon,high,,not_required,tzfpy-2026c,polygon lookup differs from existing America/Mazatlan
75086,Simón Sarlat,Tabasco,MX,18.34447,-92.80811,America/Merida,America/Mexico_City,coordinate_polygon,high,,not_required,tzfpy-2026c,polygon lookup differs from existing America/Merida
75138,Suchiapa,Chiapas,MX,16.60775,-93.10003,America/Merida,America/Mexico_City,coordinate_polygon,high,,not_required,tzfpy-2026c,polygon lookup differs from existing America/Merida
75145,Sudzal,Yucatán,MX,20.81427,-88.9003,America/Mexico_City,America/Merida,coordinate_polygon,high,,not_required,tzfpy-2026c,polygon lookup differs from existing America/Mexico_City
75147,Suma,Yucatán,MX,21.10591,-89.15487,America/Mexico_City,America/Merida,coordinate_polygon,high,,not_required,tzfpy-2026c,polygon lookup differs from existing America/Mexico_City
75180,Tamazula,Durango,MX,25.05586,-106.76728,America/Mexico_City,America/Monterrey,coordinate_polygon,high,,not_required,tzfpy-2026c,polygon lookup differs from existing America/Mexico_City
75191,Tampico,Tamaulipas,MX,22.29508,-97.93595,America/Mexico_City,America/Monterrey,coordinate_polygon,high,,not_required,tzfpy-2026c,polygon lookup differs from existing America/Mexico_City
75194,Tamulte de las Sabanas,Tabasco,MX,18.16168,-92.78354,America/Merida,America/Mexico_City,coordinate_polygon,high,,not_required,tzfpy-2026c,polygon lookup differs from existing America/Merida
75221,Tapachula,Chiapas,MX,14.90385,-92.25749,America/Merida,America/Mexico_City,coordinate_polygon,high,,not_required,tzfpy-2026c,polygon lookup differs from existing America/Merida
75226,Tapijulapa,Tabasco,MX,17.46208,-92.77908,America/Merida,America/Mexico_City,coordinate_polygon,high,,not_required,tzfpy-2026c,polygon lookup differs from existing America/Merida
75228,Tapotzingo,Tabasco,MX,18.20443,-93.01421,America/Merida,America/Mexico_City,coordinate_polygon,high,,not_required,tzfpy-2026c,polygon lookup differs from existing America/Merida
75256,Teapa,Tabasco,MX,17.5497,-92.95211,America/Merida,America/Mexico_City,coordinate_polygon,high,,not_required,tzfpy-2026c,polygon lookup differs from existing America/Merida
75273,Tecoh,Yucatán,MX,20.6964,-89.45174,America/Mexico_City,America/Merida,coordinate_polygon,high,,not_required,tzfpy-2026c,polygon lookup differs from existing America/Mexico_City
75284,Tecominoacán,Tabasco,MX,17.92122,-93.56318,America/Merida,America/Mexico_City,coordinate_polygon,high,,not_required,tzfpy-2026c,polygon lookup differs from existing America/Merida
75288,Tecpatán,Chiapas,MX,17.13676,-93.31133,America/Merida,America/Mexico_City,coordinate_polygon,high,,not_required,tzfpy-2026c,polygon lookup differs from existing America/Merida
75311,Tekax,Yucatán,MX,20.04039,-89.26448,America/Mexico_City,America/Merida,coordinate_polygon,high,,not_required,tzfpy-2026c,polygon lookup differs from existing America/Mexico_City
75345,Tenabo,Campeche,MX,19.83333,-90,America/Mexico_City,America/Merida,coordinate_polygon,high,,not_required,tzfpy-2026c,polygon lookup differs from existing America/Mexico_City
75381,Teopisca,Chiapas,MX,16.54182,-92.47405,America/Merida,America/Mexico_City,coordinate_polygon,high,,not_required,tzfpy-2026c,polygon lookup differs from existing America/Merida
75409,Tepehuanes,Durango,MX,25.47838,-106.20884,America/Mexico_City,America/Monterrey,coordinate_polygon,high,,not_required,tzfpy-2026c,polygon lookup differs from existing America/Mexico_City
75565,Tila,Chiapas,MX,17.30054,-92.4273,America/Merida,America/Mexico_City,coordinate_polygon,high,,not_required,tzfpy-2026c,polygon lookup differs from existing America/Merida
75579,Tinum,Yucatán,MX,20.70004,-88.51631,America/Mexico_City,America/Merida,coordinate_polygon,high,,not_required,tzfpy-2026c,polygon lookup differs from existing America/Mexico_City
75584,Tixcacalcupul,Yucatán,MX,20.43929,-88.30028,America/Mexico_City,America/Merida,coordinate_polygon,high,,not_required,tzfpy-2026c,polygon lookup differs from existing America/Mexico_City
75750,Totolapa,Chiapas,MX,16.54357,-92.68019,America/Merida,America/Mexico_City,coordinate_polygon,high,,not_required,tzfpy-2026c,polygon lookup differs from existing America/Merida
75790,Tula,Tamaulipas,MX,22.97028,-99.70257,America/Mexico_City,America/Monterrey,coordinate_polygon,high,,not_required,tzfpy-2026c,polygon lookup differs from existing America/Mexico_City
75804,Tulum,Quintana Roo,MX,20.22618,-87.51702,America/Mexico_City,America/Cancun,coordinate_polygon,high,,not_required,tzfpy-2026c,polygon lookup differs from existing America/Mexico_City
75825,Tuxtla,Chiapas,MX,16.75973,-93.11308,America/Merida,America/Mexico_City,coordinate_polygon,high,,not_required,tzfpy-2026c,polygon lookup differs from existing America/Merida
75840,Tzimol,Chiapas,MX,16.18356,-92.18934,America/Merida,America/Mexico_City,coordinate_polygon,high,,not_required,tzfpy-2026c,polygon lookup differs from existing America/Merida
75897,Uruachi,Chihuahua,MX,27.84669,-108.36712,America/Mexico_City,America/Chihuahua,coordinate_polygon,high,,not_required,tzfpy-2026c,polygon lookup differs from existing America/Mexico_City
75905,Valadeces,Tamaulipas,MX,26.23176,-98.67726,America/Monterrey,America/Matamoros,coordinate_polygon,high,,not_required,tzfpy-2026c,polygon lookup differs from existing America/Monterrey
75910,Valentín Gómez Farías,Chihuahua,MX,28.21667,-106.58333,America/Mexico_City,America/Chihuahua,coordinate_polygon,high,,not_required,tzfpy-2026c,polygon lookup differs from existing America/Mexico_City
75914,Valle Hermoso,Tamaulipas,MX,25.67207,-97.81313,America/Monterrey,America/Matamoros,coordinate_polygon,high,,not_required,tzfpy-2026c,polygon lookup differs from existing America/Monterrey
75920,Valle de Banderas,Nayarit,MX,20.80792,-105.24813,America/Mazatlan,America/Bahia_Banderas,coordinate_polygon,high,,not_required,tzfpy-2026c,polygon lookup differs from existing America/Mazatlan
76046,Villa Tecolutilla,Tabasco,MX,18.28338,-93.33398,America/Merida,America/Mexico_City,coordinate_polygon,high,,not_required,tzfpy-2026c,polygon lookup differs from existing America/Merida
76049,Villa Union,Coahuila de Zaragoza,MX,28.21667,-100.71667,America/Monterrey,America/Matamoros,coordinate_polygon,high,,not_required,tzfpy-2026c,polygon lookup differs from existing America/Monterrey
76054,Villa Vicente Guerrero,Tabasco,MX,18.39007,-92.89607,America/Merida,America/Mexico_City,coordinate_polygon,high,,not_required,tzfpy-2026c,polygon lookup differs from existing America/Merida
76075,Villa la Venta,Tabasco,MX,18.09863,-94.04593,America/Merida,America/Mexico_City,coordinate_polygon,high,,not_required,tzfpy-2026c,polygon lookup differs from existing America/Merida
76082,Villaldama,Nuevo León,MX,26.47039,-100.38726,America/Mexico_City,America/Monterrey,coordinate_polygon,high,,not_required,tzfpy-2026c,polygon lookup differs from existing America/Mexico_City
76142,Xicoténcatl,Tabasco,MX,17.51833,-92.70474,America/Merida,America/Mexico_City,coordinate_polygon,high,,not_required,tzfpy-2026c,polygon lookup differs from existing America/Merida
76318,Zaragoza,Coahuila de Zaragoza,MX,28.4932,-100.9223,America/Monterrey,America/Matamoros,coordinate_polygon,high,,not_required,tzfpy-2026c,polygon lookup differs from existing America/Monterrey
76511,Labuan,Labuan,MY,5.28028,115.2475,Asia/Kuala_Lumpur,Asia/Kuching,coordinate_polygon,high,,not_required,tzfpy-2026c,polygon lookup differs from existing Asia/Kuala_Lumpur
79715,Bardiya,Lumbini,NP,28.3720167,81.0831683,Asia/Kathmandu,Asia/Kolkata,coordinate_polygon,high,,not_required,tzfpy-2026c,polygon lookup differs from existing Asia/Kathmandu
79724,Humla,Karnali,NP,30.0255703,81.2173203,Asia/Kathmandu,Asia/Shanghai,coordinate_polygon,high,,not_required,tzfpy-2026c,polygon lookup differs from existing Asia/Kathmandu
81024,Abau,Central,PG,-10.08333,148.91667,Pacific/Bougainville,Pacific/Port_Moresby,coordinate_polygon,high,,not_required,tzfpy-2026c,polygon lookup differs from existing Pacific/Bougainville
81026,Aitape Lumi,Sandaun,PG,-3.25,142.08333,Pacific/Bougainville,Pacific/Port_Moresby,coordinate_polygon,high,,not_required,tzfpy-2026c,polygon lookup differs from existing Pacific/Bougainville
81027,Alotau,Milne Bay,PG,-10.25,150.08333,Pacific/Bougainville,Pacific/Port_Moresby,coordinate_polygon,high,,not_required,tzfpy-2026c,polygon lookup differs from existing Pacific/Bougainville
81028,Angalimp South Wahgi,Jiwaka,PG,-6.05,144.56667,Pacific/Bougainville,Pacific/Port_Moresby,coordinate_polygon,high,,not_required,tzfpy-2026c,polygon lookup differs from existing Pacific/Bougainville
81030,Baiyer Mul,Western Highlands,PG,-5.53333,144.15,Pacific/Bougainville,Pacific/Port_Moresby,coordinate_polygon,high,,not_required,tzfpy-2026c,polygon lookup differs from existing Pacific/Bougainville
81031,Bogia,Madang,PG,-4.5,145,Pacific/Bougainville,Pacific/Port_Moresby,coordinate_polygon,high,,not_required,tzfpy-2026c,polygon lookup differs from existing Pacific/Bougainville
81032,Bulolo,Morobe,PG,-7.41667,146.75,Pacific/Bougainville,Pacific/Port_Moresby,coordinate_polygon,high,,not_required,tzfpy-2026c,polygon lookup differs from existing Pacific/Bougainville
81034,Chuave,Chimbu,PG,-6.16667,145.08333,Pacific/Bougainville,Pacific/Port_Moresby,coordinate_polygon,high,,not_required,tzfpy-2026c,polygon lookup differs from existing Pacific/Bougainville
81036,Daulo,Eastern Highlands,PG,-5.98333,145.23333,Pacific/Bougainville,Pacific/Port_Moresby,coordinate_polygon,high,,not_required,tzfpy-2026c,polygon lookup differs from existing Pacific/Bougainville
81037,Dei,Western Highlands,PG,-5.68333,144.36667,Pacific/Bougainville,Pacific/Port_Moresby,coordinate_polygon,high,,not_required,tzfpy-2026c,polygon lookup differs from existing Pacific/Bougainville
81038,Esa’ala,Milne Bay,PG,-9.58333,150.75,Pacific/Bougainville,Pacific/Port_Moresby,coordinate_polygon,high,,not_required,tzfpy-2026c,polygon lookup differs from existing Pacific/Bougainville
81039,Finschhafen,Morobe,PG,-6.41667,147.5,Pacific/Bougainville,Pacific/Port_Moresby,coordinate_polygon,high,,not_required,tzfpy-2026c,polygon lookup differs from existing Pacific/Bougainville
81040,Gazelle,East New Britain,PG,-4.48333,151.86667,Pacific/Bougainville,Pacific/Port_Moresby,coordinate_polygon,high,,not_required,tzfpy-2026c,polygon lookup differs from existing Pacific/Bougainville
81041,Goilala,Central,PG,-8.33333,147,Pacific/Bougainville,Pacific/Port_Moresby,coordinate_polygon,high,,not_required,tzfpy-2026c,polygon lookup differs from existing Pacific/Bougainville
81043,Gumine,Chimbu,PG,-6.25,144.88333,Pacific/Bougainville,Pacific/Port_Moresby,coordinate_polygon,high,,not_required,tzfpy-2026c,polygon lookup differs from existing Pacific/Bougainville
81044,Hagen,Western Highlands,PG,-5.83333,144.28333,Pacific/Bougainville,Pacific/Port_Moresby,coordinate_polygon,high,,not_required,tzfpy-2026c,polygon lookup differs from existing Pacific/Bougainville
81045,Henganofi,Eastern Highlands,PG,-6.21667,145.66667,Pacific/Bougainville,Pacific/Port_Moresby,coordinate_polygon,high,,not_required,tzfpy-2026c,polygon lookup differs from existing Pacific/Bougainville
81046,Huon Gulf,Morobe,PG,-7.18333,146.95,Pacific/Bougainville,Pacific/Port_Moresby,coordinate_polygon,high,,not_required,tzfpy-2026c,polygon lookup differs from existing Pacific/Bougainville
81048,Ialibu Pangia,Southern Highlands,PG,-6.3840188,144.083819,Pacific/Bougainville,Pacific/Port_Moresby,coordinate_polygon,high,,not_required,tzfpy-2026c,polygon lookup differs from existing Pacific/Bougainville
81049,Ijivitari,Oro,PG,-9.33333,148.58333,Pacific/Bougainville,Pacific/Port_Moresby,coordinate_polygon,high,,not_required,tzfpy-2026c,polygon lookup differs from existing Pacific/Bougainville
81051,Jimi,Jiwaka,PG,-5.53333,144.56667,Pacific/Bougainville,Pacific/Port_Moresby,coordinate_polygon,high,,not_required,tzfpy-2026c,polygon lookup differs from existing Pacific/Bougainville
81052,Kabwum,Morobe,PG,-6.08333,147,Pacific/Bougainville,Pacific/Port_Moresby,coordinate_polygon,high,,not_required,tzfpy-2026c,polygon lookup differs from existing Pacific/Bougainville
81053,Kagua Erave,Southern Highlands,PG,-6.66667,144,Pacific/Bougainville,Pacific/Port_Moresby,coordinate_polygon,high,,not_required,tzfpy-2026c,polygon lookup differs from existing Pacific/Bougainville
81054,Kainantu,Eastern Highlands,PG,-6.41667,145.91667,Pacific/Bougainville,Pacific/Port_Moresby,coordinate_polygon,high,,not_required,tzfpy-2026c,polygon lookup differs from existing Pacific/Bougainville
81055,Kairuku-Hiri,Central,PG,-9.13648,147.27905,Pacific/Bougainville,Pacific/Port_Moresby,coordinate_polygon,high,,not_required,tzfpy-2026c,polygon lookup differs from existing Pacific/Bougainville
81056,Kandep,Enga,PG,-5.83333,143.55,Pacific/Bougainville,Pacific/Port_Moresby,coordinate_polygon,high,,not_required,tzfpy-2026c,polygon lookup differs from existing Pacific/Bougainville
81058,Kandrian Gloucester,West New Britain,PG,-6.08333,149.91667,Pacific/Bougainville,Pacific/Port_Moresby,coordinate_polygon,high,,not_required,tzfpy-2026c,polygon lookup differs from existing Pacific/Bougainville
81059,Karimui Nomane,Chimbu,PG,-6.58333,144.83333,Pacific/Bougainville,Pacific/Port_Moresby,coordinate_polygon,high,,not_required,tzfpy-2026c,polygon lookup differs from existing Pacific/Bougainville
81060,Kavieng,New Ireland,PG,-3,151.41667,Pacific/Bougainville,Pacific/Port_Moresby,coordinate_polygon,high,,not_required,tzfpy-2026c,polygon lookup differs from existing Pacific/Bougainville
81061,Kerema,Gulf,PG,-7.796,146.093,Pacific/Bougainville,Pacific/Port_Moresby,coordinate_polygon,high,,not_required,tzfpy-2026c,polygon lookup differs from existing Pacific/Bougainville
81062,Kerowagi,Chimbu,PG,-5.93333,144.88333,Pacific/Bougainville,Pacific/Port_Moresby,coordinate_polygon,high,,not_required,tzfpy-2026c,polygon lookup differs from existing Pacific/Bougainville
81064,Kikori,Gulf,PG,-7.25,144.33333,Pacific/Bougainville,Pacific/Port_Moresby,coordinate_polygon,high,,not_required,tzfpy-2026c,polygon lookup differs from existing Pacific/Bougainville
81066,Kiriwina Goodenough,Milne Bay,PG,-8.48333,151.06667,Pacific/Bougainville,Pacific/Port_Moresby,coordinate_polygon,high,,not_required,tzfpy-2026c,polygon lookup differs from existing Pacific/Bougainville
81070,Komo Margarima,Hela,PG,-6.11667,143,Pacific/Bougainville,Pacific/Port_Moresby,coordinate_polygon,high,,not_required,tzfpy-2026c,polygon lookup differs from existing Pacific/Bougainville
81071,Kompiam Ambum,Enga,PG,-5.25,144,Pacific/Bougainville,Pacific/Port_Moresby,coordinate_polygon,high,,not_required,tzfpy-2026c,polygon lookup differs from existing Pacific/Bougainville
81072,Koroba-Lake Kopiago,Hela,PG,-5.41667,142.5,Pacific/Bougainville,Pacific/Port_Moresby,coordinate_polygon,high,,not_required,tzfpy-2026c,polygon lookup differs from existing Pacific/Bougainville
81073,Kundiawa,Chimbu,PG,-5.91667,145.05,Pacific/Bougainville,Pacific/Port_Moresby,coordinate_polygon,high,,not_required,tzfpy-2026c,polygon lookup differs from existing Pacific/Bougainville
81074,Lae,Morobe,PG,-6.5,146.83333,Pacific/Bougainville,Pacific/Port_Moresby,coordinate_polygon,high,,not_required,tzfpy-2026c,polygon lookup differs from existing Pacific/Bougainville
81075,Lagaip Porgera,Enga,PG,-5.38333,143.16667,Pacific/Bougainville,Pacific/Port_Moresby,coordinate_polygon,high,,not_required,tzfpy-2026c,polygon lookup differs from existing Pacific/Bougainville
81077,Lufa,Eastern Highlands,PG,-6.45,145.25,Pacific/Bougainville,Pacific/Port_Moresby,coordinate_polygon,high,,not_required,tzfpy-2026c,polygon lookup differs from existing Pacific/Bougainville
81079,Manus,Manus,PG,-2.09626,146.96612,Pacific/Bougainville,Pacific/Port_Moresby,coordinate_polygon,high,,not_required,tzfpy-2026c,polygon lookup differs from existing Pacific/Bougainville
81080,Markham,Morobe,PG,-6.64153,146.86043,Pacific/Bougainville,Pacific/Port_Moresby,coordinate_polygon,high,,not_required,tzfpy-2026c,polygon lookup differs from existing Pacific/Bougainville
81082,Menyamya,Morobe,PG,-7.25,146.16667,Pacific/Bougainville,Pacific/Port_Moresby,coordinate_polygon,high,,not_required,tzfpy-2026c,polygon lookup differs from existing Pacific/Bougainville
81083,Middle Fly,Western,PG,-7.16667,142.03333,Pacific/Bougainville,Pacific/Port_Moresby,coordinate_polygon,high,,not_required,tzfpy-2026c,polygon lookup differs from existing Pacific/Bougainville
81084,Middle Ramu,Madang,PG,-4.91667,144.75,Pacific/Bougainville,Pacific/Port_Moresby,coordinate_polygon,high,,not_required,tzfpy-2026c,polygon lookup differs from existing Pacific/Bougainville
81087,Namatanai,New Ireland,PG,-4.33333,152.83333,Pacific/Bougainville,Pacific/Port_Moresby,coordinate_polygon,high,,not_required,tzfpy-2026c,polygon lookup differs from existing Pacific/Bougainville
81088,National Capital,Port Moresby,PG,-9.42257,147.16641,Pacific/Bougainville,Pacific/Port_Moresby,coordinate_polygon,high,,not_required,tzfpy-2026c,polygon lookup differs from existing Pacific/Bougainville
81089,Nawae,Morobe,PG,-6.46667,146.96667,Pacific/Bougainville,Pacific/Port_Moresby,coordinate_polygon,high,,not_required,tzfpy-2026c,polygon lookup differs from existing Pacific/Bougainville
81090,Nipa Kutubu,Southern Highlands,PG,-6.33333,143.33333,Pacific/Bougainville,Pacific/Port_Moresby,coordinate_polygon,high,,not_required,tzfpy-2026c,polygon lookup differs from existing Pacific/Bougainville
81092,North Fly,Western,PG,-5.72896,141.37482,Pacific/Bougainville,Pacific/Port_Moresby,coordinate_polygon,high,,not_required,tzfpy-2026c,polygon lookup differs from existing Pacific/Bougainville
81093,North Wahgi,Jiwaka,PG,-5.8,144.68333,Pacific/Bougainville,Pacific/Port_Moresby,coordinate_polygon,high,,not_required,tzfpy-2026c,polygon lookup differs from existing Pacific/Bougainville
81094,Nuku,Sandaun,PG,-3.66667,142.41667,Pacific/Bougainville,Pacific/Port_Moresby,coordinate_polygon,high,,not_required,tzfpy-2026c,polygon lookup differs from existing Pacific/Bougainville
81095,Obura Wonenara,Eastern Highlands,PG,-6.55434,145.97328,Pacific/Bougainville,Pacific/Port_Moresby,coordinate_polygon,high,,not_required,tzfpy-2026c,polygon lookup differs from existing Pacific/Bougainville
81096,Okapa,Eastern Highlands,PG,-6.63333,145.5,Pacific/Bougainville,Pacific/Port_Moresby,coordinate_polygon,high,,not_required,tzfpy-2026c,polygon lookup differs from existing Pacific/Bougainville
81098,Pomio,East New Britain,PG,-5.5,151.33333,Pacific/Bougainville,Pacific/Port_Moresby,coordinate_polygon,high,,not_required,tzfpy-2026c,polygon lookup differs from existing Pacific/Bougainville
81103,Rai Coast,Madang,PG,-5.72303,146.46149,Pacific/Bougainville,Pacific/Port_Moresby,coordinate_polygon,high,,not_required,tzfpy-2026c,polygon lookup differs from existing Pacific/Bougainville
81104,Rigo,Central,PG,-9.75,147.83333,Pacific/Bougainville,Pacific/Port_Moresby,coordinate_polygon,high,,not_required,tzfpy-2026c,polygon lookup differs from existing Pacific/Bougainville
81106,Samarai Murua,Milne Bay,PG,-10.49636,150.54703,Pacific/Bougainville,Pacific/Port_Moresby,coordinate_polygon,high,,not_required,tzfpy-2026c,polygon lookup differs from existing Pacific/Bougainville
81107,Sinasina Yonggamugl,Chimbu,PG,-6.08333,145.01667,Pacific/Bougainville,Pacific/Port_Moresby,coordinate_polygon,high,,not_required,tzfpy-2026c,polygon lookup differs from existing Pacific/Bougainville
81108,Sohe,Oro,PG,-9,147.91667,Pacific/Bougainville,Pacific/Port_Moresby,coordinate_polygon,high,,not_required,tzfpy-2026c,polygon lookup differs from existing Pacific/Bougainville
81110,South Fly,Western,PG,-8.61667,142.11667,Pacific/Bougainville,Pacific/Port_Moresby,coordinate_polygon,high,,not_required,tzfpy-2026c,polygon lookup differs from existing Pacific/Bougainville
81111,Sumkar,Madang,PG,-4.8,145.55,Pacific/Bougainville,Pacific/Port_Moresby,coordinate_polygon,high,,not_required,tzfpy-2026c,polygon lookup differs from existing Pacific/Bougainville
81112,Talasea,West New Britain,PG,-5.66667,149.58333,Pacific/Bougainville,Pacific/Port_Moresby,coordinate_polygon,high,,not_required,tzfpy-2026c,polygon lookup differs from existing Pacific/Bougainville
81113,Tambul Nebilyer,Western Highlands,PG,-5.98333,144.15,Pacific/Bougainville,Pacific/Port_Moresby,coordinate_polygon,high,,not_required,tzfpy-2026c,polygon lookup differs from existing Pacific/Bougainville
81115,Tari Pori,Hela,PG,-6.28333,142.83333,Pacific/Bougainville,Pacific/Port_Moresby,coordinate_polygon,high,,not_required,tzfpy-2026c,polygon lookup differs from existing Pacific/Bougainville
81116,Telefomin,Sandaun,PG,-4.91667,141.66667,Pacific/Bougainville,Pacific/Port_Moresby,coordinate_polygon,high,,not_required,tzfpy-2026c,polygon lookup differs from existing Pacific/Bougainville
81117,Tewai Siassi,Morobe,PG,-6.15,147.53333,Pacific/Bougainville,Pacific/Port_Moresby,coordinate_polygon,high,,not_required,tzfpy-2026c,polygon lookup differs from existing Pacific/Bougainville
81118,Unggai Bena,Eastern Highlands,PG,-6.11667,145.51667,Pacific/Bougainville,Pacific/Port_Moresby,coordinate_polygon,high,,not_required,tzfpy-2026c,polygon lookup differs from existing Pacific/Bougainville
81119,Usino Bundi,Madang,PG,-5.53333,145.16667,Pacific/Bougainville,Pacific/Port_Moresby,coordinate_polygon,high,,not_required,tzfpy-2026c,polygon lookup differs from existing Pacific/Bougainville
81121,Vanimo Green,Sandaun,PG,-3.36667,141.35,Pacific/Bougainville,Pacific/Port_Moresby,coordinate_polygon,high,,not_required,tzfpy-2026c,polygon lookup differs from existing Pacific/Bougainville
81122,Wabag,Enga,PG,-5.33333,143.65,Pacific/Bougainville,Pacific/Port_Moresby,coordinate_polygon,high,,not_required,tzfpy-2026c,polygon lookup differs from existing Pacific/Bougainville
81123,Wapenamanda,Enga,PG,-5.66667,143.91667,Pacific/Bougainville,Pacific/Port_Moresby,coordinate_polygon,high,,not_required,tzfpy-2026c,polygon lookup differs from existing Pacific/Bougainville
89068,Calheta,Madeira,PT,32.71667,-17.18333,Europe/Lisbon,Atlantic/Madeira,coordinate_polygon,high,,not_required,tzfpy-2026c,polygon lookup differs from existing Europe/Lisbon
89431,Porto Santo,Madeira,PT,33.07145,-16.34304,Europe/Lisbon,Atlantic/Madeira,coordinate_polygon,high,,not_required,tzfpy-2026c,polygon lookup differs from existing Europe/Lisbon
90175,Bocicoiu Mare,Maramureș,RO,47.96667,24,Europe/Bucharest,Europe/Kyiv,coordinate_polygon,high,,not_required,tzfpy-2026c,polygon lookup differs from existing Europe/Bucharest
97477,Abagur,Kemerovo,RU,53.7308,87.2526,Asia/Novosibirsk,Asia/Novokuznetsk,coordinate_polygon,high,,not_required,tzfpy-2026c,polygon lookup differs from existing Asia/Novosibirsk
97491,Abyysky,Sakha,RU,68.33333,146,Asia/Yakutsk,Asia/Srednekolymsk,coordinate_polygon,high,,not_required,tzfpy-2026c,polygon lookup differs from existing Asia/Yakutsk
97492,Abzakovo,Bashkortostan,RU,53.82861,58.59333,Europe/Moscow,Asia/Yekaterinburg,coordinate_polygon,high,,not_required,tzfpy-2026c,polygon lookup differs from existing Europe/Moscow
97493,Abzelilovskiy Rayon,Bashkortostan,RU,53.41667,58.5,Europe/Moscow,Asia/Yekaterinburg,coordinate_polygon,high,,not_required,tzfpy-2026c,polygon lookup differs from existing Europe/Moscow
97516,Agidel’,Bashkortostan,RU,55.9077,53.9355,Europe/Moscow,Asia/Yekaterinburg,coordinate_polygon,high,,not_required,tzfpy-2026c,polygon lookup differs from existing Europe/Moscow
97535,Akhunovo,Bashkortostan,RU,54.2079,59.6017,Europe/Moscow,Asia/Yekaterinburg,coordinate_polygon,high,,not_required,tzfpy-2026c,polygon lookup differs from existing Europe/Moscow
97538,Aksakovo,Bashkortostan,RU,54.03333,54.15,Europe/Moscow,Asia/Yekaterinburg,coordinate_polygon,high,,not_required,tzfpy-2026c,polygon lookup differs from existing Europe/Moscow
97548,Aktash,Altai,RU,50.3,87.73333,Europe/Moscow,Asia/Barnaul,coordinate_polygon,high,,not_required,tzfpy-2026c,polygon lookup differs from existing Europe/Moscow
97552,Ak”yar,Bashkortostan,RU,51.85905,58.22136,Europe/Moscow,Asia/Yekaterinburg,coordinate_polygon,high,,not_required,tzfpy-2026c,polygon lookup differs from existing Europe/Moscow
97565,Aleksandrov,Vladimir,RU,56.39516,38.71216,Asia/Vladivostok,Europe/Moscow,coordinate_polygon,high,,not_required,tzfpy-2026c,polygon lookup differs from existing Asia/Vladivostok
97572,Aleksandrovskiy Rayon,Vladimir,RU,56.41667,38.58333,Asia/Vladivostok,Europe/Moscow,coordinate_polygon,high,,not_required,tzfpy-2026c,polygon lookup differs from existing Asia/Vladivostok
97577,Alekseyevka,Bashkortostan,RU,54.85,55.23333,Europe/Moscow,Asia/Yekaterinburg,coordinate_polygon,high,,not_required,tzfpy-2026c,polygon lookup differs from existing Europe/Moscow
97596,Allaikhovskiy Rayon,Sakha,RU,71,148,Asia/Yakutsk,Asia/Srednekolymsk,coordinate_polygon,high,,not_required,tzfpy-2026c,polygon lookup differs from existing Asia/Yakutsk
97600,Alnashi,Udmurt,RU,56.18738,52.47919,Europe/Moscow,Europe/Samara,coordinate_polygon,high,,not_required,tzfpy-2026c,polygon lookup differs from existing Europe/Moscow
97610,Al’sheyevskiy Rayon,Bashkortostan,RU,54,55,Europe/Moscow,Asia/Yekaterinburg,coordinate_polygon,high,,not_required,tzfpy-2026c,polygon lookup differs from existing Europe/Moscow
97616,Amzya,Bashkortostan,RU,56.2346,54.385,Europe/Moscow,Asia/Yekaterinburg,coordinate_polygon,high,,not_required,tzfpy-2026c,polygon lookup differs from existing Europe/Moscow
97629,Andreyevo,Vladimir,RU,55.9465,41.1505,Asia/Vladivostok,Europe/Moscow,coordinate_polygon,high,,not_required,tzfpy-2026c,polygon lookup differs from existing Asia/Vladivostok
97638,Anopino,Vladimir,RU,55.69809,40.66707,Asia/Vladivostok,Europe/Moscow,coordinate_polygon,high,,not_required,tzfpy-2026c,polygon lookup differs from existing Asia/Vladivostok
97646,Anzhero-Sudzhensk,Kemerovo,RU,56.081,86.0285,Asia/Novosibirsk,Asia/Novokuznetsk,coordinate_polygon,high,,not_required,tzfpy-2026c,polygon lookup differs from existing Asia/Novosibirsk
97677,Arsaki,Vladimir,RU,56.38333,38.48333,Asia/Vladivostok,Europe/Moscow,coordinate_polygon,high,,not_required,tzfpy-2026c,polygon lookup differs from existing Asia/Vladivostok
97684,Artybash,Altai,RU,51.79278,87.27611,Europe/Moscow,Asia/Barnaul,coordinate_polygon,high,,not_required,tzfpy-2026c,polygon lookup differs from existing Europe/Moscow
97685,Artyshta,Kemerovo,RU,54.1222,86.2909,Asia/Novosibirsk,Asia/Novokuznetsk,coordinate_polygon,high,,not_required,tzfpy-2026c,polygon lookup differs from existing Asia/Novosibirsk
97692,Asanovo,Bashkortostan,RU,54.89418,55.49083,Europe/Moscow,Asia/Yekaterinburg,coordinate_polygon,high,,not_required,tzfpy-2026c,polygon lookup differs from existing Europe/Moscow
97701,Asino,Tomsk,RU,56.99987,86.14393,Europe/Moscow,Asia/Tomsk,coordinate_polygon,high,,not_required,tzfpy-2026c,polygon lookup differs from existing Europe/Moscow
97702,Askino,Bashkortostan,RU,56.09013,56.57831,Europe/Moscow,Asia/Yekaterinburg,coordinate_polygon,high,,not_required,tzfpy-2026c,polygon lookup differs from existing Europe/Moscow
97703,Askinskiy Rayon,Bashkortostan,RU,56.08333,56.58333,Europe/Moscow,Asia/Yekaterinburg,coordinate_polygon,high,,not_required,tzfpy-2026c,polygon lookup differs from existing Europe/Moscow
97721,Avdon,Bashkortostan,RU,54.66667,55.71667,Europe/Moscow,Asia/Yekaterinburg,coordinate_polygon,high,,not_required,tzfpy-2026c,polygon lookup differs from existing Europe/Moscow
97742,Babstovo,Jewish,RU,48.11853,132.47913,Europe/Moscow,Asia/Vladivostok,coordinate_polygon,high,,not_required,tzfpy-2026c,polygon lookup differs from existing Europe/Moscow
97745,Babushkin,Buryatia,RU,51.71222,105.86472,Europe/Moscow,Asia/Irkutsk,coordinate_polygon,high,,not_required,tzfpy-2026c,polygon lookup differs from existing Europe/Moscow
97748,Bachatskiy,Kemerovo,RU,54.2927,86.1285,Asia/Novosibirsk,Asia/Novokuznetsk,coordinate_polygon,high,,not_required,tzfpy-2026c,polygon lookup differs from existing Asia/Novosibirsk
97753,Bagdarin,Buryatia,RU,54.43333,113.6,Europe/Moscow,Asia/Irkutsk,coordinate_polygon,high,,not_required,tzfpy-2026c,polygon lookup differs from existing Europe/Moscow
97757,Bakalinskiy Rayon,Bashkortostan,RU,55.16667,53.75,Europe/Moscow,Asia/Yekaterinburg,coordinate_polygon,high,,not_required,tzfpy-2026c,polygon lookup differs from existing Europe/Moscow
97758,Bakaly,Bashkortostan,RU,55.17889,53.80278,Europe/Moscow,Asia/Yekaterinburg,coordinate_polygon,high,,not_required,tzfpy-2026c,polygon lookup differs from existing Europe/Moscow
97770,Balakirevo,Vladimir,RU,56.50588,38.84324,Asia/Vladivostok,Europe/Moscow,coordinate_polygon,high,,not_required,tzfpy-2026c,polygon lookup differs from existing Asia/Vladivostok
97778,Balezino,Udmurt,RU,57.9787,53.0138,Europe/Moscow,Europe/Samara,coordinate_polygon,high,,not_required,tzfpy-2026c,polygon lookup differs from existing Europe/Moscow
97794,Barguzin,Buryatia,RU,53.61875,109.63904,Europe/Moscow,Asia/Irkutsk,coordinate_polygon,high,,not_required,tzfpy-2026c,polygon lookup differs from existing Europe/Moscow
97804,Barysh,Ulyanovsk,RU,53.65533,47.11229,Europe/Moscow,Europe/Ulyanovsk,coordinate_polygon,high,,not_required,tzfpy-2026c,polygon lookup differs from existing Europe/Moscow
97806,Barzas,Kemerovo,RU,55.72912,86.32233,Asia/Novosibirsk,Asia/Novokuznetsk,coordinate_polygon,high,,not_required,tzfpy-2026c,polygon lookup differs from existing Asia/Novosibirsk
97809,Batagay,Sakha,RU,67.65653,134.63962,Asia/Yakutsk,Asia/Vladivostok,coordinate_polygon,high,,not_required,tzfpy-2026c,polygon lookup differs from existing Asia/Yakutsk
97817,Bavleny,Vladimir,RU,56.39448,39.56504,Asia/Vladivostok,Europe/Moscow,coordinate_polygon,high,,not_required,tzfpy-2026c,polygon lookup differs from existing Asia/Vladivostok
97822,Bayangol,Buryatia,RU,50.6977,103.4656,Europe/Moscow,Asia/Irkutsk,coordinate_polygon,high,,not_required,tzfpy-2026c,polygon lookup differs from existing Europe/Moscow
97826,Baymak,Bashkortostan,RU,52.59333,58.3225,Europe/Moscow,Asia/Yekaterinburg,coordinate_polygon,high,,not_required,tzfpy-2026c,polygon lookup differs from existing Europe/Moscow
97830,Bazarnyy Syzgan,Ulyanovsk,RU,53.75117,46.75354,Europe/Moscow,Europe/Ulyanovsk,coordinate_polygon,high,,not_required,tzfpy-2026c,polygon lookup differs from existing Europe/Moscow
97833,Bedeyeva Polyana,Bashkortostan,RU,55.32345,56.38882,Europe/Moscow,Asia/Yekaterinburg,coordinate_polygon,high,,not_required,tzfpy-2026c,polygon lookup differs from existing Europe/Moscow
97841,Belaya Gora,Sakha,RU,68.53805,146.18583,Asia/Yakutsk,Asia/Srednekolymsk,coordinate_polygon,high,,not_required,tzfpy-2026c,polygon lookup differs from existing Asia/Yakutsk
97845,Belaya Rechka,Vladimir,RU,56.28491,39.40665,Asia/Vladivostok,Europe/Moscow,coordinate_polygon,high,,not_required,tzfpy-2026c,polygon lookup differs from existing Asia/Vladivostok
97846,Belebey,Bashkortostan,RU,54.106495,54.107811,Europe/Moscow,Asia/Yekaterinburg,coordinate_polygon,high,,not_required,tzfpy-2026c,polygon lookup differs from existing Europe/Moscow
97852,Belogorsk,Kemerovo,RU,55.01778,88.48972,Asia/Novosibirsk,Asia/Novokuznetsk,coordinate_polygon,high,,not_required,tzfpy-2026c,polygon lookup differs from existing Asia/Novosibirsk
97864,Beloretsk,Bashkortostan,RU,53.96306,58.39806,Europe/Moscow,Asia/Yekaterinburg,coordinate_polygon,high,,not_required,tzfpy-2026c,polygon lookup differs from existing Europe/Moscow
97865,Beloretskiy Rayon,Bashkortostan,RU,54,58,Europe/Moscow,Asia/Yekaterinburg,coordinate_polygon,high,,not_required,tzfpy-2026c,polygon lookup differs from existing Europe/Moscow
97867,Belovo,Kemerovo,RU,54.4165,86.2976,Asia/Novosibirsk,Asia/Novokuznetsk,coordinate_polygon,high,,not_required,tzfpy-2026c,polygon lookup differs from existing Asia/Novosibirsk
97876,Belyashi,Altai,RU,49.709,87.423,Europe/Moscow,Asia/Barnaul,coordinate_polygon,high,,not_required,tzfpy-2026c,polygon lookup differs from existing Europe/Moscow
97881,Belyy Yar,Tomsk,RU,58.44472,85.0425,Europe/Moscow,Asia/Tomsk,coordinate_polygon,high,,not_required,tzfpy-2026c,polygon lookup differs from existing Europe/Moscow
97907,Berëzovskiy,Kemerovo,RU,55.6,86.2,Asia/Novosibirsk,Asia/Novokuznetsk,coordinate_polygon,high,,not_required,tzfpy-2026c,polygon lookup differs from existing Asia/Novosibirsk
97925,Bichura,Buryatia,RU,50.58806,107.60222,Europe/Moscow,Asia/Irkutsk,coordinate_polygon,high,,not_required,tzfpy-2026c,polygon lookup differs from existing Europe/Moscow
97932,Bira,Jewish,RU,49.00135,132.46826,Europe/Moscow,Asia/Vladivostok,coordinate_polygon,high,,not_required,tzfpy-2026c,polygon lookup differs from existing Europe/Moscow
97935,Birobidzhan,Jewish,RU,48.79284,132.92386,Europe/Moscow,Asia/Vladivostok,coordinate_polygon,high,,not_required,tzfpy-2026c,polygon lookup differs from existing Europe/Moscow
97936,Birobidzhanskiy Rayon,Jewish,RU,48.5,132.75,Europe/Moscow,Asia/Vladivostok,coordinate_polygon,high,,not_required,tzfpy-2026c,polygon lookup differs from existing Europe/Moscow
97937,Birsk,Bashkortostan,RU,55.42111,55.54278,Europe/Moscow,Asia/Yekaterinburg,coordinate_polygon,high,,not_required,tzfpy-2026c,polygon lookup differs from existing Europe/Moscow
97943,Bizhbulyak,Bashkortostan,RU,53.6967,54.2642,Europe/Moscow,Asia/Yekaterinburg,coordinate_polygon,high,,not_required,tzfpy-2026c,polygon lookup differs from existing Europe/Moscow
97948,Blagoveshchensk,Bashkortostan,RU,55.035,55.97806,Europe/Moscow,Asia/Yekaterinburg,coordinate_polygon,high,,not_required,tzfpy-2026c,polygon lookup differs from existing Europe/Moscow
97966,Bogolyubovo,Vladimir,RU,56.19052,40.52313,Asia/Vladivostok,Europe/Moscow,coordinate_polygon,high,,not_required,tzfpy-2026c,polygon lookup differs from existing Asia/Vladivostok
98005,Bol’sherech’ye,Omsk,RU,56.09252,74.62716,Europe/Moscow,Asia/Omsk,coordinate_polygon,high,,not_required,tzfpy-2026c,polygon lookup differs from existing Europe/Moscow
98011,Bol’shoy Kunaley,Buryatia,RU,51.43203,107.6089,Europe/Moscow,Asia/Irkutsk,coordinate_polygon,high,,not_required,tzfpy-2026c,polygon lookup differs from existing Europe/Moscow
98039,Borovoy,Kemerovo,RU,55.43333,86.08333,Asia/Novosibirsk,Asia/Novokuznetsk,coordinate_polygon,high,,not_required,tzfpy-2026c,polygon lookup differs from existing Asia/Novosibirsk
98075,Bulgakovo,Bashkortostan,RU,54.4968,55.8843,Europe/Moscow,Asia/Yekaterinburg,coordinate_polygon,high,,not_required,tzfpy-2026c,polygon lookup differs from existing Europe/Moscow
98077,Burayevo,Bashkortostan,RU,55.84069,55.40834,Europe/Moscow,Asia/Yekaterinburg,coordinate_polygon,high,,not_required,tzfpy-2026c,polygon lookup differs from existing Europe/Moscow
98081,Buribay,Bashkortostan,RU,51.96167,58.15917,Europe/Moscow,Asia/Yekaterinburg,coordinate_polygon,high,,not_required,tzfpy-2026c,polygon lookup differs from existing Europe/Moscow
98094,Buzdyak,Bashkortostan,RU,54.58333,54.55,Europe/Moscow,Asia/Yekaterinburg,coordinate_polygon,high,,not_required,tzfpy-2026c,polygon lookup differs from existing Europe/Moscow
98095,Buzdyakskiy Rayon,Bashkortostan,RU,54.58333,54.5,Europe/Moscow,Asia/Yekaterinburg,coordinate_polygon,high,,not_required,tzfpy-2026c,polygon lookup differs from existing Europe/Moscow
98137,Chekmagush,Bashkortostan,RU,55.13194,54.65556,Europe/Moscow,Asia/Yekaterinburg,coordinate_polygon,high,,not_required,tzfpy-2026c,polygon lookup differs from existing Europe/Moscow
98141,Chemal,Altai,RU,51.41111,86.005,Europe/Moscow,Asia/Barnaul,coordinate_polygon,high,,not_required,tzfpy-2026c,polygon lookup differs from existing Europe/Moscow
98143,Cherdaklinskiy Rayon,Ulyanovsk,RU,54.25,48.83333,Europe/Moscow,Europe/Ulyanovsk,coordinate_polygon,high,,not_required,tzfpy-2026c,polygon lookup differs from existing Europe/Moscow
98158,Cherga,Altai,RU,51.56889,85.5625,Europe/Moscow,Asia/Barnaul,coordinate_polygon,high,,not_required,tzfpy-2026c,polygon lookup differs from existing Europe/Moscow
98162,Cherlak,Omsk,RU,54.155,74.8055,Europe/Moscow,Asia/Omsk,coordinate_polygon,high,,not_required,tzfpy-2026c,polygon lookup differs from existing Europe/Moscow
98184,Cherskiy,Sakha,RU,68.75325,161.33197,Asia/Yakutsk,Asia/Srednekolymsk,coordinate_polygon,high,,not_required,tzfpy-2026c,polygon lookup differs from existing Asia/Yakutsk
98193,Chesnokovka,Bashkortostan,RU,54.61242,55.94575,Europe/Moscow,Asia/Yekaterinburg,coordinate_polygon,high,,not_required,tzfpy-2026c,polygon lookup differs from existing Europe/Moscow
98198,Chishmy,Bashkortostan,RU,54.57648,55.37642,Europe/Moscow,Asia/Yekaterinburg,coordinate_polygon,high,,not_required,tzfpy-2026c,polygon lookup differs from existing Europe/Moscow
98199,Chistogorskiy,Kemerovo,RU,53.9835,87.3843,Asia/Novosibirsk,Asia/Novokuznetsk,coordinate_polygon,high,,not_required,tzfpy-2026c,polygon lookup differs from existing Asia/Novosibirsk
98209,Chokurdakh,Sakha,RU,70.61897,147.8973,Asia/Yakutsk,Asia/Srednekolymsk,coordinate_polygon,high,,not_required,tzfpy-2026c,polygon lookup differs from existing Asia/Yakutsk
98212,Choya,Altai,RU,52.0108,86.5467,Europe/Moscow,Asia/Barnaul,coordinate_polygon,high,,not_required,tzfpy-2026c,polygon lookup differs from existing Europe/Moscow
98249,Davlekanovo,Bashkortostan,RU,54.22145,55.03434,Europe/Moscow,Asia/Yekaterinburg,coordinate_polygon,high,,not_required,tzfpy-2026c,polygon lookup differs from existing Europe/Moscow
98254,Debesy,Udmurt,RU,57.6515,53.8089,Europe/Moscow,Europe/Samara,coordinate_polygon,high,,not_required,tzfpy-2026c,polygon lookup differs from existing Europe/Moscow
98264,Deputatsky,Sakha,RU,69.30958,139.97571,Asia/Yakutsk,Asia/Vladivostok,coordinate_polygon,high,,not_required,tzfpy-2026c,polygon lookup differs from existing Asia/Yakutsk
98282,Dmitriyevka,Bashkortostan,RU,54.75,55.33333,Europe/Moscow,Asia/Yekaterinburg,coordinate_polygon,high,,not_required,tzfpy-2026c,polygon lookup differs from existing Europe/Moscow
98297,Dobryatino,Vladimir,RU,55.5055,41.3195,Asia/Vladivostok,Europe/Moscow,coordinate_polygon,high,,not_required,tzfpy-2026c,polygon lookup differs from existing Asia/Vladivostok
98357,Duvan,Bashkortostan,RU,55.69497,57.90237,Europe/Moscow,Asia/Yekaterinburg,coordinate_polygon,high,,not_required,tzfpy-2026c,polygon lookup differs from existing Europe/Moscow
98366,Dyurtyuli,Bashkortostan,RU,55.49106,54.86883,Europe/Moscow,Asia/Yekaterinburg,coordinate_polygon,high,,not_required,tzfpy-2026c,polygon lookup differs from existing Europe/Moscow
98376,Dzhebariki-Khaya,Sakha,RU,62.21084,135.84876,Asia/Yakutsk,Asia/Khandyga,coordinate_polygon,high,,not_required,tzfpy-2026c,polygon lookup differs from existing Asia/Yakutsk
98377,Dzhida,Buryatia,RU,50.67722,106.18056,Europe/Moscow,Asia/Irkutsk,coordinate_polygon,high,,not_required,tzfpy-2026c,polygon lookup differs from existing Europe/Moscow
98384,Elekmonar,Altai,RU,51.45889,85.98778,Europe/Moscow,Asia/Barnaul,coordinate_polygon,high,,not_required,tzfpy-2026c,polygon lookup differs from existing Europe/Moscow
98411,Fakel,Udmurt,RU,57.631,53.0251,Europe/Moscow,Europe/Samara,coordinate_polygon,high,,not_required,tzfpy-2026c,polygon lookup differs from existing Europe/Moscow
98443,Fëdorovskiy Rayon,Bashkortostan,RU,53.08333,55.25,Europe/Moscow,Asia/Yekaterinburg,coordinate_polygon,high,,not_required,tzfpy-2026c,polygon lookup differs from existing Europe/Moscow
98452,Galitsy,Vladimir,RU,56.17759,42.84588,Asia/Vladivostok,Europe/Moscow,coordinate_polygon,high,,not_required,tzfpy-2026c,polygon lookup differs from existing Asia/Vladivostok
98495,Glazov,Udmurt,RU,58.1393,52.658,Europe/Moscow,Europe/Samara,coordinate_polygon,high,,not_required,tzfpy-2026c,polygon lookup differs from existing Europe/Moscow
98508,Golovino,Vladimir,RU,55.96128,40.42511,Asia/Vladivostok,Europe/Moscow,coordinate_polygon,high,,not_required,tzfpy-2026c,polygon lookup differs from existing Asia/Vladivostok
98529,Gorno-Altaysk,Altai,RU,51.96056,85.91892,Europe/Moscow,Asia/Barnaul,coordinate_polygon,high,,not_required,tzfpy-2026c,polygon lookup differs from existing Europe/Moscow
98564,Gorokhovets,Vladimir,RU,56.20152,42.69351,Asia/Vladivostok,Europe/Moscow,coordinate_polygon,high,,not_required,tzfpy-2026c,polygon lookup differs from existing Asia/Vladivostok
98575,Grakhovo,Udmurt,RU,56.05017,51.96758,Europe/Moscow,Europe/Samara,coordinate_polygon,high,,not_required,tzfpy-2026c,polygon lookup differs from existing Europe/Moscow
98576,Gramoteino,Kemerovo,RU,54.5368,86.3839,Asia/Novosibirsk,Asia/Novokuznetsk,coordinate_polygon,high,,not_required,tzfpy-2026c,polygon lookup differs from existing Asia/Novosibirsk
98617,Gur’yevsk,Kemerovo,RU,54.28333,85.93333,Asia/Novosibirsk,Asia/Novokuznetsk,coordinate_polygon,high,,not_required,tzfpy-2026c,polygon lookup differs from existing Asia/Novosibirsk
98619,Gusevskiy,Vladimir,RU,55.66199,40.56267,Asia/Vladivostok,Europe/Moscow,coordinate_polygon,high,,not_required,tzfpy-2026c,polygon lookup differs from existing Asia/Vladivostok
98620,Gusinoozyorsk,Buryatia,RU,51.28333,106.5,Europe/Moscow,Asia/Irkutsk,coordinate_polygon,high,,not_required,tzfpy-2026c,polygon lookup differs from existing Europe/Moscow
98621,Gusinoye Ozero,Buryatia,RU,51.11444,106.26139,Europe/Moscow,Asia/Irkutsk,coordinate_polygon,high,,not_required,tzfpy-2026c,polygon lookup differs from existing Europe/Moscow
98622,Gus’-Khrustal’nyy,Vladimir,RU,55.61113,40.65186,Asia/Vladivostok,Europe/Moscow,coordinate_polygon,high,,not_required,tzfpy-2026c,polygon lookup differs from existing Asia/Vladivostok
98632,Iglino,Bashkortostan,RU,54.83244,56.41264,Europe/Moscow,Asia/Yekaterinburg,coordinate_polygon,high,,not_required,tzfpy-2026c,polygon lookup differs from existing Europe/Moscow
98634,Igra,Udmurt,RU,57.5549,53.0544,Europe/Moscow,Europe/Samara,coordinate_polygon,high,,not_required,tzfpy-2026c,polygon lookup differs from existing Europe/Moscow
98652,Il’inka,Buryatia,RU,52.11944,107.27083,Europe/Moscow,Asia/Irkutsk,coordinate_polygon,high,,not_required,tzfpy-2026c,polygon lookup differs from existing Europe/Moscow
98659,Il’ka,Buryatia,RU,51.72114,108.52169,Europe/Moscow,Asia/Irkutsk,coordinate_polygon,high,,not_required,tzfpy-2026c,polygon lookup differs from existing Europe/Moscow
98670,Imeni Vorovskogo,Vladimir,RU,55.7237,41.119,Asia/Vladivostok,Europe/Moscow,coordinate_polygon,high,,not_required,tzfpy-2026c,polygon lookup differs from existing Asia/Vladivostok
98677,Inskoy,Kemerovo,RU,54.4297,86.44,Asia/Novosibirsk,Asia/Novokuznetsk,coordinate_polygon,high,,not_required,tzfpy-2026c,polygon lookup differs from existing Asia/Novosibirsk
98679,Inya,Altai,RU,50.45611,86.62667,Europe/Moscow,Asia/Barnaul,coordinate_polygon,high,,not_required,tzfpy-2026c,polygon lookup differs from existing Europe/Moscow
98681,Inza,Ulyanovsk,RU,53.85672,46.35622,Europe/Moscow,Europe/Ulyanovsk,coordinate_polygon,high,,not_required,tzfpy-2026c,polygon lookup differs from existing Europe/Moscow
98682,Inzer,Bashkortostan,RU,54.2167,57.5556,Europe/Moscow,Asia/Yekaterinburg,coordinate_polygon,high,,not_required,tzfpy-2026c,polygon lookup differs from existing Europe/Moscow
98684,Iogach,Altai,RU,51.78167,87.26306,Europe/Moscow,Asia/Barnaul,coordinate_polygon,high,,not_required,tzfpy-2026c,polygon lookup differs from existing Europe/Moscow
98703,Isheyevka,Ulyanovsk,RU,54.42789,48.26675,Europe/Moscow,Europe/Ulyanovsk,coordinate_polygon,high,,not_required,tzfpy-2026c,polygon lookup differs from existing Europe/Moscow
98705,Ishimbay,Bashkortostan,RU,53.45446,56.04149,Europe/Moscow,Asia/Yekaterinburg,coordinate_polygon,high,,not_required,tzfpy-2026c,polygon lookup differs from existing Europe/Moscow
98718,Istok,Buryatia,RU,52.09528,106.2475,Europe/Moscow,Asia/Irkutsk,coordinate_polygon,high,,not_required,tzfpy-2026c,polygon lookup differs from existing Europe/Moscow
98722,Isyangulovo,Bashkortostan,RU,52.18584,56.58043,Europe/Moscow,Asia/Yekaterinburg,coordinate_polygon,high,,not_required,tzfpy-2026c,polygon lookup differs from existing Europe/Moscow
98723,Itatskiy,Kemerovo,RU,56.07,89.03694,Asia/Novosibirsk,Asia/Novokuznetsk,coordinate_polygon,high,,not_required,tzfpy-2026c,polygon lookup differs from existing Asia/Novosibirsk
98728,Ivanishchi,Vladimir,RU,55.77417,40.42731,Asia/Vladivostok,Europe/Moscow,coordinate_polygon,high,,not_required,tzfpy-2026c,polygon lookup differs from existing Asia/Vladivostok
98741,Ivolginsk,Buryatia,RU,51.74919,107.28374,Europe/Moscow,Asia/Irkutsk,coordinate_polygon,high,,not_required,tzfpy-2026c,polygon lookup differs from existing Europe/Moscow
98742,Ivolginskiy Rayon,Buryatia,RU,51.83333,107.33333,Europe/Moscow,Asia/Irkutsk,coordinate_polygon,high,,not_required,tzfpy-2026c,polygon lookup differs from existing Europe/Moscow
98746,Izhevsk,Udmurt,RU,56.84976,53.20448,Europe/Moscow,Europe/Samara,coordinate_polygon,high,,not_required,tzfpy-2026c,polygon lookup differs from existing Europe/Moscow
98749,Izhmorskiy,Kemerovo,RU,56.19239,86.64161,Asia/Novosibirsk,Asia/Novokuznetsk,coordinate_polygon,high,,not_required,tzfpy-2026c,polygon lookup differs from existing Asia/Novosibirsk
98760,Izvestkovyy,Jewish,RU,48.98043,131.55274,Europe/Moscow,Asia/Vladivostok,coordinate_polygon,high,,not_required,tzfpy-2026c,polygon lookup differs from existing Europe/Moscow
98762,Kabakovo,Bashkortostan,RU,54.5369,56.1517,Europe/Moscow,Asia/Yekaterinburg,coordinate_polygon,high,,not_required,tzfpy-2026c,polygon lookup differs from existing Europe/Moscow
98764,Kabansk,Buryatia,RU,52.04861,106.65278,Europe/Moscow,Asia/Irkutsk,coordinate_polygon,high,,not_required,tzfpy-2026c,polygon lookup differs from existing Europe/Moscow
98779,Kalachinsk,Omsk,RU,55.05286,74.57511,Europe/Moscow,Asia/Omsk,coordinate_polygon,high,,not_required,tzfpy-2026c,polygon lookup differs from existing Europe/Moscow
98799,Kaltan,Kemerovo,RU,53.5347,87.2457,Asia/Novosibirsk,Asia/Novokuznetsk,coordinate_polygon,high,,not_required,tzfpy-2026c,polygon lookup differs from existing Asia/Novosibirsk
98800,Kaltasy,Bashkortostan,RU,55.96926,54.80321,Europe/Moscow,Asia/Yekaterinburg,coordinate_polygon,high,,not_required,tzfpy-2026c,polygon lookup differs from existing Europe/Moscow
98805,Kama,Udmurt,RU,56.30512,54.09361,Europe/Moscow,Europe/Samara,coordinate_polygon,high,,not_required,tzfpy-2026c,polygon lookup differs from existing Europe/Moscow
98806,Kambarka,Udmurt,RU,56.2666,54.2056,Europe/Moscow,Europe/Samara,coordinate_polygon,high,,not_required,tzfpy-2026c,polygon lookup differs from existing Europe/Moscow
98825,Kameshkovo,Vladimir,RU,56.35305,41.00941,Asia/Vladivostok,Europe/Moscow,coordinate_polygon,high,,not_required,tzfpy-2026c,polygon lookup differs from existing Asia/Vladivostok
98839,Kandry,Bashkortostan,RU,54.56667,54.11667,Europe/Moscow,Asia/Yekaterinburg,coordinate_polygon,high,,not_required,tzfpy-2026c,polygon lookup differs from existing Europe/Moscow
98851,Karabanovo,Vladimir,RU,56.31667,38.7,Asia/Vladivostok,Europe/Moscow,coordinate_polygon,high,,not_required,tzfpy-2026c,polygon lookup differs from existing Asia/Vladivostok
98862,Karagayla,Kemerovo,RU,54.172,86.5521,Asia/Novosibirsk,Asia/Novokuznetsk,coordinate_polygon,high,,not_required,tzfpy-2026c,polygon lookup differs from existing Asia/Novosibirsk
98864,Karaidel’,Bashkortostan,RU,55.83373,56.90692,Europe/Moscow,Asia/Yekaterinburg,coordinate_polygon,high,,not_required,tzfpy-2026c,polygon lookup differs from existing Europe/Moscow
98865,Karakulino,Udmurt,RU,56.012,53.70669,Europe/Moscow,Europe/Samara,coordinate_polygon,high,,not_required,tzfpy-2026c,polygon lookup differs from existing Europe/Moscow
98866,Karakulinskiy Rayon,Udmurt,RU,56.08333,53.66667,Europe/Moscow,Europe/Samara,coordinate_polygon,high,,not_required,tzfpy-2026c,polygon lookup differs from existing Europe/Moscow
98882,Karmaskaly,Bashkortostan,RU,54.3709,56.1837,Europe/Moscow,Asia/Yekaterinburg,coordinate_polygon,high,,not_required,tzfpy-2026c,polygon lookup differs from existing Europe/Moscow
98886,Karsun,Ulyanovsk,RU,54.19941,46.9827,Europe/Moscow,Europe/Ulyanovsk,coordinate_polygon,high,,not_required,tzfpy-2026c,polygon lookup differs from existing Europe/Moscow
98921,Kaz,Kemerovo,RU,52.9113,87.3105,Asia/Novosibirsk,Asia/Novokuznetsk,coordinate_polygon,high,,not_required,tzfpy-2026c,polygon lookup differs from existing Asia/Novosibirsk
98933,Kedrovka,Kemerovo,RU,55.53333,86.05,Asia/Novosibirsk,Asia/Novokuznetsk,coordinate_polygon,high,,not_required,tzfpy-2026c,polygon lookup differs from existing Asia/Novosibirsk
98935,Kedrovyy,Tomsk,RU,57.51972,79.51556,Europe/Moscow,Asia/Tomsk,coordinate_polygon,high,,not_required,tzfpy-2026c,polygon lookup differs from existing Europe/Moscow
98937,Kemerovo,Kemerovo,RU,55.33333,86.08333,Asia/Novosibirsk,Asia/Novokuznetsk,coordinate_polygon,high,,not_required,tzfpy-2026c,polygon lookup differs from existing Asia/Novosibirsk
98947,Kez,Udmurt,RU,57.8957,53.7132,Europe/Moscow,Europe/Samara,coordinate_polygon,high,,not_required,tzfpy-2026c,polygon lookup differs from existing Europe/Moscow
98958,Khandyga,Sakha,RU,62.65333,135.5667,Asia/Yakutsk,Asia/Khandyga,coordinate_polygon,high,,not_required,tzfpy-2026c,polygon lookup differs from existing Asia/Yakutsk
98975,Khaybullinskiy Rayon,Bashkortostan,RU,52,58.25,Europe/Moscow,Asia/Yekaterinburg,coordinate_polygon,high,,not_required,tzfpy-2026c,polygon lookup differs from existing Europe/Moscow
98982,Khingansk,Jewish,RU,49.12821,131.19322,Europe/Moscow,Asia/Vladivostok,coordinate_polygon,high,,not_required,tzfpy-2026c,polygon lookup differs from existing Europe/Moscow
98990,Khokhryaki,Udmurt,RU,56.91561,53.3221,Europe/Moscow,Europe/Samara,coordinate_polygon,high,,not_required,tzfpy-2026c,polygon lookup differs from existing Europe/Moscow
99000,Kholtoson,Buryatia,RU,50.2981,103.3097,Europe/Moscow,Asia/Irkutsk,coordinate_polygon,high,,not_required,tzfpy-2026c,polygon lookup differs from existing Europe/Moscow
99003,Khonkholoy,Buryatia,RU,51.13186,108.22515,Europe/Moscow,Asia/Irkutsk,coordinate_polygon,high,,not_required,tzfpy-2026c,polygon lookup differs from existing Europe/Moscow
99005,Khorinsk,Buryatia,RU,52.16631,109.77626,Europe/Moscow,Asia/Irkutsk,coordinate_polygon,high,,not_required,tzfpy-2026c,polygon lookup differs from existing Europe/Moscow
99031,Kichera,Buryatia,RU,55.93874,110.10122,Europe/Moscow,Asia/Irkutsk,coordinate_polygon,high,,not_required,tzfpy-2026c,polygon lookup differs from existing Europe/Moscow
99034,Kideksha,Vladimir,RU,56.42381,40.52146,Asia/Vladivostok,Europe/Moscow,coordinate_polygon,high,,not_required,tzfpy-2026c,polygon lookup differs from existing Asia/Vladivostok
99054,Kirgiz-Miyaki,Bashkortostan,RU,53.6324,54.7979,Europe/Moscow,Asia/Yekaterinburg,coordinate_polygon,high,,not_required,tzfpy-2026c,polygon lookup differs from existing Europe/Moscow
99077,Kirzhach,Vladimir,RU,56.15273,38.85509,Asia/Vladivostok,Europe/Moscow,coordinate_polygon,high,,not_required,tzfpy-2026c,polygon lookup differs from existing Asia/Vladivostok
99078,Kiselëvsk,Kemerovo,RU,53.99,86.6621,Asia/Novosibirsk,Asia/Novokuznetsk,coordinate_polygon,high,,not_required,tzfpy-2026c,polygon lookup differs from existing Asia/Novosibirsk
99084,Kiyasovo,Udmurt,RU,56.34907,53.12439,Europe/Moscow,Europe/Samara,coordinate_polygon,high,,not_required,tzfpy-2026c,polygon lookup differs from existing Europe/Moscow
99085,Kiyasovskiy Rayon,Udmurt,RU,56.33333,53.16667,Europe/Moscow,Europe/Samara,coordinate_polygon,high,,not_required,tzfpy-2026c,polygon lookup differs from existing Europe/Moscow
99089,Kizhinga,Buryatia,RU,51.8476,109.90795,Europe/Moscow,Asia/Irkutsk,coordinate_polygon,high,,not_required,tzfpy-2026c,polygon lookup differs from existing Europe/Moscow
99096,Kizner,Udmurt,RU,56.27489,51.508,Europe/Moscow,Europe/Samara,coordinate_polygon,high,,not_required,tzfpy-2026c,polygon lookup differs from existing Europe/Moscow
99145,Kolosovka,Omsk,RU,56.46779,73.61096,Europe/Moscow,Asia/Omsk,coordinate_polygon,high,,not_required,tzfpy-2026c,polygon lookup differs from existing Europe/Moscow
99146,Kolpashevo,Tomsk,RU,58.31306,82.90889,Europe/Moscow,Asia/Tomsk,coordinate_polygon,high,,not_required,tzfpy-2026c,polygon lookup differs from existing Europe/Moscow
99154,Kol’chugino,Vladimir,RU,56.29929,39.38304,Asia/Vladivostok,Europe/Moscow,coordinate_polygon,high,,not_required,tzfpy-2026c,polygon lookup differs from existing Asia/Vladivostok
99155,Kol’chuginskiy Rayon,Vladimir,RU,56.25,39.41667,Asia/Vladivostok,Europe/Moscow,coordinate_polygon,high,,not_required,tzfpy-2026c,polygon lookup differs from existing Asia/Vladivostok
99163,Kommunar,Vladimir,RU,56.11222,40.44666,Asia/Vladivostok,Europe/Moscow,coordinate_polygon,high,,not_required,tzfpy-2026c,polygon lookup differs from existing Asia/Vladivostok
99226,Kosh-Agach,Altai,RU,49.99273,88.67598,Europe/Moscow,Asia/Barnaul,coordinate_polygon,high,,not_required,tzfpy-2026c,polygon lookup differs from existing Europe/Moscow
99237,Kosterevo,Vladimir,RU,55.9299,39.61438,Asia/Vladivostok,Europe/Moscow,coordinate_polygon,high,,not_required,tzfpy-2026c,polygon lookup differs from existing Asia/Vladivostok
99255,Kovrov,Vladimir,RU,56.35722,41.31917,Asia/Vladivostok,Europe/Moscow,coordinate_polygon,high,,not_required,tzfpy-2026c,polygon lookup differs from existing Asia/Vladivostok
99263,Kozhevnikovo,Tomsk,RU,56.25889,83.97139,Europe/Moscow,Asia/Tomsk,coordinate_polygon,high,,not_required,tzfpy-2026c,polygon lookup differs from existing Europe/Moscow
99272,Krapivinskiy,Kemerovo,RU,54.9992,86.8133,Asia/Novosibirsk,Asia/Novokuznetsk,coordinate_polygon,high,,not_required,tzfpy-2026c,polygon lookup differs from existing Asia/Novosibirsk
99278,Krasnaya Gorbatka,Vladimir,RU,55.8703,41.7641,Asia/Vladivostok,Europe/Moscow,coordinate_polygon,high,,not_required,tzfpy-2026c,polygon lookup differs from existing Asia/Vladivostok
99280,Krasnaya Gorka,Bashkortostan,RU,55.19617,56.66727,Europe/Moscow,Asia/Yekaterinburg,coordinate_polygon,high,,not_required,tzfpy-2026c,polygon lookup differs from existing Europe/Moscow
99298,Krasnobrodskiy,Kemerovo,RU,54.1581,86.4486,Asia/Novosibirsk,Asia/Novokuznetsk,coordinate_polygon,high,,not_required,tzfpy-2026c,polygon lookup differs from existing Asia/Novosibirsk
99307,Krasnogorskiy,Kemerovo,RU,54.5471,86.281,Asia/Novosibirsk,Asia/Novokuznetsk,coordinate_polygon,high,,not_required,tzfpy-2026c,polygon lookup differs from existing Asia/Novosibirsk
99310,Krasnogorskoye,Udmurt,RU,57.7047,52.4999,Europe/Moscow,Europe/Samara,coordinate_polygon,high,,not_required,tzfpy-2026c,polygon lookup differs from existing Europe/Moscow
99324,Krasnokholmskiy,Bashkortostan,RU,55.98729,55.04659,Europe/Moscow,Asia/Yekaterinburg,coordinate_polygon,high,,not_required,tzfpy-2026c,polygon lookup differs from existing Europe/Moscow
99352,Krasnoye,Kemerovo,RU,54.6068,85.3899,Asia/Novosibirsk,Asia/Novokuznetsk,coordinate_polygon,high,,not_required,tzfpy-2026c,polygon lookup differs from existing Asia/Novosibirsk
99359,Krasnyy Bogatyr’,Vladimir,RU,56.01453,41.12958,Asia/Vladivostok,Europe/Moscow,coordinate_polygon,high,,not_required,tzfpy-2026c,polygon lookup differs from existing Asia/Vladivostok
99364,Krasnyy Klyuch,Bashkortostan,RU,55.38625,56.65287,Europe/Moscow,Asia/Yekaterinburg,coordinate_polygon,high,,not_required,tzfpy-2026c,polygon lookup differs from existing Europe/Moscow
99370,Krasnyy Oktyabr’,Vladimir,RU,56.11667,38.88333,Asia/Vladivostok,Europe/Moscow,coordinate_polygon,high,,not_required,tzfpy-2026c,polygon lookup differs from existing Asia/Vladivostok
99393,Krivosheino,Tomsk,RU,57.34306,83.92611,Europe/Moscow,Asia/Tomsk,coordinate_polygon,high,,not_required,tzfpy-2026c,polygon lookup differs from existing Europe/Moscow
99404,Krutinka,Omsk,RU,56.0055,71.51131,Europe/Moscow,Asia/Omsk,coordinate_polygon,high,,not_required,tzfpy-2026c,polygon lookup differs from existing Europe/Moscow
99418,Kudara-Somon,Buryatia,RU,50.15472,107.40139,Europe/Moscow,Asia/Irkutsk,coordinate_polygon,high,,not_required,tzfpy-2026c,polygon lookup differs from existing Europe/Moscow
99420,Kudeyevskiy,Bashkortostan,RU,54.87583,56.75667,Europe/Moscow,Asia/Yekaterinburg,coordinate_polygon,high,,not_required,tzfpy-2026c,polygon lookup differs from existing Europe/Moscow
99440,Kumertau,Bashkortostan,RU,52.76667,55.78333,Europe/Moscow,Asia/Yekaterinburg,coordinate_polygon,high,,not_required,tzfpy-2026c,polygon lookup differs from existing Europe/Moscow
99462,Kurilsky,Sakhalin,RU,46,150,Asia/Sakhalin,Asia/Magadan,coordinate_polygon,high,,not_required,tzfpy-2026c,polygon lookup differs from existing Asia/Sakhalin
99463,Kuril’sk,Sakhalin,RU,45.22686,147.87767,Asia/Sakhalin,Asia/Magadan,coordinate_polygon,high,,not_required,tzfpy-2026c,polygon lookup differs from existing Asia/Sakhalin
99466,Kurlovo,Vladimir,RU,55.43252,40.48539,Asia/Vladivostok,Europe/Moscow,coordinate_polygon,high,,not_required,tzfpy-2026c,polygon lookup differs from existing Asia/Vladivostok
99478,Kurumkan,Buryatia,RU,54.32093,110.30651,Europe/Moscow,Asia/Irkutsk,coordinate_polygon,high,,not_required,tzfpy-2026c,polygon lookup differs from existing Europe/Moscow
99487,Kushnarënkovo,Bashkortostan,RU,55.105,55.35083,Europe/Moscow,Asia/Yekaterinburg,coordinate_polygon,high,,not_required,tzfpy-2026c,polygon lookup differs from existing Europe/Moscow
99499,Kuzedeyevo,Kemerovo,RU,53.3308,87.2019,Asia/Novosibirsk,Asia/Novokuznetsk,coordinate_polygon,high,,not_required,tzfpy-2026c,polygon lookup differs from existing Asia/Novosibirsk
99516,Kyakhta,Buryatia,RU,50.35737,106.45033,Europe/Moscow,Asia/Irkutsk,coordinate_polygon,high,,not_required,tzfpy-2026c,polygon lookup differs from existing Europe/Moscow
99519,Kyren,Buryatia,RU,51.6828,102.1408,Europe/Moscow,Asia/Irkutsk,coordinate_polygon,high,,not_required,tzfpy-2026c,polygon lookup differs from existing Europe/Moscow
99540,Lakinsk,Vladimir,RU,56.01931,39.94848,Asia/Vladivostok,Europe/Moscow,coordinate_polygon,high,,not_required,tzfpy-2026c,polygon lookup differs from existing Asia/Vladivostok
99569,Leninsk-Kuznetskiy Rayon,Kemerovo,RU,54.66667,86,Asia/Novosibirsk,Asia/Novokuznetsk,coordinate_polygon,high,,not_required,tzfpy-2026c,polygon lookup differs from existing Asia/Novosibirsk
99570,Leninsk-Kuznetsky,Kemerovo,RU,54.6567,86.1737,Asia/Novosibirsk,Asia/Novokuznetsk,coordinate_polygon,high,,not_required,tzfpy-2026c,polygon lookup differs from existing Asia/Novosibirsk
99574,Leninskiy Rayon,Jewish,RU,48.16667,132.25,Europe/Moscow,Asia/Vladivostok,coordinate_polygon,high,,not_required,tzfpy-2026c,polygon lookup differs from existing Europe/Moscow
99639,Listvyagi,Kemerovo,RU,53.6772,86.951,Asia/Novosibirsk,Asia/Novokuznetsk,coordinate_polygon,high,,not_required,tzfpy-2026c,polygon lookup differs from existing Asia/Novosibirsk
99659,Lomovka,Bashkortostan,RU,53.91944,58.36722,Europe/Moscow,Asia/Yekaterinburg,coordinate_polygon,high,,not_required,tzfpy-2026c,polygon lookup differs from existing Europe/Moscow
99688,Luknovo,Vladimir,RU,56.18045,42.03987,Asia/Vladivostok,Europe/Moscow,coordinate_polygon,high,,not_required,tzfpy-2026c,polygon lookup differs from existing Asia/Vladivostok
99737,Maginsk,Bashkortostan,RU,55.76338,56.96583,Europe/Moscow,Asia/Yekaterinburg,coordinate_polygon,high,,not_required,tzfpy-2026c,polygon lookup differs from existing Europe/Moscow
99751,Malaya Purga,Udmurt,RU,56.55666,53.00434,Europe/Moscow,Europe/Samara,coordinate_polygon,high,,not_required,tzfpy-2026c,polygon lookup differs from existing Europe/Moscow
99764,Malopurginskiy Rayon,Udmurt,RU,56.55766,53.03476,Europe/Moscow,Europe/Samara,coordinate_polygon,high,,not_required,tzfpy-2026c,polygon lookup differs from existing Europe/Moscow
99787,Manzherok,Altai,RU,51.83028,85.775,Europe/Moscow,Asia/Barnaul,coordinate_polygon,high,,not_required,tzfpy-2026c,polygon lookup differs from existing Europe/Moscow
99795,Mariinsk,Kemerovo,RU,56.21389,87.74722,Asia/Novosibirsk,Asia/Novokuznetsk,coordinate_polygon,high,,not_required,tzfpy-2026c,polygon lookup differs from existing Asia/Novosibirsk
99818,Mayachnyy,Bashkortostan,RU,52.6839,55.685,Europe/Moscow,Asia/Yekaterinburg,coordinate_polygon,high,,not_required,tzfpy-2026c,polygon lookup differs from existing Europe/Moscow
99824,Mayma,Altai,RU,52.01577,85.90963,Europe/Moscow,Asia/Barnaul,coordinate_polygon,high,,not_required,tzfpy-2026c,polygon lookup differs from existing Europe/Moscow
99825,Mayminskiy Rayon,Altai,RU,51.83333,86,Europe/Moscow,Asia/Barnaul,coordinate_polygon,high,,not_required,tzfpy-2026c,polygon lookup differs from existing Europe/Moscow
99826,Mayna,Ulyanovsk,RU,54.1135,47.6231,Europe/Moscow,Europe/Ulyanovsk,coordinate_polygon,high,,not_required,tzfpy-2026c,polygon lookup differs from existing Europe/Moscow
99828,Maynskiy Rayon,Ulyanovsk,RU,54.16667,47.66667,Europe/Moscow,Europe/Ulyanovsk,coordinate_polygon,high,,not_required,tzfpy-2026c,polygon lookup differs from existing Europe/Moscow
99839,Mechetlinskiy Rayon,Bashkortostan,RU,55.91667,58.25,Europe/Moscow,Asia/Yekaterinburg,coordinate_polygon,high,,not_required,tzfpy-2026c,polygon lookup differs from existing Europe/Moscow
99852,Melekhovo,Vladimir,RU,56.2773,41.29346,Asia/Vladivostok,Europe/Moscow,coordinate_polygon,high,,not_required,tzfpy-2026c,polygon lookup differs from existing Asia/Vladivostok
99853,Melenki,Vladimir,RU,55.3343,41.6295,Asia/Vladivostok,Europe/Moscow,coordinate_polygon,high,,not_required,tzfpy-2026c,polygon lookup differs from existing Asia/Vladivostok
99854,Melenkovskiy Rayon,Vladimir,RU,55.33333,41.5,Asia/Vladivostok,Europe/Moscow,coordinate_polygon,high,,not_required,tzfpy-2026c,polygon lookup differs from existing Asia/Vladivostok
99855,Meleuz,Bashkortostan,RU,52.96467,55.93277,Europe/Moscow,Asia/Yekaterinburg,coordinate_polygon,high,,not_required,tzfpy-2026c,polygon lookup differs from existing Europe/Moscow
99859,Mel’nikovo,Tomsk,RU,56.55738,84.0835,Europe/Moscow,Asia/Tomsk,coordinate_polygon,high,,not_required,tzfpy-2026c,polygon lookup differs from existing Europe/Moscow
99872,Mesyagutovo,Bashkortostan,RU,55.53028,58.25278,Europe/Moscow,Asia/Yekaterinburg,coordinate_polygon,high,,not_required,tzfpy-2026c,polygon lookup differs from existing Europe/Moscow
99877,Mezgor'e,Bashkortostan,RU,54.04976,57.81713,Europe/Moscow,Asia/Yekaterinburg,coordinate_polygon,high,,not_required,tzfpy-2026c,polygon lookup differs from existing Europe/Moscow
99880,Mezhdurechensk,Kemerovo,RU,53.69417,88.06028,Asia/Novosibirsk,Asia/Novokuznetsk,coordinate_polygon,high,,not_required,tzfpy-2026c,polygon lookup differs from existing Asia/Novosibirsk
99884,Mezinovskiy,Vladimir,RU,55.5042,40.35932,Asia/Vladivostok,Europe/Moscow,coordinate_polygon,high,,not_required,tzfpy-2026c,polygon lookup differs from existing Asia/Vladivostok
99897,Mikhaylovka,Bashkortostan,RU,54.805,55.89193,Europe/Moscow,Asia/Yekaterinburg,coordinate_polygon,high,,not_required,tzfpy-2026c,polygon lookup differs from existing Europe/Moscow
99916,Mindyak,Bashkortostan,RU,54.0231,58.7891,Europe/Moscow,Asia/Yekaterinburg,coordinate_polygon,high,,not_required,tzfpy-2026c,polygon lookup differs from existing Europe/Moscow
99928,Mishkino,Bashkortostan,RU,53.9997,59.1064,Europe/Moscow,Asia/Yekaterinburg,coordinate_polygon,high,,not_required,tzfpy-2026c,polygon lookup differs from existing Europe/Moscow
99930,Mishkinskiy Rayon,Bashkortostan,RU,55.58333,56,Europe/Moscow,Asia/Yekaterinburg,coordinate_polygon,high,,not_required,tzfpy-2026c,polygon lookup differs from existing Europe/Moscow
99933,Miyakinskiy Rayon,Bashkortostan,RU,53.58333,54.83333,Europe/Moscow,Asia/Yekaterinburg,coordinate_polygon,high,,not_required,tzfpy-2026c,polygon lookup differs from existing Europe/Moscow
99947,Molchanovo,Tomsk,RU,57.58167,83.76917,Europe/Moscow,Asia/Tomsk,coordinate_polygon,high,,not_required,tzfpy-2026c,polygon lookup differs from existing Europe/Moscow
99948,Molchanovskiy Rayon,Tomsk,RU,57.75,84.33333,Europe/Moscow,Asia/Tomsk,coordinate_polygon,high,,not_required,tzfpy-2026c,polygon lookup differs from existing Europe/Moscow
99954,Momsky,Sakha,RU,66,144,Asia/Yakutsk,Asia/Srednekolymsk,coordinate_polygon,high,,not_required,tzfpy-2026c,polygon lookup differs from existing Asia/Yakutsk
99987,Mozhga,Udmurt,RU,56.44469,52.22763,Europe/Moscow,Europe/Samara,coordinate_polygon,high,,not_required,tzfpy-2026c,polygon lookup differs from existing Europe/Moscow
99988,Mrakovo,Bashkortostan,RU,52.71611,56.62444,Europe/Moscow,Asia/Yekaterinburg,coordinate_polygon,high,,not_required,tzfpy-2026c,polygon lookup differs from existing Europe/Moscow
99990,Mstera,Vladimir,RU,56.37889,41.92,Asia/Vladivostok,Europe/Moscow,coordinate_polygon,high,,not_required,tzfpy-2026c,polygon lookup differs from existing Asia/Vladivostok
99997,Mukhorshibirskiy Rayon,Buryatia,RU,51.08333,107.75,Europe/Moscow,Asia/Irkutsk,coordinate_polygon,high,,not_required,tzfpy-2026c,polygon lookup differs from existing Europe/Moscow
99998,Mukhorshibir’,Buryatia,RU,51.04986,107.82997,Europe/Moscow,Asia/Irkutsk,coordinate_polygon,high,,not_required,tzfpy-2026c,polygon lookup differs from existing Europe/Moscow
100003,Mundybash,Kemerovo,RU,53.211,87.2983,Asia/Novosibirsk,Asia/Novokuznetsk,coordinate_polygon,high,,not_required,tzfpy-2026c,polygon lookup differs from existing Asia/Novosibirsk
100012,Murom,Vladimir,RU,55.575,42.0426,Asia/Vladivostok,Europe/Moscow,coordinate_polygon,high,,not_required,tzfpy-2026c,polygon lookup differs from existing Asia/Vladivostok
100013,Muromskiy Rayon,Vladimir,RU,55.58333,41.91667,Asia/Vladivostok,Europe/Moscow,coordinate_polygon,high,,not_required,tzfpy-2026c,polygon lookup differs from existing Asia/Vladivostok
100014,Muromtsevo,Omsk,RU,56.37238,75.24175,Europe/Moscow,Asia/Omsk,coordinate_polygon,high,,not_required,tzfpy-2026c,polygon lookup differs from existing Europe/Moscow
100015,Muromtsevo,Vladimir,RU,55.93096,40.90738,Asia/Vladivostok,Europe/Moscow,coordinate_polygon,high,,not_required,tzfpy-2026c,polygon lookup differs from existing Asia/Vladivostok
100016,Muromtsevskiy Rayon,Omsk,RU,56.41667,75.5,Europe/Moscow,Asia/Omsk,coordinate_polygon,high,,not_required,tzfpy-2026c,polygon lookup differs from existing Europe/Moscow
100017,Mursalimkino,Bashkortostan,RU,55.0379,58.5585,Europe/Moscow,Asia/Yekaterinburg,coordinate_polygon,high,,not_required,tzfpy-2026c,polygon lookup differs from existing Europe/Moscow
100024,Muyskiy Rayon,Buryatia,RU,56.33333,115,Europe/Moscow,Asia/Irkutsk,coordinate_polygon,high,,not_required,tzfpy-2026c,polygon lookup differs from existing Europe/Moscow
100033,Myski,Kemerovo,RU,53.709,87.8014,Asia/Novosibirsk,Asia/Novokuznetsk,coordinate_polygon,high,,not_required,tzfpy-2026c,polygon lookup differs from existing Asia/Novosibirsk
100069,Naushki,Buryatia,RU,50.38278,106.10556,Europe/Moscow,Asia/Irkutsk,coordinate_polygon,high,,not_required,tzfpy-2026c,polygon lookup differs from existing Europe/Moscow
100079,Nazyvayevsk,Omsk,RU,55.56975,71.35294,Europe/Moscow,Asia/Omsk,coordinate_polygon,high,,not_required,tzfpy-2026c,polygon lookup differs from existing Europe/Moscow
100086,Neftekamsk,Bashkortostan,RU,56.092,54.2661,Europe/Moscow,Asia/Yekaterinburg,coordinate_polygon,high,,not_required,tzfpy-2026c,polygon lookup differs from existing Europe/Moscow
100101,Nemanskiy Rayon,Kaliningrad,RU,54.91667,22,Europe/Moscow,Europe/Kaliningrad,coordinate_polygon,high,,not_required,tzfpy-2026c,polygon lookup differs from existing Europe/Moscow
100113,Nesterovskiy Rayon,Kaliningrad,RU,54.58333,22.58333,Europe/Moscow,Europe/Kaliningrad,coordinate_polygon,high,,not_required,tzfpy-2026c,polygon lookup differs from existing Europe/Moscow
100126,Nezhdaninskoe,Sakha,RU,62.50523,139.05104,Asia/Yakutsk,Asia/Khandyga,coordinate_polygon,high,,not_required,tzfpy-2026c,polygon lookup differs from existing Asia/Yakutsk
100131,Nikitinskiy,Kemerovo,RU,54.5845,86.0115,Asia/Novosibirsk,Asia/Novokuznetsk,coordinate_polygon,high,,not_required,tzfpy-2026c,polygon lookup differs from existing Asia/Novosibirsk
100134,Nikolayevka,Ulyanovsk,RU,53.1257,47.2041,Europe/Moscow,Europe/Ulyanovsk,coordinate_polygon,high,,not_required,tzfpy-2026c,polygon lookup differs from existing Europe/Moscow
100138,Nikolayevskiy,Buryatia,RU,51.65526,107.80068,Europe/Moscow,Asia/Irkutsk,coordinate_polygon,high,,not_required,tzfpy-2026c,polygon lookup differs from existing Europe/Moscow
100140,Nikolo-Berëzovka,Bashkortostan,RU,56.12422,54.15573,Europe/Moscow,Asia/Yekaterinburg,coordinate_polygon,high,,not_required,tzfpy-2026c,polygon lookup differs from existing Europe/Moscow
100142,Nikologory,Vladimir,RU,56.1413,41.99218,Asia/Vladivostok,Europe/Moscow,coordinate_polygon,high,,not_required,tzfpy-2026c,polygon lookup differs from existing Asia/Vladivostok
100145,Nikol’sk,Buryatia,RU,51.18867,108.32187,Europe/Moscow,Asia/Irkutsk,coordinate_polygon,high,,not_required,tzfpy-2026c,polygon lookup differs from existing Europe/Moscow
100150,Nizhneangarsk,Buryatia,RU,55.79326,109.58029,Europe/Moscow,Asia/Irkutsk,coordinate_polygon,high,,not_required,tzfpy-2026c,polygon lookup differs from existing Europe/Moscow
100159,Nizhnetroitskiy,Bashkortostan,RU,54.33852,53.68329,Europe/Moscow,Asia/Yekaterinburg,coordinate_polygon,high,,not_required,tzfpy-2026c,polygon lookup differs from existing Europe/Moscow
100175,Nizhniy Sayantuy,Buryatia,RU,51.73751,107.51308,Europe/Moscow,Asia/Irkutsk,coordinate_polygon,high,,not_required,tzfpy-2026c,polygon lookup differs from existing Europe/Moscow
100184,Nizhnyaya Omka,Omsk,RU,55.43375,74.94256,Europe/Moscow,Asia/Omsk,coordinate_polygon,high,,not_required,tzfpy-2026c,polygon lookup differs from existing Europe/Moscow
100200,Novaya Bryan’,Buryatia,RU,51.71699,108.27014,Europe/Moscow,Asia/Irkutsk,coordinate_polygon,high,,not_required,tzfpy-2026c,polygon lookup differs from existing Europe/Moscow
100208,Novaya Malykla,Ulyanovsk,RU,54.2,49.95,Europe/Moscow,Europe/Ulyanovsk,coordinate_polygon,high,,not_required,tzfpy-2026c,polygon lookup differs from existing Europe/Moscow
100217,Novki,Vladimir,RU,56.36386,41.08655,Asia/Vladivostok,Europe/Moscow,coordinate_polygon,high,,not_required,tzfpy-2026c,polygon lookup differs from existing Asia/Vladivostok
100227,Novobelokatay,Bashkortostan,RU,55.7062,58.9549,Europe/Moscow,Asia/Yekaterinburg,coordinate_polygon,high,,not_required,tzfpy-2026c,polygon lookup differs from existing Europe/Moscow
100251,Novokizhinginsk,Buryatia,RU,51.6162,109.60265,Europe/Moscow,Asia/Irkutsk,coordinate_polygon,high,,not_required,tzfpy-2026c,polygon lookup differs from existing Europe/Moscow
100257,Novokuznetsk,Kemerovo,RU,53.7557,87.1099,Asia/Novosibirsk,Asia/Novokuznetsk,coordinate_polygon,high,,not_required,tzfpy-2026c,polygon lookup differs from existing Asia/Novosibirsk
100258,Novokuznetskiy Rayon,Kemerovo,RU,53.75,87.08333,Asia/Novosibirsk,Asia/Novokuznetsk,coordinate_polygon,high,,not_required,tzfpy-2026c,polygon lookup differs from existing Asia/Novosibirsk
100279,Novopesterevo,Kemerovo,RU,54.4429,85.7401,Asia/Novosibirsk,Asia/Novokuznetsk,coordinate_polygon,high,,not_required,tzfpy-2026c,polygon lookup differs from existing Asia/Novosibirsk
100311,Novospasskoye,Ulyanovsk,RU,53.14683,47.75138,Europe/Moscow,Europe/Ulyanovsk,coordinate_polygon,high,,not_required,tzfpy-2026c,polygon lookup differs from existing Europe/Moscow
100321,Novoul’yanovsk,Ulyanovsk,RU,54.14961,48.38907,Europe/Moscow,Europe/Ulyanovsk,coordinate_polygon,high,,not_required,tzfpy-2026c,polygon lookup differs from existing Europe/Moscow
100326,Novovarshavka,Omsk,RU,54.1721,74.6946,Europe/Moscow,Asia/Omsk,coordinate_polygon,high,,not_required,tzfpy-2026c,polygon lookup differs from existing Europe/Moscow
100330,Novovyazniki,Vladimir,RU,56.1975,42.17111,Asia/Vladivostok,Europe/Moscow,coordinate_polygon,high,,not_required,tzfpy-2026c,polygon lookup differs from existing Asia/Vladivostok
100351,Novyy Uoyan,Buryatia,RU,56.15722,111.70556,Europe/Moscow,Asia/Irkutsk,coordinate_polygon,high,,not_required,tzfpy-2026c,polygon lookup differs from existing Europe/Moscow
100355,Novyy Zagan,Buryatia,RU,51.02858,107.76376,Europe/Moscow,Asia/Irkutsk,coordinate_polygon,high,,not_required,tzfpy-2026c,polygon lookup differs from existing Europe/Moscow
100369,Nurimanovskiy Rayon,Bashkortostan,RU,54.75,56.66667,Europe/Moscow,Asia/Yekaterinburg,coordinate_polygon,high,,not_required,tzfpy-2026c,polygon lookup differs from existing Europe/Moscow
100385,Obluchenskiy Rayon,Jewish,RU,49,132,Europe/Moscow,Asia/Vladivostok,coordinate_polygon,high,,not_required,tzfpy-2026c,polygon lookup differs from existing Europe/Moscow
100404,Okino-Klyuchi,Buryatia,RU,50.59389,107.10944,Europe/Moscow,Asia/Irkutsk,coordinate_polygon,high,,not_required,tzfpy-2026c,polygon lookup differs from existing Europe/Moscow
100405,Okinskiy Rayon,Buryatia,RU,52.5,100.5,Europe/Moscow,Asia/Irkutsk,coordinate_polygon,high,,not_required,tzfpy-2026c,polygon lookup differs from existing Europe/Moscow
100406,Okoneshnikovo,Omsk,RU,54.83767,75.08343,Europe/Moscow,Asia/Omsk,coordinate_polygon,high,,not_required,tzfpy-2026c,polygon lookup differs from existing Europe/Moscow
100410,Oktyabr’skiy,Vladimir,RU,56.21887,42.04069,Asia/Vladivostok,Europe/Moscow,coordinate_polygon,high,,not_required,tzfpy-2026c,polygon lookup differs from existing Asia/Vladivostok
100411,Oktyabr’skiy,Bashkortostan,RU,54.48147,53.47103,Europe/Moscow,Asia/Yekaterinburg,coordinate_polygon,high,,not_required,tzfpy-2026c,polygon lookup differs from existing Europe/Moscow
100415,Oktyabr’skiy Rayon,Jewish,RU,48.16667,131.41667,Europe/Moscow,Asia/Vladivostok,coordinate_polygon,high,,not_required,tzfpy-2026c,polygon lookup differs from existing Europe/Moscow
100448,Onguday,Altai,RU,50.75,86.15,Europe/Moscow,Asia/Barnaul,coordinate_polygon,high,,not_required,tzfpy-2026c,polygon lookup differs from existing Europe/Moscow
100449,Ongudayskiy Rayon,Altai,RU,50.66667,86.5,Europe/Moscow,Asia/Barnaul,coordinate_polygon,high,,not_required,tzfpy-2026c,polygon lookup differs from existing Europe/Moscow
100451,Onokhoy,Buryatia,RU,51.92859,108.06693,Europe/Moscow,Asia/Irkutsk,coordinate_polygon,high,,not_required,tzfpy-2026c,polygon lookup differs from existing Europe/Moscow
100466,Orgtrud,Vladimir,RU,56.1832,40.6149,Asia/Vladivostok,Europe/Moscow,coordinate_polygon,high,,not_required,tzfpy-2026c,polygon lookup differs from existing Asia/Vladivostok
100469,Orlik,Buryatia,RU,52.5178,99.825,Europe/Moscow,Asia/Irkutsk,coordinate_polygon,high,,not_required,tzfpy-2026c,polygon lookup differs from existing Europe/Moscow
100487,Osinniki,Kemerovo,RU,53.6239,87.3598,Asia/Novosibirsk,Asia/Novokuznetsk,coordinate_polygon,high,,not_required,tzfpy-2026c,polygon lookup differs from existing Asia/Novosibirsk
100503,Otrada,Sakhalin,RU,44.06832,145.86454,Asia/Sakhalin,Asia/Magadan,coordinate_polygon,high,,not_required,tzfpy-2026c,polygon lookup differs from existing Asia/Sakhalin
100515,Oymyakonskiy,Sakha,RU,63,144,Asia/Yakutsk,Asia/Ust-Nera,coordinate_polygon,high,,not_required,tzfpy-2026c,polygon lookup differs from existing Asia/Yakutsk
100520,Ozerskiy Rayon,Kaliningrad,RU,54.41667,22,Europe/Moscow,Europe/Kaliningrad,coordinate_polygon,high,,not_required,tzfpy-2026c,polygon lookup differs from existing Europe/Moscow
100540,Parabel’,Tomsk,RU,58.69778,81.4825,Europe/Moscow,Asia/Tomsk,coordinate_polygon,high,,not_required,tzfpy-2026c,polygon lookup differs from existing Europe/Moscow
100566,Pavlogradka,Omsk,RU,54.2024,73.5592,Europe/Moscow,Asia/Omsk,coordinate_polygon,high,,not_required,tzfpy-2026c,polygon lookup differs from existing Europe/Moscow
100567,Pavlovka,Bashkortostan,RU,55.42094,56.55426,Europe/Moscow,Asia/Yekaterinburg,coordinate_polygon,high,,not_required,tzfpy-2026c,polygon lookup differs from existing Europe/Moscow
100581,Pavlovskiy Rayon,Ulyanovsk,RU,52.66667,47.08333,Europe/Moscow,Europe/Ulyanovsk,coordinate_polygon,high,,not_required,tzfpy-2026c,polygon lookup differs from existing Europe/Moscow
100627,Pervomayskoye,Tomsk,RU,57.0761,86.2313,Europe/Moscow,Asia/Tomsk,coordinate_polygon,high,,not_required,tzfpy-2026c,polygon lookup differs from existing Europe/Moscow
100651,Petropavlovka,Buryatia,RU,50.6114,105.3196,Europe/Moscow,Asia/Irkutsk,coordinate_polygon,high,,not_required,tzfpy-2026c,polygon lookup differs from existing Europe/Moscow
100667,Petushinskiy Rayon,Vladimir,RU,55.91667,40,Asia/Vladivostok,Europe/Moscow,coordinate_polygon,high,,not_required,tzfpy-2026c,polygon lookup differs from existing Asia/Vladivostok
100668,Petushki,Vladimir,RU,55.92639,39.46104,Asia/Vladivostok,Europe/Moscow,coordinate_polygon,high,,not_required,tzfpy-2026c,polygon lookup differs from existing Asia/Vladivostok
100679,Pioner,Kemerovo,RU,55.3166,85.9508,Asia/Novosibirsk,Asia/Novokuznetsk,coordinate_polygon,high,,not_required,tzfpy-2026c,polygon lookup differs from existing Asia/Novosibirsk
100682,Pirogovo,Udmurt,RU,56.77959,53.14954,Europe/Moscow,Europe/Samara,coordinate_polygon,high,,not_required,tzfpy-2026c,polygon lookup differs from existing Europe/Moscow
100703,Plotnikovo,Kemerovo,RU,55.02472,85.94361,Asia/Novosibirsk,Asia/Novokuznetsk,coordinate_polygon,high,,not_required,tzfpy-2026c,polygon lookup differs from existing Asia/Novosibirsk
100742,Pokrov,Vladimir,RU,55.91797,39.17242,Asia/Vladivostok,Europe/Moscow,coordinate_polygon,high,,not_required,tzfpy-2026c,polygon lookup differs from existing Asia/Vladivostok
100764,Polysayevo,Kemerovo,RU,54.6012,86.2459,Asia/Novosibirsk,Asia/Novokuznetsk,coordinate_polygon,high,,not_required,tzfpy-2026c,polygon lookup differs from existing Asia/Novosibirsk
100816,Pribaykal’skiy Rayon,Buryatia,RU,52.5,108,Europe/Moscow,Asia/Irkutsk,coordinate_polygon,high,,not_required,tzfpy-2026c,polygon lookup differs from existing Europe/Moscow
100842,Pritomskiy,Kemerovo,RU,53.7724,87.6082,Asia/Novosibirsk,Asia/Novokuznetsk,coordinate_polygon,high,,not_required,tzfpy-2026c,polygon lookup differs from existing Asia/Novosibirsk
100853,Priyutovo,Bashkortostan,RU,53.9,53.93333,Europe/Moscow,Asia/Yekaterinburg,coordinate_polygon,high,,not_required,tzfpy-2026c,polygon lookup differs from existing Europe/Moscow
100859,Prokop’yevsk,Kemerovo,RU,53.9059,86.719,Asia/Novosibirsk,Asia/Novokuznetsk,coordinate_polygon,high,,not_required,tzfpy-2026c,polygon lookup differs from existing Asia/Novosibirsk
100860,Prokop’yevskiy Rayon,Kemerovo,RU,54,86.66667,Asia/Novosibirsk,Asia/Novokuznetsk,coordinate_polygon,high,,not_required,tzfpy-2026c,polygon lookup differs from existing Asia/Novosibirsk
100866,Promyshlennaya,Kemerovo,RU,54.9159,85.6385,Asia/Novosibirsk,Asia/Novokuznetsk,coordinate_polygon,high,,not_required,tzfpy-2026c,polygon lookup differs from existing Asia/Novosibirsk
100867,Promyshlennovskiy,Kemerovo,RU,55.48333,86.2,Asia/Novosibirsk,Asia/Novokuznetsk,coordinate_polygon,high,,not_required,tzfpy-2026c,polygon lookup differs from existing Asia/Novosibirsk
100887,Pudem,Udmurt,RU,58.3047,52.1673,Europe/Moscow,Europe/Samara,coordinate_polygon,high,,not_required,tzfpy-2026c,polygon lookup differs from existing Europe/Moscow
100913,Pychas,Udmurt,RU,56.50332,52.44088,Europe/Moscow,Europe/Samara,coordinate_polygon,high,,not_required,tzfpy-2026c,polygon lookup differs from existing Europe/Moscow
100923,Radishchevo,Ulyanovsk,RU,52.85459,47.87644,Europe/Moscow,Europe/Ulyanovsk,coordinate_polygon,high,,not_required,tzfpy-2026c,polygon lookup differs from existing Europe/Moscow
100929,Raduzhnyy,Vladimir,RU,56.0038,40.33905,Asia/Vladivostok,Europe/Moscow,coordinate_polygon,high,,not_required,tzfpy-2026c,polygon lookup differs from existing Asia/Vladivostok
100948,Rayevskiy,Bashkortostan,RU,54.0658,54.9468,Europe/Moscow,Asia/Yekaterinburg,coordinate_polygon,high,,not_required,tzfpy-2026c,polygon lookup differs from existing Europe/Moscow
100957,Rechka-Vydrino,Buryatia,RU,51.4892,104.8429,Europe/Moscow,Asia/Irkutsk,coordinate_polygon,high,,not_required,tzfpy-2026c,polygon lookup differs from existing Europe/Moscow
101023,Rudnichnyy,Kemerovo,RU,56.08469,86.24988,Asia/Novosibirsk,Asia/Novokuznetsk,coordinate_polygon,high,,not_required,tzfpy-2026c,polygon lookup differs from existing Asia/Novosibirsk
101029,Russkaya Polyana,Omsk,RU,53.77944,73.88056,Europe/Moscow,Asia/Omsk,coordinate_polygon,high,,not_required,tzfpy-2026c,polygon lookup differs from existing Europe/Moscow
101072,Sagan-Nur,Buryatia,RU,51.3436,108.4449,Europe/Moscow,Asia/Irkutsk,coordinate_polygon,high,,not_required,tzfpy-2026c,polygon lookup differs from existing Europe/Moscow
101077,Salair,Kemerovo,RU,54.2312,85.7972,Asia/Novosibirsk,Asia/Novokuznetsk,coordinate_polygon,high,,not_required,tzfpy-2026c,polygon lookup differs from existing Asia/Novosibirsk
101078,Salavat,Bashkortostan,RU,53.38365,55.90773,Europe/Moscow,Asia/Yekaterinburg,coordinate_polygon,high,,not_required,tzfpy-2026c,polygon lookup differs from existing Europe/Moscow
101112,Sarapul,Udmurt,RU,56.47633,53.79782,Europe/Moscow,Europe/Samara,coordinate_polygon,high,,not_required,tzfpy-2026c,polygon lookup differs from existing Europe/Moscow
101113,Sarapul’skiy Rayon,Udmurt,RU,56.5,53.75,Europe/Moscow,Europe/Samara,coordinate_polygon,high,,not_required,tzfpy-2026c,polygon lookup differs from existing Europe/Moscow
101147,Sedel’nikovskiy Rayon,Omsk,RU,57,75.5,Europe/Moscow,Asia/Omsk,coordinate_polygon,high,,not_required,tzfpy-2026c,polygon lookup differs from existing Europe/Moscow
101151,Selenduma,Buryatia,RU,50.91306,106.24056,Europe/Moscow,Asia/Irkutsk,coordinate_polygon,high,,not_required,tzfpy-2026c,polygon lookup differs from existing Europe/Moscow
101152,Selenginskiy Rayon,Buryatia,RU,51.16667,106.33333,Europe/Moscow,Asia/Irkutsk,coordinate_polygon,high,,not_required,tzfpy-2026c,polygon lookup differs from existing Europe/Moscow
101159,Selty,Udmurt,RU,57.3132,52.1345,Europe/Moscow,Europe/Samara,coordinate_polygon,high,,not_required,tzfpy-2026c,polygon lookup differs from existing Europe/Moscow
101164,Semiletka,Bashkortostan,RU,55.36028,54.61528,Europe/Moscow,Asia/Yekaterinburg,coordinate_polygon,high,,not_required,tzfpy-2026c,polygon lookup differs from existing Europe/Moscow
101173,Serafimovskiy,Bashkortostan,RU,54.42408,53.7964,Europe/Moscow,Asia/Yekaterinburg,coordinate_polygon,high,,not_required,tzfpy-2026c,polygon lookup differs from existing Europe/Moscow
101211,Severo-Baykal’skiy Rayon,Buryatia,RU,56,111.5,Europe/Moscow,Asia/Irkutsk,coordinate_polygon,high,,not_required,tzfpy-2026c,polygon lookup differs from existing Europe/Moscow
101212,Severo-Kuril’sk,Sakhalin,RU,50.67531,156.12695,Asia/Sakhalin,Asia/Srednekolymsk,coordinate_polygon,high,,not_required,tzfpy-2026c,polygon lookup differs from existing Asia/Sakhalin
101216,Severobaykal’sk,Buryatia,RU,55.63695,109.32297,Europe/Moscow,Asia/Irkutsk,coordinate_polygon,high,,not_required,tzfpy-2026c,polygon lookup differs from existing Europe/Moscow
101220,Severomuysk,Buryatia,RU,56.14806,113.42667,Europe/Moscow,Asia/Irkutsk,coordinate_polygon,high,,not_required,tzfpy-2026c,polygon lookup differs from existing Europe/Moscow
101234,Shafranovo,Bashkortostan,RU,53.96667,54.76667,Europe/Moscow,Asia/Yekaterinburg,coordinate_polygon,high,,not_required,tzfpy-2026c,polygon lookup differs from existing Europe/Moscow
101257,Sharalday,Buryatia,RU,51.02528,107.64487,Europe/Moscow,Asia/Irkutsk,coordinate_polygon,high,,not_required,tzfpy-2026c,polygon lookup differs from existing Europe/Moscow
101258,Sharan,Bashkortostan,RU,54.81667,54,Europe/Moscow,Asia/Yekaterinburg,coordinate_polygon,high,,not_required,tzfpy-2026c,polygon lookup differs from existing Europe/Moscow
101261,Sharkan,Udmurt,RU,57.29885,53.87122,Europe/Moscow,Europe/Samara,coordinate_polygon,high,,not_required,tzfpy-2026c,polygon lookup differs from existing Europe/Moscow
101282,Shebalino,Altai,RU,51.29167,85.67722,Europe/Moscow,Asia/Barnaul,coordinate_polygon,high,,not_required,tzfpy-2026c,polygon lookup differs from existing Europe/Moscow
101283,Shebalinskiy Rayon,Altai,RU,51.33333,85.5,Europe/Moscow,Asia/Barnaul,coordinate_polygon,high,,not_required,tzfpy-2026c,polygon lookup differs from existing Europe/Moscow
101305,Sheregesh,Kemerovo,RU,52.9209,87.9869,Asia/Novosibirsk,Asia/Novokuznetsk,coordinate_polygon,high,,not_required,tzfpy-2026c,polygon lookup differs from existing Asia/Novosibirsk
101312,Shikotan,Sakhalin,RU,43.79916,146.72164,Asia/Sakhalin,Asia/Magadan,coordinate_polygon,high,,not_required,tzfpy-2026c,polygon lookup differs from existing Asia/Sakhalin
101366,Sibay,Bashkortostan,RU,52.71806,58.66583,Europe/Moscow,Asia/Yekaterinburg,coordinate_polygon,high,,not_required,tzfpy-2026c,polygon lookup differs from existing Europe/Moscow
101368,Sigayevo,Udmurt,RU,56.42163,53.77566,Europe/Moscow,Europe/Samara,coordinate_polygon,high,,not_required,tzfpy-2026c,polygon lookup differs from existing Europe/Moscow
101403,Slavskiy Rayon,Kaliningrad,RU,55,21.66667,Europe/Moscow,Europe/Kaliningrad,coordinate_polygon,high,,not_required,tzfpy-2026c,polygon lookup differs from existing Europe/Moscow
101412,Smidovichskiy Rayon,Jewish,RU,48.5,134,Europe/Moscow,Asia/Vladivostok,coordinate_polygon,high,,not_required,tzfpy-2026c,polygon lookup differs from existing Europe/Moscow
101426,Sobinka,Vladimir,RU,55.98553,40.01111,Asia/Vladivostok,Europe/Moscow,coordinate_polygon,high,,not_required,tzfpy-2026c,polygon lookup differs from existing Asia/Vladivostok
101427,Sobinskiy Rayon,Vladimir,RU,56.16667,40,Asia/Vladivostok,Europe/Moscow,coordinate_polygon,high,,not_required,tzfpy-2026c,polygon lookup differs from existing Asia/Vladivostok
101434,Sokol,Buryatia,RU,51.80036,107.44437,Europe/Moscow,Asia/Irkutsk,coordinate_polygon,high,,not_required,tzfpy-2026c,polygon lookup differs from existing Europe/Moscow
101458,Solnechnyy,Sakha,RU,60.30217,137.55563,Asia/Yakutsk,Asia/Khandyga,coordinate_polygon,high,,not_required,tzfpy-2026c,polygon lookup differs from existing Asia/Yakutsk
101490,Sosnovka,Kemerovo,RU,53.6676,87.1527,Asia/Novosibirsk,Asia/Novokuznetsk,coordinate_polygon,high,,not_required,tzfpy-2026c,polygon lookup differs from existing Asia/Novosibirsk
101492,Sosnovo-Ozerskoye,Buryatia,RU,52.52466,111.54124,Europe/Moscow,Asia/Irkutsk,coordinate_polygon,high,,not_required,tzfpy-2026c,polygon lookup differs from existing Europe/Moscow
101500,Sotnikovo,Buryatia,RU,51.88448,107.4825,Europe/Moscow,Asia/Irkutsk,coordinate_polygon,high,,not_required,tzfpy-2026c,polygon lookup differs from existing Europe/Moscow
101502,Souzga,Altai,RU,51.88722,85.84944,Europe/Moscow,Asia/Barnaul,coordinate_polygon,high,,not_required,tzfpy-2026c,polygon lookup differs from existing Europe/Moscow
101527,Spassk,Kemerovo,RU,52.747,87.7545,Asia/Novosibirsk,Asia/Novokuznetsk,coordinate_polygon,high,,not_required,tzfpy-2026c,polygon lookup differs from existing Asia/Novosibirsk
101543,Srednekolymsk,Sakha,RU,67.45659,153.70246,Asia/Yakutsk,Asia/Srednekolymsk,coordinate_polygon,high,,not_required,tzfpy-2026c,polygon lookup differs from existing Asia/Yakutsk
101544,Srednekolymsky,Sakha,RU,68,153,Asia/Yakutsk,Asia/Srednekolymsk,coordinate_polygon,high,,not_required,tzfpy-2026c,polygon lookup differs from existing Asia/Yakutsk
101559,Staraya Kulatka,Ulyanovsk,RU,52.72778,47.61788,Europe/Moscow,Europe/Ulyanovsk,coordinate_polygon,high,,not_required,tzfpy-2026c,polygon lookup differs from existing Europe/Moscow
101562,Staraya Mayna,Ulyanovsk,RU,54.60417,48.93056,Europe/Moscow,Europe/Ulyanovsk,coordinate_polygon,high,,not_required,tzfpy-2026c,polygon lookup differs from existing Europe/Moscow
101572,Starobachaty,Kemerovo,RU,54.2425,86.2072,Asia/Novosibirsk,Asia/Novokuznetsk,coordinate_polygon,high,,not_required,tzfpy-2026c,polygon lookup differs from existing Asia/Novosibirsk
101573,Starobaltachevo,Bashkortostan,RU,56.0017,55.928,Europe/Moscow,Asia/Yekaterinburg,coordinate_polygon,high,,not_required,tzfpy-2026c,polygon lookup differs from existing Europe/Moscow
101584,Starokulatkinskiy Rayon,Ulyanovsk,RU,52.75,47.5,Europe/Moscow,Europe/Ulyanovsk,coordinate_polygon,high,,not_required,tzfpy-2026c,polygon lookup differs from existing Europe/Moscow
101590,Staropesterevo,Kemerovo,RU,54.5001,86.4094,Asia/Novosibirsk,Asia/Novokuznetsk,coordinate_polygon,high,,not_required,tzfpy-2026c,polygon lookup differs from existing Asia/Novosibirsk
101595,Starosubkhangulovo,Bashkortostan,RU,53.1031,57.4423,Europe/Moscow,Asia/Yekaterinburg,coordinate_polygon,high,,not_required,tzfpy-2026c,polygon lookup differs from existing Europe/Moscow
101614,Stavrovo,Vladimir,RU,56.13311,40.01295,Asia/Vladivostok,Europe/Moscow,coordinate_polygon,high,,not_required,tzfpy-2026c,polygon lookup differs from existing Asia/Vladivostok
101615,Stepantsevo,Vladimir,RU,56.13143,41.7032,Asia/Vladivostok,Europe/Moscow,coordinate_polygon,high,,not_required,tzfpy-2026c,polygon lookup differs from existing Asia/Vladivostok
101618,Sterlibashevo,Bashkortostan,RU,53.43755,55.2578,Europe/Moscow,Asia/Yekaterinburg,coordinate_polygon,high,,not_required,tzfpy-2026c,polygon lookup differs from existing Europe/Moscow
101619,Sterlitamak,Bashkortostan,RU,53.62462,55.95015,Europe/Moscow,Asia/Yekaterinburg,coordinate_polygon,high,,not_required,tzfpy-2026c,polygon lookup differs from existing Europe/Moscow
101635,Strunino,Vladimir,RU,56.37328,38.58321,Asia/Vladivostok,Europe/Moscow,coordinate_polygon,high,,not_required,tzfpy-2026c,polygon lookup differs from existing Asia/Vladivostok
101640,Subkhankulovo,Bashkortostan,RU,54.55741,53.81153,Europe/Moscow,Asia/Yekaterinburg,coordinate_polygon,high,,not_required,tzfpy-2026c,polygon lookup differs from existing Europe/Moscow
101644,Sudogda,Vladimir,RU,55.95394,40.86291,Asia/Vladivostok,Europe/Moscow,coordinate_polygon,high,,not_required,tzfpy-2026c,polygon lookup differs from existing Asia/Vladivostok
101645,Sudogodskiy Rayon,Vladimir,RU,56,41,Asia/Vladivostok,Europe/Moscow,coordinate_polygon,high,,not_required,tzfpy-2026c,polygon lookup differs from existing Asia/Vladivostok
101684,Suslovo,Kemerovo,RU,56.21667,88.11667,Asia/Novosibirsk,Asia/Novokuznetsk,coordinate_polygon,high,,not_required,tzfpy-2026c,polygon lookup differs from existing Asia/Novosibirsk
101690,Suzdal’,Vladimir,RU,56.42274,40.44668,Asia/Vladivostok,Europe/Moscow,coordinate_polygon,high,,not_required,tzfpy-2026c,polygon lookup differs from existing Asia/Vladivostok
101691,Suzdal’skiy Rayon,Vladimir,RU,56.08333,40.5,Asia/Vladivostok,Europe/Moscow,coordinate_polygon,high,,not_required,tzfpy-2026c,polygon lookup differs from existing Asia/Vladivostok
101734,Syumsi,Udmurt,RU,57.11108,51.61494,Europe/Moscow,Europe/Samara,coordinate_polygon,high,,not_required,tzfpy-2026c,polygon lookup differs from existing Europe/Moscow
101745,Taksimo,Buryatia,RU,56.34162,114.90048,Europe/Moscow,Asia/Irkutsk,coordinate_polygon,high,,not_required,tzfpy-2026c,polygon lookup differs from existing Europe/Moscow
101766,Tankhoy,Buryatia,RU,51.55683,105.1262,Europe/Moscow,Asia/Irkutsk,coordinate_polygon,high,,not_required,tzfpy-2026c,polygon lookup differs from existing Europe/Moscow
101772,Tarbagatay,Buryatia,RU,51.48195,107.36158,Europe/Moscow,Asia/Irkutsk,coordinate_polygon,high,,not_required,tzfpy-2026c,polygon lookup differs from existing Europe/Moscow
101785,Tashanta,Altai,RU,49.71573,89.19425,Europe/Moscow,Asia/Barnaul,coordinate_polygon,high,,not_required,tzfpy-2026c,polygon lookup differs from existing Europe/Moscow
101788,Tashtagol,Kemerovo,RU,52.7657,87.8894,Asia/Novosibirsk,Asia/Novokuznetsk,coordinate_polygon,high,,not_required,tzfpy-2026c,polygon lookup differs from existing Asia/Novosibirsk
101789,Tashtagol’skiy Rayon,Kemerovo,RU,52.78333,87.88333,Asia/Novosibirsk,Asia/Novokuznetsk,coordinate_polygon,high,,not_required,tzfpy-2026c,polygon lookup differs from existing Asia/Novosibirsk
101796,Tataurovo,Buryatia,RU,52.14182,107.44054,Europe/Moscow,Asia/Irkutsk,coordinate_polygon,high,,not_required,tzfpy-2026c,polygon lookup differs from existing Europe/Moscow
101801,Tavricheskoye,Omsk,RU,54.58508,73.6395,Europe/Moscow,Asia/Omsk,coordinate_polygon,high,,not_required,tzfpy-2026c,polygon lookup differs from existing Europe/Moscow
101802,Tayga,Kemerovo,RU,56.06402,85.62238,Asia/Novosibirsk,Asia/Novokuznetsk,coordinate_polygon,high,,not_required,tzfpy-2026c,polygon lookup differs from existing Asia/Novosibirsk
101806,Tayzhina,Kemerovo,RU,53.6679,87.4362,Asia/Novosibirsk,Asia/Novokuznetsk,coordinate_polygon,high,,not_required,tzfpy-2026c,polygon lookup differs from existing Asia/Novosibirsk
101810,Tegul’det,Tomsk,RU,57.30679,88.16004,Europe/Moscow,Asia/Tomsk,coordinate_polygon,high,,not_required,tzfpy-2026c,polygon lookup differs from existing Europe/Moscow
101811,Tegul’detskiy Rayon,Tomsk,RU,57.5,88.16667,Europe/Moscow,Asia/Tomsk,coordinate_polygon,high,,not_required,tzfpy-2026c,polygon lookup differs from existing Europe/Moscow
101815,Temirtau,Kemerovo,RU,53.1377,87.4538,Asia/Novosibirsk,Asia/Novokuznetsk,coordinate_polygon,high,,not_required,tzfpy-2026c,polygon lookup differs from existing Asia/Novosibirsk
101822,Temyasovo,Bashkortostan,RU,52.99333,58.10139,Europe/Moscow,Asia/Yekaterinburg,coordinate_polygon,high,,not_required,tzfpy-2026c,polygon lookup differs from existing Europe/Moscow
101829,Teren’gul’skiy Rayon,Ulyanovsk,RU,53.75,48.25,Europe/Moscow,Europe/Ulyanovsk,coordinate_polygon,high,,not_required,tzfpy-2026c,polygon lookup differs from existing Europe/Moscow
101845,Tevriz,Omsk,RU,57.509,72.4042,Europe/Moscow,Asia/Omsk,coordinate_polygon,high,,not_required,tzfpy-2026c,polygon lookup differs from existing Europe/Moscow
101862,Tirlyanskiy,Bashkortostan,RU,54.2109,58.5806,Europe/Moscow,Asia/Yekaterinburg,coordinate_polygon,high,,not_required,tzfpy-2026c,polygon lookup differs from existing Europe/Moscow
101864,Tisul’,Kemerovo,RU,55.76173,88.31228,Asia/Novosibirsk,Asia/Novokuznetsk,coordinate_polygon,high,,not_required,tzfpy-2026c,polygon lookup differs from existing Asia/Novosibirsk
101876,Tolbazy,Bashkortostan,RU,54.02408,55.88248,Europe/Moscow,Asia/Yekaterinburg,coordinate_polygon,high,,not_required,tzfpy-2026c,polygon lookup differs from existing Europe/Moscow
101886,Tomponskiy,Sakha,RU,62.75,135.41667,Asia/Yakutsk,Asia/Khandyga,coordinate_polygon,high,,not_required,tzfpy-2026c,polygon lookup differs from existing Asia/Yakutsk
101887,Tomsk,Tomsk,RU,56.49771,84.97437,Europe/Moscow,Asia/Tomsk,coordinate_polygon,high,,not_required,tzfpy-2026c,polygon lookup differs from existing Europe/Moscow
101888,Tomskiy Rayon,Tomsk,RU,56.5,84.66667,Europe/Moscow,Asia/Tomsk,coordinate_polygon,high,,not_required,tzfpy-2026c,polygon lookup differs from existing Europe/Moscow
101894,Topki,Kemerovo,RU,55.2769,85.6163,Asia/Novosibirsk,Asia/Novokuznetsk,coordinate_polygon,high,,not_required,tzfpy-2026c,polygon lookup differs from existing Asia/Novosibirsk
101930,Trudarmeyskiy,Kemerovo,RU,54.132,86.4098,Asia/Novosibirsk,Asia/Novokuznetsk,coordinate_polygon,high,,not_required,tzfpy-2026c,polygon lookup differs from existing Asia/Novosibirsk
101948,Tsil’ninskiy Rayon,Ulyanovsk,RU,54.58333,48,Europe/Moscow,Europe/Ulyanovsk,coordinate_polygon,high,,not_required,tzfpy-2026c,polygon lookup differs from existing Europe/Moscow
101959,Tubinskiy,Bashkortostan,RU,52.88917,58.2225,Europe/Moscow,Asia/Yekaterinburg,coordinate_polygon,high,,not_required,tzfpy-2026c,polygon lookup differs from existing Europe/Moscow
101964,Tukan,Bashkortostan,RU,53.8409,57.4552,Europe/Moscow,Asia/Yekaterinburg,coordinate_polygon,high,,not_required,tzfpy-2026c,polygon lookup differs from existing Europe/Moscow
101978,Turka,Buryatia,RU,52.9492,108.2217,Europe/Moscow,Asia/Irkutsk,coordinate_polygon,high,,not_required,tzfpy-2026c,polygon lookup differs from existing Europe/Moscow
101980,Turochak,Altai,RU,52.2576,87.1224,Europe/Moscow,Asia/Barnaul,coordinate_polygon,high,,not_required,tzfpy-2026c,polygon lookup differs from existing Europe/Moscow
101983,Turuntayevo,Buryatia,RU,52.20203,107.64484,Europe/Moscow,Asia/Irkutsk,coordinate_polygon,high,,not_required,tzfpy-2026c,polygon lookup differs from existing Europe/Moscow
101986,Tuymazy,Bashkortostan,RU,54.60666,53.7097,Europe/Moscow,Asia/Yekaterinburg,coordinate_polygon,high,,not_required,tzfpy-2026c,polygon lookup differs from existing Europe/Moscow
101990,Tyazhinskiy,Kemerovo,RU,56.11607,88.52279,Asia/Novosibirsk,Asia/Novokuznetsk,coordinate_polygon,high,,not_required,tzfpy-2026c,polygon lookup differs from existing Asia/Novosibirsk
102013,Uchaly,Bashkortostan,RU,54.35806,59.43611,Europe/Moscow,Asia/Yekaterinburg,coordinate_polygon,high,,not_required,tzfpy-2026c,polygon lookup differs from existing Europe/Moscow
102025,Ufa,Bashkortostan,RU,54.74306,55.96779,Europe/Moscow,Asia/Yekaterinburg,coordinate_polygon,high,,not_required,tzfpy-2026c,polygon lookup differs from existing Europe/Moscow
102044,Ulan-Ude,Buryatia,RU,51.82721,107.60627,Europe/Moscow,Asia/Irkutsk,coordinate_polygon,high,,not_required,tzfpy-2026c,polygon lookup differs from existing Europe/Moscow
102049,Ulu-Telyak,Bashkortostan,RU,54.9157,56.9827,Europe/Moscow,Asia/Yekaterinburg,coordinate_polygon,high,,not_required,tzfpy-2026c,polygon lookup differs from existing Europe/Moscow
102050,Ulukulevo,Bashkortostan,RU,54.4355,56.3221,Europe/Moscow,Asia/Yekaterinburg,coordinate_polygon,high,,not_required,tzfpy-2026c,polygon lookup differs from existing Europe/Moscow
102052,Ulyanovskiy Rayon,Ulyanovsk,RU,54.33528,48.01694,Europe/Moscow,Europe/Ulyanovsk,coordinate_polygon,high,,not_required,tzfpy-2026c,polygon lookup differs from existing Europe/Moscow
102080,Urman,Bashkortostan,RU,54.88314,56.87417,Europe/Moscow,Asia/Yekaterinburg,coordinate_polygon,high,,not_required,tzfpy-2026c,polygon lookup differs from existing Europe/Moscow
102084,Urshel’skiy,Vladimir,RU,55.67833,40.21692,Asia/Vladivostok,Europe/Moscow,coordinate_polygon,high,,not_required,tzfpy-2026c,polygon lookup differs from existing Asia/Vladivostok
102085,Ursk,Kemerovo,RU,54.45417,85.40028,Asia/Novosibirsk,Asia/Novokuznetsk,coordinate_polygon,high,,not_required,tzfpy-2026c,polygon lookup differs from existing Asia/Novosibirsk
102107,Ust-Kuyga,Sakha,RU,70.00208,135.54876,Asia/Yakutsk,Asia/Vladivostok,coordinate_polygon,high,,not_required,tzfpy-2026c,polygon lookup differs from existing Asia/Yakutsk
102108,Ust-Maya,Sakha,RU,60.41553,134.54405,Asia/Yakutsk,Asia/Khandyga,coordinate_polygon,high,,not_required,tzfpy-2026c,polygon lookup differs from existing Asia/Yakutsk
102109,Ust-Nera,Sakha,RU,64.56968,143.237,Asia/Yakutsk,Asia/Ust-Nera,coordinate_polygon,high,,not_required,tzfpy-2026c,polygon lookup differs from existing Asia/Yakutsk
102115,Ust’-Barguzin,Buryatia,RU,53.41116,109.03103,Europe/Moscow,Asia/Irkutsk,coordinate_polygon,high,,not_required,tzfpy-2026c,polygon lookup differs from existing Europe/Moscow
102127,Ust’-Kan,Altai,RU,50.9276,84.761,Europe/Moscow,Asia/Barnaul,coordinate_polygon,high,,not_required,tzfpy-2026c,polygon lookup differs from existing Europe/Moscow
102131,Ust’-Koksa,Altai,RU,50.2696,85.6108,Europe/Moscow,Asia/Barnaul,coordinate_polygon,high,,not_required,tzfpy-2026c,polygon lookup differs from existing Europe/Moscow
102132,Ust’-Koksinskiy Rayon,Altai,RU,50.16667,85.58333,Europe/Moscow,Asia/Barnaul,coordinate_polygon,high,,not_required,tzfpy-2026c,polygon lookup differs from existing Europe/Moscow
102141,Ust’-Ulagan,Altai,RU,50.63258,87.96046,Europe/Moscow,Asia/Barnaul,coordinate_polygon,high,,not_required,tzfpy-2026c,polygon lookup differs from existing Europe/Moscow
102142,Ust’-Yanskiy Rayon,Sakha,RU,69.33333,139.91667,Asia/Yakutsk,Asia/Vladivostok,coordinate_polygon,high,,not_required,tzfpy-2026c,polygon lookup differs from existing Asia/Yakutsk
102153,Uva,Udmurt,RU,56.99081,52.18517,Europe/Moscow,Europe/Samara,coordinate_polygon,high,,not_required,tzfpy-2026c,polygon lookup differs from existing Europe/Moscow
102206,Vavozh,Udmurt,RU,56.77513,51.93098,Europe/Moscow,Europe/Samara,coordinate_polygon,high,,not_required,tzfpy-2026c,polygon lookup differs from existing Europe/Moscow
102214,Velikodvorskiy,Vladimir,RU,55.24996,40.6678,Asia/Vladivostok,Europe/Moscow,coordinate_polygon,high,,not_required,tzfpy-2026c,polygon lookup differs from existing Asia/Vladivostok
102230,Verkh-Chebula,Kemerovo,RU,56.03062,87.62215,Asia/Novosibirsk,Asia/Novokuznetsk,coordinate_polygon,high,,not_required,tzfpy-2026c,polygon lookup differs from existing Asia/Novosibirsk
102239,Verkhnekolymsky,Sakha,RU,65.75,150.83333,Asia/Yakutsk,Asia/Srednekolymsk,coordinate_polygon,high,,not_required,tzfpy-2026c,polygon lookup differs from existing Asia/Yakutsk
102246,Verkhneyarkeyevo,Bashkortostan,RU,55.45046,54.31455,Europe/Moscow,Asia/Yekaterinburg,coordinate_polygon,high,,not_required,tzfpy-2026c,polygon lookup differs from existing Europe/Moscow
102249,Verkhniy Avzyan,Bashkortostan,RU,53.52889,57.53722,Europe/Moscow,Asia/Yekaterinburg,coordinate_polygon,high,,not_required,tzfpy-2026c,polygon lookup differs from existing Europe/Moscow
102261,Verkhniye Kigi,Bashkortostan,RU,55.40833,58.60444,Europe/Moscow,Asia/Yekaterinburg,coordinate_polygon,high,,not_required,tzfpy-2026c,polygon lookup differs from existing Europe/Moscow
102264,Verkhniye Tatyshly,Bashkortostan,RU,56.29117,55.8575,Europe/Moscow,Asia/Yekaterinburg,coordinate_polygon,high,,not_required,tzfpy-2026c,polygon lookup differs from existing Europe/Moscow
102281,Verkhoyansk,Sakha,RU,67.55387,133.38976,Asia/Yakutsk,Asia/Vladivostok,coordinate_polygon,high,,not_required,tzfpy-2026c,polygon lookup differs from existing Asia/Yakutsk
102282,Verkhoyansky,Sakha,RU,68,136,Asia/Yakutsk,Asia/Vladivostok,coordinate_polygon,high,,not_required,tzfpy-2026c,polygon lookup differs from existing Asia/Yakutsk
102290,Veshkayma,Ulyanovsk,RU,54.0472,47.13,Europe/Moscow,Europe/Ulyanovsk,coordinate_polygon,high,,not_required,tzfpy-2026c,polygon lookup differs from existing Europe/Moscow
102326,Vladimir,Vladimir,RU,56.13655,40.39658,Asia/Vladivostok,Europe/Moscow,coordinate_polygon,high,,not_required,tzfpy-2026c,polygon lookup differs from existing Asia/Vladivostok
102386,Vorsha,Vladimir,RU,56.0491,40.07966,Asia/Vladivostok,Europe/Moscow,coordinate_polygon,high,,not_required,tzfpy-2026c,polygon lookup differs from existing Asia/Vladivostok
102394,Voskresenskoye,Bashkortostan,RU,53.12336,56.14664,Europe/Moscow,Asia/Yekaterinburg,coordinate_polygon,high,,not_required,tzfpy-2026c,polygon lookup differs from existing Europe/Moscow
102403,Votkinsk,Udmurt,RU,57.04865,53.98717,Europe/Moscow,Europe/Samara,coordinate_polygon,high,,not_required,tzfpy-2026c,polygon lookup differs from existing Europe/Moscow
102422,Vyazniki,Vladimir,RU,56.24057,42.15563,Asia/Vladivostok,Europe/Moscow,coordinate_polygon,high,,not_required,tzfpy-2026c,polygon lookup differs from existing Asia/Vladivostok
102428,Vydrino,Buryatia,RU,51.463,104.6425,Europe/Moscow,Asia/Irkutsk,coordinate_polygon,high,,not_required,tzfpy-2026c,polygon lookup differs from existing Europe/Moscow
102463,Yagunovo,Kemerovo,RU,55.24645,86.01097,Asia/Novosibirsk,Asia/Novokuznetsk,coordinate_polygon,high,,not_required,tzfpy-2026c,polygon lookup differs from existing Asia/Novosibirsk
102464,Yagunovskiy,Kemerovo,RU,55.2828,85.978,Asia/Novosibirsk,Asia/Novokuznetsk,coordinate_polygon,high,,not_required,tzfpy-2026c,polygon lookup differs from existing Asia/Novosibirsk
102480,Yanaul,Bashkortostan,RU,56.2751,54.9338,Europe/Moscow,Asia/Yekaterinburg,coordinate_polygon,high,,not_required,tzfpy-2026c,polygon lookup differs from existing Europe/Moscow
102481,Yanaul’skiy Rayon,Bashkortostan,RU,56.25,54.91667,Europe/Moscow,Asia/Yekaterinburg,coordinate_polygon,high,,not_required,tzfpy-2026c,polygon lookup differs from existing Europe/Moscow
102489,Yar,Udmurt,RU,58.2458,52.1054,Europe/Moscow,Europe/Samara,coordinate_polygon,high,,not_required,tzfpy-2026c,polygon lookup differs from existing Europe/Moscow
102510,Yashkino,Kemerovo,RU,55.8736,85.4265,Asia/Novosibirsk,Asia/Novokuznetsk,coordinate_polygon,high,,not_required,tzfpy-2026c,polygon lookup differs from existing Asia/Novosibirsk
102517,Yaya,Kemerovo,RU,56.206,86.44,Asia/Novosibirsk,Asia/Novokuznetsk,coordinate_polygon,high,,not_required,tzfpy-2026c,polygon lookup differs from existing Asia/Novosibirsk
102520,Yazykovo,Bashkortostan,RU,55.21988,56.13532,Europe/Moscow,Asia/Yekaterinburg,coordinate_polygon,high,,not_required,tzfpy-2026c,polygon lookup differs from existing Europe/Moscow
102565,Yermekeyevo,Bashkortostan,RU,54.07614,53.67125,Europe/Moscow,Asia/Yekaterinburg,coordinate_polygon,high,,not_required,tzfpy-2026c,polygon lookup differs from existing Europe/Moscow
102567,Yermolayevo,Bashkortostan,RU,52.71667,55.8,Europe/Moscow,Asia/Yekaterinburg,coordinate_polygon,high,,not_required,tzfpy-2026c,polygon lookup differs from existing Europe/Moscow
102589,Yukamenskoye,Udmurt,RU,57.8878,52.245,Europe/Moscow,Europe/Samara,coordinate_polygon,high,,not_required,tzfpy-2026c,polygon lookup differs from existing Europe/Moscow
102592,Yumaguzino,Bashkortostan,RU,52.90412,56.39329,Europe/Moscow,Asia/Yekaterinburg,coordinate_polygon,high,,not_required,tzfpy-2026c,polygon lookup differs from existing Europe/Moscow
102593,Yurga,Kemerovo,RU,55.72306,84.88611,Asia/Novosibirsk,Asia/Novokuznetsk,coordinate_polygon,high,,not_required,tzfpy-2026c,polygon lookup differs from existing Asia/Novosibirsk
102595,Yurginskiy Rayon,Kemerovo,RU,55.75,84.75,Asia/Novosibirsk,Asia/Novokuznetsk,coordinate_polygon,high,,not_required,tzfpy-2026c,polygon lookup differs from existing Asia/Novosibirsk
102603,Yur’yev-Pol’skiy,Vladimir,RU,56.50339,39.67911,Asia/Vladivostok,Europe/Moscow,coordinate_polygon,high,,not_required,tzfpy-2026c,polygon lookup differs from existing Asia/Vladivostok
102604,Yur’yev-Pol’skiy Rayon,Vladimir,RU,56.58333,39.58333,Asia/Vladivostok,Europe/Moscow,coordinate_polygon,high,,not_required,tzfpy-2026c,polygon lookup differs from existing Asia/Vladivostok
102613,Yuzhno-Kurilsk,Sakhalin,RU,44.02734,145.86146,Asia/Sakhalin,Asia/Magadan,coordinate_polygon,high,,not_required,tzfpy-2026c,polygon lookup differs from existing Asia/Sakhalin
102614,Yuzhno-Kurilsky,Sakhalin,RU,44.59242,146.77048,Asia/Sakhalin,Asia/Magadan,coordinate_polygon,high,,not_required,tzfpy-2026c,polygon lookup differs from existing Asia/Sakhalin
102630,Zaigrayevo,Buryatia,RU,51.83487,108.267,Europe/Moscow,Asia/Irkutsk,coordinate_polygon,high,,not_required,tzfpy-2026c,polygon lookup differs from existing Europe/Moscow
102633,Zakamensk,Buryatia,RU,50.3741,103.2863,Europe/Moscow,Asia/Irkutsk,coordinate_polygon,high,,not_required,tzfpy-2026c,polygon lookup differs from existing Europe/Moscow
102655,Zarechnyy,Buryatia,RU,51.84928,107.521,Europe/Moscow,Asia/Irkutsk,coordinate_polygon,high,,not_required,tzfpy-2026c,polygon lookup differs from existing Europe/Moscow
102683,Zav’yalovskiy Rayon,Udmurt,RU,56.83333,53.08333,Europe/Moscow,Europe/Samara,coordinate_polygon,high,,not_required,tzfpy-2026c,polygon lookup differs from existing Europe/Moscow
102697,Zelenogorskiy,Kemerovo,RU,55.03333,87,Asia/Novosibirsk,Asia/Novokuznetsk,coordinate_polygon,high,,not_required,tzfpy-2026c,polygon lookup differs from existing Asia/Novosibirsk
102723,Zhemchug,Buryatia,RU,51.6861,102.459,Europe/Moscow,Asia/Irkutsk,coordinate_polygon,high,,not_required,tzfpy-2026c,polygon lookup differs from existing Europe/Moscow
102747,Zilair,Bashkortostan,RU,52.2332,57.4392,Europe/Moscow,Asia/Yekaterinburg,coordinate_polygon,high,,not_required,tzfpy-2026c,polygon lookup differs from existing Europe/Moscow
102749,Zirgan,Bashkortostan,RU,53.2222,55.9185,Europe/Moscow,Asia/Yekaterinburg,coordinate_polygon,high,,not_required,tzfpy-2026c,polygon lookup differs from existing Europe/Moscow
102763,Znamenskoye,Omsk,RU,57.12806,73.82821,Europe/Moscow,Asia/Omsk,coordinate_polygon,high,,not_required,tzfpy-2026c,polygon lookup differs from existing Europe/Moscow
102764,Zolotkovo,Vladimir,RU,55.5281,41.1053,Asia/Vladivostok,Europe/Moscow,coordinate_polygon,high,,not_required,tzfpy-2026c,polygon lookup differs from existing Asia/Vladivostok
102787,Zyryanka,Sakha,RU,65.73489,150.89429,Asia/Yakutsk,Asia/Srednekolymsk,coordinate_polygon,high,,not_required,tzfpy-2026c,polygon lookup differs from existing Asia/Yakutsk
102788,Zyryanskoye,Tomsk,RU,56.83058,86.62734,Europe/Moscow,Asia/Tomsk,coordinate_polygon,high,,not_required,tzfpy-2026c,polygon lookup differs from existing Europe/Moscow
104625,Gberia Fotombu,Northern,SL,9.87852,-11.16548,Africa/Freetown,Africa/Conakry,coordinate_polygon,high,,not_required,tzfpy-2026c,polygon lookup differs from existing Africa/Freetown
105844,Balaklava District,Sevastopol,UA,44.50581,33.67035,Europe/Kyiv,Europe/Simferopol,coordinate_polygon,high,,not_required,tzfpy-2026c,polygon lookup differs from existing Europe/Kyiv
105865,Haharinskyi,Sevastopol,UA,44.59217,33.43925,Europe/Kyiv,Europe/Simferopol,coordinate_polygon,high,,not_required,tzfpy-2026c,polygon lookup differs from existing Europe/Kyiv
105892,Lenin,Sevastopol,UA,44.6,33.53333,Europe/Kyiv,Europe/Simferopol,coordinate_polygon,high,,not_required,tzfpy-2026c,polygon lookup differs from existing Europe/Kyiv
105905,Nakhimovskiy rayon,Sevastopol,UA,44.69502,33.58092,Europe/Kyiv,Europe/Simferopol,coordinate_polygon,high,,not_required,tzfpy-2026c,polygon lookup differs from existing Europe/Kyiv
109143,Liuli,Ruvuma,TZ,-11.08333,34.63333,Africa/Dar_es_Salaam,Africa/Blantyre,coordinate_polygon,high,,not_required,tzfpy-2026c,polygon lookup differs from existing Africa/Dar_es_Salaam
109172,Manda,Njombe,TZ,-10.46667,34.58333,Africa/Dar_es_Salaam,Africa/Blantyre,coordinate_polygon,high,,not_required,tzfpy-2026c,polygon lookup differs from existing Africa/Dar_es_Salaam
109186,Mbamba Bay,Ruvuma,TZ,-11.28333,34.76667,Africa/Dar_es_Salaam,Africa/Blantyre,coordinate_polygon,high,,not_required,tzfpy-2026c,polygon lookup differs from existing Africa/Dar_es_Salaam
109340,Bakhchysarai Raion,Autonomous Republic of Crimea,UA,44.75002,33.8633,Europe/Kyiv,Europe/Simferopol,coordinate_polygon,high,,not_required,tzfpy-2026c,polygon lookup differs from existing Europe/Kyiv
109365,Belogorskiy rayon,Autonomous Republic of Crimea,UA,45.063,34.55675,Europe/Kyiv,Europe/Simferopol,coordinate_polygon,high,,not_required,tzfpy-2026c,polygon lookup differs from existing Europe/Kyiv
109399,Bilohirsk,Autonomous Republic of Crimea,UA,45.05462,34.60185,Europe/Kyiv,Europe/Simferopol,coordinate_polygon,high,,not_required,tzfpy-2026c,polygon lookup differs from existing Europe/Kyiv
109489,Chernomorskiy rayon,Autonomous Republic of Crimea,UA,45.48798,32.92614,Europe/Kyiv,Europe/Simferopol,coordinate_polygon,high,,not_required,tzfpy-2026c,polygon lookup differs from existing Europe/Kyiv
109599,Feodosiya,Autonomous Republic of Crimea,UA,45.03677,35.37789,Europe/Kyiv,Europe/Simferopol,coordinate_polygon,high,,not_required,tzfpy-2026c,polygon lookup differs from existing Europe/Kyiv
109610,Gorodskoy okrug Alushta,Autonomous Republic of Crimea,UA,44.67256,34.41467,Europe/Kyiv,Europe/Simferopol,coordinate_polygon,high,,not_required,tzfpy-2026c,polygon lookup differs from existing Europe/Kyiv
109611,Gorodskoy okrug Armyansk,Autonomous Republic of Crimea,UA,46.10871,33.69095,Europe/Kyiv,Europe/Simferopol,coordinate_polygon,high,,not_required,tzfpy-2026c,polygon lookup differs from existing Europe/Kyiv
109612,Gorodskoy okrug Dzhankoy,Autonomous Republic of Crimea,UA,45.7081,34.39407,Europe/Kyiv,Europe/Simferopol,coordinate_polygon,high,,not_required,tzfpy-2026c,polygon lookup differs from existing Europe/Kyiv
109613,Gorodskoy okrug Feodosiya,Autonomous Republic of Crimea,UA,45.04612,35.37289,Europe/Kyiv,Europe/Simferopol,coordinate_polygon,high,,not_required,tzfpy-2026c,polygon lookup differs from existing Europe/Kyiv
109614,Gorodskoy okrug Krasnoperekopsk,Autonomous Republic of Crimea,UA,45.9533,33.79669,Europe/Kyiv,Europe/Simferopol,coordinate_polygon,high,,not_required,tzfpy-2026c,polygon lookup differs from existing Europe/Kyiv
109615,Gorodskoy okrug Saki,Autonomous Republic of Crimea,UA,45.1278,33.60134,Europe/Kyiv,Europe/Simferopol,coordinate_polygon,high,,not_required,tzfpy-2026c,polygon lookup differs from existing Europe/Kyiv
109616,Gorodskoy okrug Simferopol,Autonomous Republic of Crimea,UA,44.94803,34.10912,Europe/Kyiv,Europe/Simferopol,coordinate_polygon,high,,not_required,tzfpy-2026c,polygon lookup differs from existing Europe/Kyiv
109617,Gorodskoy okrug Sudak,Autonomous Republic of Crimea,UA,44.91667,35.00202,Europe/Kyiv,Europe/Simferopol,coordinate_polygon,high,,not_required,tzfpy-2026c,polygon lookup differs from existing Europe/Kyiv
109618,Gorodskoy okrug Yalta,Autonomous Republic of Crimea,UA,44.49638,34.16336,Europe/Kyiv,Europe/Simferopol,coordinate_polygon,high,,not_required,tzfpy-2026c,polygon lookup differs from existing Europe/Kyiv
109619,Gorodskoy okrug Yevpatoriya,Autonomous Republic of Crimea,UA,45.19559,33.36342,Europe/Kyiv,Europe/Simferopol,coordinate_polygon,high,,not_required,tzfpy-2026c,polygon lookup differs from existing Europe/Kyiv
109707,Kamenolomnya,Autonomous Republic of Crimea,UA,45.24804,33.41773,Europe/Kyiv,Europe/Simferopol,coordinate_polygon,high,,not_required,tzfpy-2026c,polygon lookup differs from existing Europe/Kyiv
109726,Kerchens'ka Mis'ka Rada,Autonomous Republic of Crimea,UA,45.35307,36.47414,Europe/Kyiv,Europe/Simferopol,coordinate_polygon,high,,not_required,tzfpy-2026c,polygon lookup differs from existing Europe/Kyiv
109752,Kirovske,Autonomous Republic of Crimea,UA,45.15522,35.17696,Europe/Kyiv,Europe/Simferopol,coordinate_polygon,high,,not_required,tzfpy-2026c,polygon lookup differs from existing Europe/Kyiv
109839,Krasnohvardiiske,Autonomous Republic of Crimea,UA,45.4023,34.25464,Europe/Kyiv,Europe/Simferopol,coordinate_polygon,high,,not_required,tzfpy-2026c,polygon lookup differs from existing Europe/Kyiv
109844,Krasnoperekopsk,Autonomous Republic of Crimea,UA,45.96992,33.8799,Europe/Kyiv,Europe/Simferopol,coordinate_polygon,high,,not_required,tzfpy-2026c,polygon lookup differs from existing Europe/Kyiv
109845,Krasnoperekops’k,Autonomous Republic of Crimea,UA,45.95716,33.7965,Europe/Kyiv,Europe/Simferopol,coordinate_polygon,high,,not_required,tzfpy-2026c,polygon lookup differs from existing Europe/Kyiv
109912,Lenine,Autonomous Republic of Crimea,UA,45.24693,36.0054,Europe/Kyiv,Europe/Simferopol,coordinate_polygon,high,,not_required,tzfpy-2026c,polygon lookup differs from existing Europe/Kyiv
110095,Nikita,Autonomous Republic of Crimea,UA,44.51564,34.2384,Europe/Kyiv,Europe/Simferopol,coordinate_polygon,high,,not_required,tzfpy-2026c,polygon lookup differs from existing Europe/Kyiv
110100,Nizhnegorskiy rayon,Autonomous Republic of Crimea,UA,45.4843,34.76798,Europe/Kyiv,Europe/Simferopol,coordinate_polygon,high,,not_required,tzfpy-2026c,polygon lookup differs from existing Europe/Kyiv
110348,Razdol’nenskiy rayon,Autonomous Republic of Crimea,UA,45.67086,33.44075,Europe/Kyiv,Europe/Simferopol,coordinate_polygon,high,,not_required,tzfpy-2026c,polygon lookup differs from existing Europe/Kyiv
110403,Sakskiy rayon,Autonomous Republic of Crimea,UA,45.27799,33.52911,Europe/Kyiv,Europe/Simferopol,coordinate_polygon,high,,not_required,tzfpy-2026c,polygon lookup differs from existing Europe/Kyiv
110518,Sovietskyi,Autonomous Republic of Crimea,UA,45.31516,34.92914,Europe/Kyiv,Europe/Simferopol,coordinate_polygon,high,,not_required,tzfpy-2026c,polygon lookup differs from existing Europe/Kyiv
110729,Vladislavovka,Autonomous Republic of Crimea,UA,45.16828,35.37658,Europe/Kyiv,Europe/Simferopol,coordinate_polygon,high,,not_required,tzfpy-2026c,polygon lookup differs from existing Europe/Kyiv
110929,Margherita,Western,UG,0.41861,29.89111,Africa/Kampala,Africa/Lubumbashi,coordinate_polygon,high,,not_required,tzfpy-2026c,polygon lookup differs from existing Africa/Kampala
129894,Andijon,Andijan,UZ,40.78206,72.34424,Asia/Samarkand,Asia/Tashkent,coordinate_polygon,high,,not_required,tzfpy-2026c,polygon lookup differs from existing Asia/Samarkand
129895,Andijon Tumani,Andijan,UZ,40.8,72.41667,Asia/Samarkand,Asia/Tashkent,coordinate_polygon,high,,not_required,tzfpy-2026c,polygon lookup differs from existing Asia/Samarkand
129898,Asaka Tumani,Andijan,UZ,40.66667,72.25,Asia/Samarkand,Asia/Tashkent,coordinate_polygon,high,,not_required,tzfpy-2026c,polygon lookup differs from existing Asia/Samarkand
129899,Baliqchi Tumani,Andijan,UZ,40.86667,72,Asia/Samarkand,Asia/Tashkent,coordinate_polygon,high,,not_required,tzfpy-2026c,polygon lookup differs from existing Asia/Samarkand
129908,Bo‘z Tumani,Andijan,UZ,40.66667,71.91667,Asia/Samarkand,Asia/Tashkent,coordinate_polygon,high,,not_required,tzfpy-2026c,polygon lookup differs from existing Asia/Samarkand
129910,Buloqboshi Tumani,Andijan,UZ,40.61667,72.46667,Asia/Samarkand,Asia/Tashkent,coordinate_polygon,high,,not_required,tzfpy-2026c,polygon lookup differs from existing Asia/Samarkand
129922,Dŭstlik,Jizzakh,UZ,40.52472,68.03583,Asia/Samarkand,Asia/Tashkent,coordinate_polygon,high,,not_required,tzfpy-2026c,polygon lookup differs from existing Asia/Samarkand
129924,Gagarin,Jizzakh,UZ,40.66194,68.17222,Asia/Samarkand,Asia/Tashkent,coordinate_polygon,high,,not_required,tzfpy-2026c,polygon lookup differs from existing Asia/Samarkand
129928,Guliston,Sirdaryo,UZ,40.48972,68.78417,Asia/Samarkand,Asia/Tashkent,coordinate_polygon,high,,not_required,tzfpy-2026c,polygon lookup differs from existing Asia/Samarkand
129937,Izboskan Tumani,Andijan,UZ,40.91667,72.25,Asia/Samarkand,Asia/Tashkent,coordinate_polygon,high,,not_required,tzfpy-2026c,polygon lookup differs from existing Asia/Samarkand
129938,Jalolkuduk Tumani,Andijan,UZ,40.75,72.66667,Asia/Samarkand,Asia/Tashkent,coordinate_polygon,high,,not_required,tzfpy-2026c,polygon lookup differs from existing Asia/Samarkand
129939,Jizzax,Jizzakh,UZ,40.11583,67.84222,Asia/Samarkand,Asia/Tashkent,coordinate_polygon,high,,not_required,tzfpy-2026c,polygon lookup differs from existing Asia/Samarkand
129946,Khŭjaobod Tumani,Andijan,UZ,40.66667,72.58333,Asia/Samarkand,Asia/Tashkent,coordinate_polygon,high,,not_required,tzfpy-2026c,polygon lookup differs from existing Asia/Samarkand
129957,Marhamat Tumani,Andijan,UZ,40.5,72.31667,Asia/Samarkand,Asia/Tashkent,coordinate_polygon,high,,not_required,tzfpy-2026c,polygon lookup differs from existing Asia/Samarkand
129971,Oltinkŭl Tumani,Andijan,UZ,40.8,72.16667,Asia/Samarkand,Asia/Tashkent,coordinate_polygon,high,,not_required,tzfpy-2026c,polygon lookup differs from existing Asia/Samarkand
129973,Pakhtaobod Tumani,Andijan,UZ,40.93333,72.5,Asia/Samarkand,Asia/Tashkent,coordinate_polygon,high,,not_required,tzfpy-2026c,polygon lookup differs from existing Asia/Samarkand
129975,Paxtakor,Jizzakh,UZ,40.31528,67.95444,Asia/Samarkand,Asia/Tashkent,coordinate_polygon,high,,not_required,tzfpy-2026c,polygon lookup differs from existing Asia/Samarkand
129996,Shahrikhon Tumani,Andijan,UZ,40.71667,72.06667,Asia/Samarkand,Asia/Tashkent,coordinate_polygon,high,,not_required,tzfpy-2026c,polygon lookup differs from existing Asia/Samarkand
130004,So‘x Tumani,Fergana,UZ,40.04417,71.09417,Asia/Samarkand,Asia/Tashkent,coordinate_polygon,high,,not_required,tzfpy-2026c,polygon lookup differs from existing Asia/Samarkand
130027,Zomin,Jizzakh,UZ,39.96056,68.39583,Asia/Samarkand,Asia/Tashkent,coordinate_polygon,high,,not_required,tzfpy-2026c,polygon lookup differs from existing Asia/Samarkand
130177,Bắc Giang,Bắc Ninh,VN,21.27307,106.1946,Asia/Ho_Chi_Minh,Asia/Bangkok,coordinate_polygon,high,,not_required,tzfpy-2026c,polygon lookup differs from existing Asia/Ho_Chi_Minh
130178,Bắc Kạn,Thái Nguyên,VN,22.14701,105.83481,Asia/Ho_Chi_Minh,Asia/Bangkok,coordinate_polygon,high,,not_required,tzfpy-2026c,polygon lookup differs from existing Asia/Ho_Chi_Minh
130179,Bắc Ninh,Bắc Ninh,VN,21.18608,106.07631,Asia/Ho_Chi_Minh,Asia/Bangkok,coordinate_polygon,high,,not_required,tzfpy-2026c,polygon lookup differs from existing Asia/Ho_Chi_Minh
130181,Bỉm Sơn,Thanh Hóa,VN,20.07806,105.86028,Asia/Ho_Chi_Minh,Asia/Bangkok,coordinate_polygon,high,,not_required,tzfpy-2026c,polygon lookup differs from existing Asia/Ho_Chi_Minh
130183,Cao Bằng,Cao Bằng,VN,22.66568,106.25786,Asia/Ho_Chi_Minh,Asia/Bangkok,coordinate_polygon,high,,not_required,tzfpy-2026c,polygon lookup differs from existing Asia/Ho_Chi_Minh
130186,Cung Kiệm,Bắc Ninh,VN,21.18697,106.16076,Asia/Ho_Chi_Minh,Asia/Bangkok,coordinate_polygon,high,,not_required,tzfpy-2026c,polygon lookup differs from existing Asia/Ho_Chi_Minh
130188,Cát Bà,Hải Phòng,VN,20.72779,107.04819,Asia/Ho_Chi_Minh,Asia/Bangkok,coordinate_polygon,high,,not_required,tzfpy-2026c,polygon lookup differs from existing Asia/Ho_Chi_Minh
130192,Cẩm Phả,Quảng Ninh,VN,21.01004,107.27345,Asia/Ho_Chi_Minh,Asia/Bangkok,coordinate_polygon,high,,not_required,tzfpy-2026c,polygon lookup differs from existing Asia/Ho_Chi_Minh
130193,Cẩm Phả Mines,Quảng Ninh,VN,21.01667,107.3,Asia/Ho_Chi_Minh,Asia/Bangkok,coordinate_polygon,high,,not_required,tzfpy-2026c,polygon lookup differs from existing Asia/Ho_Chi_Minh
130196,Dien Bien Phu,Điện Biên,VN,21.38602,103.02301,Asia/Ho_Chi_Minh,Asia/Bangkok,coordinate_polygon,high,,not_required,tzfpy-2026c,polygon lookup differs from existing Asia/Ho_Chi_Minh
130200,Haiphong,Hải Phòng,VN,20.86481,106.68345,Asia/Ho_Chi_Minh,Asia/Bangkok,coordinate_polygon,high,,not_required,tzfpy-2026c,polygon lookup differs from existing Asia/Ho_Chi_Minh
130201,Ba Đình,Hà Nội,VN,21.0348233,105.808547,Asia/Ho_Chi_Minh,Asia/Bangkok,coordinate_polygon,high,,not_required,tzfpy-2026c,polygon lookup differs from existing Asia/Ho_Chi_Minh
130203,Huyen Lam Thao,Phú Thọ,VN,21.29971,105.31119,Asia/Ho_Chi_Minh,Asia/Bangkok,coordinate_polygon,high,,not_required,tzfpy-2026c,polygon lookup differs from existing Asia/Ho_Chi_Minh
130206,Huyen Phuc Hoa,Cao Bằng,VN,22.5384,106.51039,Asia/Ho_Chi_Minh,Asia/Bangkok,coordinate_polygon,high,,not_required,tzfpy-2026c,polygon lookup differs from existing Asia/Ho_Chi_Minh
130212,Huyện Anh Sơn,Nghệ An,VN,18.92902,105.08294,Asia/Ho_Chi_Minh,Asia/Bangkok,coordinate_polygon,high,,not_required,tzfpy-2026c,polygon lookup differs from existing Asia/Ho_Chi_Minh
130213,Huyện Ba Bể,Thái Nguyên,VN,22.41667,105.75,Asia/Ho_Chi_Minh,Asia/Bangkok,coordinate_polygon,high,,not_required,tzfpy-2026c,polygon lookup differs from existing Asia/Ho_Chi_Minh
130214,Huyện Ba Chẽ,Quảng Ninh,VN,21.29503,107.19298,Asia/Ho_Chi_Minh,Asia/Bangkok,coordinate_polygon,high,,not_required,tzfpy-2026c,polygon lookup differs from existing Asia/Ho_Chi_Minh
130218,Huyện Bá Thước,Thanh Hóa,VN,20.35767,105.25301,Asia/Ho_Chi_Minh,Asia/Bangkok,coordinate_polygon,high,,not_required,tzfpy-2026c,polygon lookup differs from existing Asia/Ho_Chi_Minh
130219,Huyện Bát Xát,Lào Cai,VN,22.56767,103.71339,Asia/Ho_Chi_Minh,Asia/Bangkok,coordinate_polygon,high,,not_required,tzfpy-2026c,polygon lookup differs from existing Asia/Ho_Chi_Minh
130220,Huyện Bình Gia,Lạng Sơn,VN,22.07281,106.3041,Asia/Ho_Chi_Minh,Asia/Bangkok,coordinate_polygon,high,,not_required,tzfpy-2026c,polygon lookup differs from existing Asia/Ho_Chi_Minh
130221,Huyện Bình Giang,Hải Phòng,VN,20.87586,106.19138,Asia/Ho_Chi_Minh,Asia/Bangkok,coordinate_polygon,high,,not_required,tzfpy-2026c,polygon lookup differs from existing Asia/Ho_Chi_Minh
130222,Huyện Bình Liêu,Quảng Ninh,VN,21.54389,107.44047,Asia/Ho_Chi_Minh,Asia/Bangkok,coordinate_polygon,high,,not_required,tzfpy-2026c,polygon lookup differs from existing Asia/Ho_Chi_Minh
130223,Huyện Bình Lục,Ninh Bình,VN,20.50126,106.02959,Asia/Ho_Chi_Minh,Asia/Bangkok,coordinate_polygon,high,,not_required,tzfpy-2026c,polygon lookup differs from existing Asia/Ho_Chi_Minh
130225,Huyện Bình Xuyên,Phú Thọ,VN,21.30561,105.66225,Asia/Ho_Chi_Minh,Asia/Bangkok,coordinate_polygon,high,,not_required,tzfpy-2026c,polygon lookup differs from existing Asia/Ho_Chi_Minh
130228,Huyện Bạch Thông,Thái Nguyên,VN,22.25758,105.83295,Asia/Ho_Chi_Minh,Asia/Bangkok,coordinate_polygon,high,,not_required,tzfpy-2026c,polygon lookup differs from existing Asia/Ho_Chi_Minh
130229,Huyện Bảo Lac,Cao Bằng,VN,22.90085,105.73332,Asia/Ho_Chi_Minh,Asia/Bangkok,coordinate_polygon,high,,not_required,tzfpy-2026c,polygon lookup differs from existing Asia/Ho_Chi_Minh
130231,Huyện Bảo Lâm,Cao Bằng,VN,22.87041,105.4878,Asia/Ho_Chi_Minh,Asia/Bangkok,coordinate_polygon,high,,not_required,tzfpy-2026c,polygon lookup differs from existing Asia/Ho_Chi_Minh
130232,Huyện Bảo Yên,Lào Cai,VN,22.26109,104.46424,Asia/Ho_Chi_Minh,Asia/Bangkok,coordinate_polygon,high,,not_required,tzfpy-2026c,polygon lookup differs from existing Asia/Ho_Chi_Minh
130234,Huyện Bắc Hà,Lào Cai,VN,22.50998,104.30769,Asia/Ho_Chi_Minh,Asia/Bangkok,coordinate_polygon,high,,not_required,tzfpy-2026c,polygon lookup differs from existing Asia/Ho_Chi_Minh
130235,Huyện Bắc Mê,Tuyên Quang,VN,22.75477,105.29023,Asia/Ho_Chi_Minh,Asia/Bangkok,coordinate_polygon,high,,not_required,tzfpy-2026c,polygon lookup differs from existing Asia/Ho_Chi_Minh
130236,Huyện Bắc Quang,Tuyên Quang,VN,22.42301,104.91831,Asia/Ho_Chi_Minh,Asia/Bangkok,coordinate_polygon,high,,not_required,tzfpy-2026c,polygon lookup differs from existing Asia/Ho_Chi_Minh
130237,Huyện Bắc Sơn,Lạng Sơn,VN,21.83801,106.2769,Asia/Ho_Chi_Minh,Asia/Bangkok,coordinate_polygon,high,,not_required,tzfpy-2026c,polygon lookup differs from existing Asia/Ho_Chi_Minh
130238,Huyện Bắc Yên,Sơn La,VN,21.25042,104.38501,Asia/Ho_Chi_Minh,Asia/Bangkok,coordinate_polygon,high,,not_required,tzfpy-2026c,polygon lookup differs from existing Asia/Ho_Chi_Minh
130243,Huyện Can Lộc,Hà Tĩnh,VN,18.44414,105.7635,Asia/Ho_Chi_Minh,Asia/Bangkok,coordinate_polygon,high,,not_required,tzfpy-2026c,polygon lookup differs from existing Asia/Ho_Chi_Minh
130244,Huyện Cao Lộc,Lạng Sơn,VN,21.89857,106.85435,Asia/Ho_Chi_Minh,Asia/Bangkok,coordinate_polygon,high,,not_required,tzfpy-2026c,polygon lookup differs from existing Asia/Ho_Chi_Minh
130245,Huyện Cao Phong,Phú Thọ,VN,20.69532,105.33559,Asia/Ho_Chi_Minh,Asia/Bangkok,coordinate_polygon,high,,not_required,tzfpy-2026c,polygon lookup differs from existing Asia/Ho_Chi_Minh
130246,Huyện Chi Lăng,Lạng Sơn,VN,21.67602,106.62925,Asia/Ho_Chi_Minh,Asia/Bangkok,coordinate_polygon,high,,not_required,tzfpy-2026c,polygon lookup differs from existing Asia/Ho_Chi_Minh
130247,Huyện Chiêm Hóa,Tuyên Quang,VN,22.17895,105.27671,Asia/Ho_Chi_Minh,Asia/Bangkok,coordinate_polygon,high,,not_required,tzfpy-2026c,polygon lookup differs from existing Asia/Ho_Chi_Minh
130263,Huyện Chợ Đồn,Thái Nguyên,VN,22.18681,105.5728,Asia/Ho_Chi_Minh,Asia/Bangkok,coordinate_polygon,high,,not_required,tzfpy-2026c,polygon lookup differs from existing Asia/Ho_Chi_Minh
130264,Huyện Con Cuông,Nghệ An,VN,19.03898,104.80353,Asia/Ho_Chi_Minh,Asia/Bangkok,coordinate_polygon,high,,not_required,tzfpy-2026c,polygon lookup differs from existing Asia/Ho_Chi_Minh
130268,Huyện Cô Tô,Quảng Ninh,VN,21.05418,107.80698,Asia/Ho_Chi_Minh,Asia/Bangkok,coordinate_polygon,high,,not_required,tzfpy-2026c,polygon lookup differs from existing Asia/Ho_Chi_Minh
130274,Huyện Cẩm Giàng,Hải Phòng,VN,20.95,106.21667,Asia/Ho_Chi_Minh,Asia/Bangkok,coordinate_polygon,high,,not_required,tzfpy-2026c,polygon lookup differs from existing Asia/Ho_Chi_Minh
130275,Huyện Cẩm Khê,Phú Thọ,VN,21.40683,105.09845,Asia/Ho_Chi_Minh,Asia/Bangkok,coordinate_polygon,high,,not_required,tzfpy-2026c,polygon lookup differs from existing Asia/Ho_Chi_Minh
130276,Huyện Cẩm Thủy,Thanh Hóa,VN,20.19586,105.46817,Asia/Ho_Chi_Minh,Asia/Bangkok,coordinate_polygon,high,,not_required,tzfpy-2026c,polygon lookup differs from existing Asia/Ho_Chi_Minh
130277,Huyện Cẩm Xuyên,Hà Tĩnh,VN,18.19059,106.00186,Asia/Ho_Chi_Minh,Asia/Bangkok,coordinate_polygon,high,,not_required,tzfpy-2026c,polygon lookup differs from existing Asia/Ho_Chi_Minh
130279,Huyện Diễn Châu,Nghệ An,VN,18.98892,105.57625,Asia/Ho_Chi_Minh,Asia/Bangkok,coordinate_polygon,high,,not_required,tzfpy-2026c,polygon lookup differs from existing Asia/Ho_Chi_Minh
130280,Huyện Duy Tiên,Ninh Bình,VN,20.62803,105.96193,Asia/Ho_Chi_Minh,Asia/Bangkok,coordinate_polygon,high,,not_required,tzfpy-2026c,polygon lookup differs from existing Asia/Ho_Chi_Minh
130285,Huyện Gia Bình,Bắc Ninh,VN,21.07795,106.20903,Asia/Ho_Chi_Minh,Asia/Bangkok,coordinate_polygon,high,,not_required,tzfpy-2026c,polygon lookup differs from existing Asia/Ho_Chi_Minh
130286,Huyện Gia Lộc,Hải Phòng,VN,20.85164,106.2913,Asia/Ho_Chi_Minh,Asia/Bangkok,coordinate_polygon,high,,not_required,tzfpy-2026c,polygon lookup differs from existing Asia/Ho_Chi_Minh
130287,Huyện Giao Thủy,Ninh Bình,VN,20.25706,106.46245,Asia/Ho_Chi_Minh,Asia/Bangkok,coordinate_polygon,high,,not_required,tzfpy-2026c,polygon lookup differs from existing Asia/Ho_Chi_Minh
130297,Huyện Hoa Lư,Ninh Bình,VN,20.25391,105.90789,Asia/Ho_Chi_Minh,Asia/Bangkok,coordinate_polygon,high,,not_required,tzfpy-2026c,polygon lookup differs from existing Asia/Ho_Chi_Minh
130299,Huyện Hoành Bồ,Quảng Ninh,VN,21.11888,107.03149,Asia/Ho_Chi_Minh,Asia/Bangkok,coordinate_polygon,high,,not_required,tzfpy-2026c,polygon lookup differs from existing Asia/Ho_Chi_Minh
130300,Huyện Hà Quảng,Cao Bằng,VN,22.90763,106.12487,Asia/Ho_Chi_Minh,Asia/Bangkok,coordinate_polygon,high,,not_required,tzfpy-2026c,polygon lookup differs from existing Asia/Ho_Chi_Minh
130301,Huyện Hà Trung,Thanh Hóa,VN,20.02654,105.81931,Asia/Ho_Chi_Minh,Asia/Bangkok,coordinate_polygon,high,,not_required,tzfpy-2026c,polygon lookup differs from existing Asia/Ho_Chi_Minh
130305,Huyện Hàm Yên,Tuyên Quang,VN,22.10935,105.0163,Asia/Ho_Chi_Minh,Asia/Bangkok,coordinate_polygon,high,,not_required,tzfpy-2026c,polygon lookup differs from existing Asia/Ho_Chi_Minh
130308,Huyện Hũu Lũng,Lạng Sơn,VN,21.54474,106.34386,Asia/Ho_Chi_Minh,Asia/Bangkok,coordinate_polygon,high,,not_required,tzfpy-2026c,polygon lookup differs from existing Asia/Ho_Chi_Minh
130309,Huyện Hưng Hà,Hưng Yên,VN,20.59464,106.2123,Asia/Ho_Chi_Minh,Asia/Bangkok,coordinate_polygon,high,,not_required,tzfpy-2026c,polygon lookup differs from existing Asia/Ho_Chi_Minh
130310,Huyện Hưng Nguyên,Nghệ An,VN,18.67811,105.62523,Asia/Ho_Chi_Minh,Asia/Bangkok,coordinate_polygon,high,,not_required,tzfpy-2026c,polygon lookup differs from existing Asia/Ho_Chi_Minh
130312,Huyện Hạ Hòa,Phú Thọ,VN,21.57763,104.99464,Asia/Ho_Chi_Minh,Asia/Bangkok,coordinate_polygon,high,,not_required,tzfpy-2026c,polygon lookup differs from existing Asia/Ho_Chi_Minh
130313,Huyện Hạ Lang,Cao Bằng,VN,22.70933,106.67657,Asia/Ho_Chi_Minh,Asia/Bangkok,coordinate_polygon,high,,not_required,tzfpy-2026c,polygon lookup differs from existing Asia/Ho_Chi_Minh
130314,Huyện Hải Hà,Quảng Ninh,VN,21.49537,107.6679,Asia/Ho_Chi_Minh,Asia/Bangkok,coordinate_polygon,high,,not_required,tzfpy-2026c,polygon lookup differs from existing Asia/Ho_Chi_Minh
130315,Huyện Hải Hậu,Ninh Bình,VN,20.15057,106.27161,Asia/Ho_Chi_Minh,Asia/Bangkok,coordinate_polygon,high,,not_required,tzfpy-2026c,polygon lookup differs from existing Asia/Ho_Chi_Minh
130317,Huyện Hậu Lộc,Thanh Hóa,VN,19.93337,105.88894,Asia/Ho_Chi_Minh,Asia/Bangkok,coordinate_polygon,high,,not_required,tzfpy-2026c,polygon lookup differs from existing Asia/Ho_Chi_Minh
130323,Huyện Khoái Châu,Hưng Yên,VN,20.8217,105.97455,Asia/Ho_Chi_Minh,Asia/Bangkok,coordinate_polygon,high,,not_required,tzfpy-2026c,polygon lookup differs from existing Asia/Ho_Chi_Minh
130326,Huyện Kim Bảng,Ninh Bình,VN,20.57254,105.85043,Asia/Ho_Chi_Minh,Asia/Bangkok,coordinate_polygon,high,,not_required,tzfpy-2026c,polygon lookup differs from existing Asia/Ho_Chi_Minh
130327,Huyện Kim Sơn,Ninh Bình,VN,20.06034,106.09863,Asia/Ho_Chi_Minh,Asia/Bangkok,coordinate_polygon,high,,not_required,tzfpy-2026c,polygon lookup differs from existing Asia/Ho_Chi_Minh
130328,Huyện Kim Động,Hưng Yên,VN,20.74645,106.03632,Asia/Ho_Chi_Minh,Asia/Bangkok,coordinate_polygon,high,,not_required,tzfpy-2026c,polygon lookup differs from existing Asia/Ho_Chi_Minh
130329,Huyện Kinh Môn,Hải Phòng,VN,21.01634,106.50384,Asia/Ho_Chi_Minh,Asia/Bangkok,coordinate_polygon,high,,not_required,tzfpy-2026c,polygon lookup differs from existing Asia/Ho_Chi_Minh
130331,Huyện Kiến Xương,Hưng Yên,VN,20.40081,106.42032,Asia/Ho_Chi_Minh,Asia/Bangkok,coordinate_polygon,high,,not_required,tzfpy-2026c,polygon lookup differs from existing Asia/Ho_Chi_Minh
130337,Huyện Kỳ Anh,Hà Tĩnh,VN,18.05805,106.2458,Asia/Ho_Chi_Minh,Asia/Bangkok,coordinate_polygon,high,,not_required,tzfpy-2026c,polygon lookup differs from existing Asia/Ho_Chi_Minh
130338,Huyện Kỳ Sơn,Phú Thọ,VN,20.89631,105.39659,Asia/Ho_Chi_Minh,Asia/Bangkok,coordinate_polygon,high,,not_required,tzfpy-2026c,polygon lookup differs from existing Asia/Ho_Chi_Minh
130339,Huyện Kỳ Sơn,Nghệ An,VN,19.42397,104.22199,Asia/Ho_Chi_Minh,Asia/Bangkok,coordinate_polygon,high,,not_required,tzfpy-2026c,polygon lookup differs from existing Asia/Ho_Chi_Minh
130341,Huyện Lang Chánh,Thanh Hóa,VN,20.15926,105.15071,Asia/Ho_Chi_Minh,Asia/Bangkok,coordinate_polygon,high,,not_required,tzfpy-2026c,polygon lookup differs from existing Asia/Ho_Chi_Minh
130345,Huyện Lâm Bình,Tuyên Quang,VN,22.46411,105.21903,Asia/Ho_Chi_Minh,Asia/Bangkok,coordinate_polygon,high,,not_required,tzfpy-2026c,polygon lookup differs from existing Asia/Ho_Chi_Minh
130347,Huyện Lý Nhân,Ninh Bình,VN,20.56422,106.09455,Asia/Ho_Chi_Minh,Asia/Bangkok,coordinate_polygon,high,,not_required,tzfpy-2026c,polygon lookup differs from existing Asia/Ho_Chi_Minh
130349,Huyện Lương Sơn,Phú Thọ,VN,20.8765,105.51219,Asia/Ho_Chi_Minh,Asia/Bangkok,coordinate_polygon,high,,not_required,tzfpy-2026c,polygon lookup differs from existing Asia/Ho_Chi_Minh
130350,Huyện Lạc Thủy,Phú Thọ,VN,20.49794,105.74092,Asia/Ho_Chi_Minh,Asia/Bangkok,coordinate_polygon,high,,not_required,tzfpy-2026c,polygon lookup differs from existing Asia/Ho_Chi_Minh
130352,Huyện Lệ Thủy,Quảng Trị,VN,17.11239,106.70471,Asia/Ho_Chi_Minh,Asia/Bangkok,coordinate_polygon,high,,not_required,tzfpy-2026c,polygon lookup differs from existing Asia/Ho_Chi_Minh
130353,Huyện Lục Nam,Bắc Ninh,VN,21.27548,106.46519,Asia/Ho_Chi_Minh,Asia/Bangkok,coordinate_polygon,high,,not_required,tzfpy-2026c,polygon lookup differs from existing Asia/Ho_Chi_Minh
130354,Huyện Lục Ngạn,Bắc Ninh,VN,21.43719,106.65845,Asia/Ho_Chi_Minh,Asia/Bangkok,coordinate_polygon,high,,not_required,tzfpy-2026c,polygon lookup differs from existing Asia/Ho_Chi_Minh
130355,Huyện Lục Yên,Lào Cai,VN,22.10235,104.72538,Asia/Ho_Chi_Minh,Asia/Bangkok,coordinate_polygon,high,,not_required,tzfpy-2026c,polygon lookup differs from existing Asia/Ho_Chi_Minh
130356,Huyện Mai Sơn,Sơn La,VN,21.15884,104.04821,Asia/Ho_Chi_Minh,Asia/Bangkok,coordinate_polygon,high,,not_required,tzfpy-2026c,polygon lookup differs from existing Asia/Ho_Chi_Minh
130360,Huyện Mù Cang Chải,Lào Cai,VN,21.78815,104.11998,Asia/Ho_Chi_Minh,Asia/Bangkok,coordinate_polygon,high,,not_required,tzfpy-2026c,polygon lookup differs from existing Asia/Ho_Chi_Minh
130361,Huyện Mưòng Tè,Lai Châu,VN,22.37443,102.73835,Asia/Ho_Chi_Minh,Asia/Bangkok,coordinate_polygon,high,,not_required,tzfpy-2026c,polygon lookup differs from existing Asia/Ho_Chi_Minh
130362,Huyện Mường Khương,Lào Cai,VN,22.67111,104.11772,Asia/Ho_Chi_Minh,Asia/Bangkok,coordinate_polygon,high,,not_required,tzfpy-2026c,polygon lookup differs from existing Asia/Ho_Chi_Minh
130363,Huyện Mường La,Sơn La,VN,21.5296,104.11113,Asia/Ho_Chi_Minh,Asia/Bangkok,coordinate_polygon,high,,not_required,tzfpy-2026c,polygon lookup differs from existing Asia/Ho_Chi_Minh
130364,Huyện Mường Lát,Thanh Hóa,VN,20.52763,104.62941,Asia/Ho_Chi_Minh,Asia/Bangkok,coordinate_polygon,high,,not_required,tzfpy-2026c,polygon lookup differs from existing Asia/Ho_Chi_Minh
130365,Huyện Mường Nhé,Điện Biên,VN,22.10353,102.58465,Asia/Ho_Chi_Minh,Asia/Bangkok,coordinate_polygon,high,,not_required,tzfpy-2026c,polygon lookup differs from existing Asia/Ho_Chi_Minh
130367,Huyện Mộc Châu,Sơn La,VN,21.83333,104.75,Asia/Ho_Chi_Minh,Asia/Bangkok,coordinate_polygon,high,,not_required,tzfpy-2026c,polygon lookup differs from existing Asia/Ho_Chi_Minh
130369,Huyện Mỹ Hào,Hưng Yên,VN,20.9321,106.1063,Asia/Ho_Chi_Minh,Asia/Bangkok,coordinate_polygon,high,,not_required,tzfpy-2026c,polygon lookup differs from existing Asia/Ho_Chi_Minh
130370,Huyện Mỹ Lộc,Ninh Bình,VN,20.46079,106.12319,Asia/Ho_Chi_Minh,Asia/Bangkok,coordinate_polygon,high,,not_required,tzfpy-2026c,polygon lookup differs from existing Asia/Ho_Chi_Minh
130373,Huyện Na Hang,Tuyên Quang,VN,22.47522,105.4838,Asia/Ho_Chi_Minh,Asia/Bangkok,coordinate_polygon,high,,not_required,tzfpy-2026c,polygon lookup differs from existing Asia/Ho_Chi_Minh
130374,Huyện Na Rì,Thái Nguyên,VN,22.17883,106.11221,Asia/Ho_Chi_Minh,Asia/Bangkok,coordinate_polygon,high,,not_required,tzfpy-2026c,polygon lookup differs from existing Asia/Ho_Chi_Minh
130376,Huyện Nam Sách,Hải Phòng,VN,21.00484,106.34042,Asia/Ho_Chi_Minh,Asia/Bangkok,coordinate_polygon,high,,not_required,tzfpy-2026c,polygon lookup differs from existing Asia/Ho_Chi_Minh
130377,Huyện Nam Trực,Ninh Bình,VN,20.34106,106.20821,Asia/Ho_Chi_Minh,Asia/Bangkok,coordinate_polygon,high,,not_required,tzfpy-2026c,polygon lookup differs from existing Asia/Ho_Chi_Minh
130378,Huyện Nam Đàn,Nghệ An,VN,18.67041,105.52575,Asia/Ho_Chi_Minh,Asia/Bangkok,coordinate_polygon,high,,not_required,tzfpy-2026c,polygon lookup differs from existing Asia/Ho_Chi_Minh
130380,Huyện Nga Sơn,Thanh Hóa,VN,20.01561,105.98975,Asia/Ho_Chi_Minh,Asia/Bangkok,coordinate_polygon,high,,not_required,tzfpy-2026c,polygon lookup differs from existing Asia/Ho_Chi_Minh
130381,Huyện Nghi Lộc,Nghệ An,VN,18.83131,105.62411,Asia/Ho_Chi_Minh,Asia/Bangkok,coordinate_polygon,high,,not_required,tzfpy-2026c,polygon lookup differs from existing Asia/Ho_Chi_Minh
130382,Huyện Nghi Xuân,Hà Tĩnh,VN,18.62419,105.76829,Asia/Ho_Chi_Minh,Asia/Bangkok,coordinate_polygon,high,,not_required,tzfpy-2026c,polygon lookup differs from existing Asia/Ho_Chi_Minh
130384,Huyện Nghĩa Hưng,Ninh Bình,VN,20.10598,106.17345,Asia/Ho_Chi_Minh,Asia/Bangkok,coordinate_polygon,high,,not_required,tzfpy-2026c,polygon lookup differs from existing Asia/Ho_Chi_Minh
130385,Huyện Nghĩa Đàn,Nghệ An,VN,19.38234,105.44072,Asia/Ho_Chi_Minh,Asia/Bangkok,coordinate_polygon,high,,not_required,tzfpy-2026c,polygon lookup differs from existing Asia/Ho_Chi_Minh
130386,Huyện Nguyên Bình,Cao Bằng,VN,22.624,105.93248,Asia/Ho_Chi_Minh,Asia/Bangkok,coordinate_polygon,high,,not_required,tzfpy-2026c,polygon lookup differs from existing Asia/Ho_Chi_Minh
130387,Huyện Ngân Sơn,Thái Nguyên,VN,22.42962,106.0103,Asia/Ho_Chi_Minh,Asia/Bangkok,coordinate_polygon,high,,not_required,tzfpy-2026c,polygon lookup differs from existing Asia/Ho_Chi_Minh
130389,Huyện Ngọc Lặc,Thanh Hóa,VN,20.06777,105.37386,Asia/Ho_Chi_Minh,Asia/Bangkok,coordinate_polygon,high,,not_required,tzfpy-2026c,polygon lookup differs from existing Asia/Ho_Chi_Minh
130390,Huyện Nho Quan,Ninh Bình,VN,20.27606,105.75442,Asia/Ho_Chi_Minh,Asia/Bangkok,coordinate_polygon,high,,not_required,tzfpy-2026c,polygon lookup differs from existing Asia/Ho_Chi_Minh
130391,Huyện Như Thanh,Thanh Hóa,VN,19.57798,105.55616,Asia/Ho_Chi_Minh,Asia/Bangkok,coordinate_polygon,high,,not_required,tzfpy-2026c,polygon lookup differs from existing Asia/Ho_Chi_Minh
130392,Huyện Như Xuân,Thanh Hóa,VN,19.62527,105.38856,Asia/Ho_Chi_Minh,Asia/Bangkok,coordinate_polygon,high,,not_required,tzfpy-2026c,polygon lookup differs from existing Asia/Ho_Chi_Minh
130393,Huyện Nông Cống,Thanh Hóa,VN,19.61376,105.68279,Asia/Ho_Chi_Minh,Asia/Bangkok,coordinate_polygon,high,,not_required,tzfpy-2026c,polygon lookup differs from existing Asia/Ho_Chi_Minh
130396,Huyện Phù Cừ,Hưng Yên,VN,20.70997,106.19744,Asia/Ho_Chi_Minh,Asia/Bangkok,coordinate_polygon,high,,not_required,tzfpy-2026c,polygon lookup differs from existing Asia/Ho_Chi_Minh
130398,Huyện Phù Yên,Sơn La,VN,21.21412,104.68993,Asia/Ho_Chi_Minh,Asia/Bangkok,coordinate_polygon,high,,not_required,tzfpy-2026c,polygon lookup differs from existing Asia/Ho_Chi_Minh
130404,Huyện Quan Hóa,Thanh Hóa,VN,20.47565,104.95335,Asia/Ho_Chi_Minh,Asia/Bangkok,coordinate_polygon,high,,not_required,tzfpy-2026c,polygon lookup differs from existing Asia/Ho_Chi_Minh
130405,Huyện Quan Sơn,Thanh Hóa,VN,20.25758,104.83416,Asia/Ho_Chi_Minh,Asia/Bangkok,coordinate_polygon,high,,not_required,tzfpy-2026c,polygon lookup differs from existing Asia/Ho_Chi_Minh
130406,Huyện Quang Bình,Tuyên Quang,VN,22.41507,104.66018,Asia/Ho_Chi_Minh,Asia/Bangkok,coordinate_polygon,high,,not_required,tzfpy-2026c,polygon lookup differs from existing Asia/Ho_Chi_Minh
130407,Huyện Quảng Ninh,Quảng Trị,VN,17.27067,106.51387,Asia/Ho_Chi_Minh,Asia/Bangkok,coordinate_polygon,high,,not_required,tzfpy-2026c,polygon lookup differs from existing Asia/Ho_Chi_Minh
130408,Huyện Quảng Trạch,Quảng Trị,VN,17.83447,106.36705,Asia/Ho_Chi_Minh,Asia/Bangkok,coordinate_polygon,high,,not_required,tzfpy-2026c,polygon lookup differs from existing Asia/Ho_Chi_Minh
130409,Huyện Quảng Xương,Thanh Hóa,VN,19.70252,105.79298,Asia/Ho_Chi_Minh,Asia/Bangkok,coordinate_polygon,high,,not_required,tzfpy-2026c,polygon lookup differs from existing Asia/Ho_Chi_Minh
130411,Huyện Quế Phong,Nghệ An,VN,19.70177,104.87913,Asia/Ho_Chi_Minh,Asia/Bangkok,coordinate_polygon,high,,not_required,tzfpy-2026c,polygon lookup differs from existing Asia/Ho_Chi_Minh
130412,Bắc Từ Liêm,Hà Nội,VN,21.0714868,105.7199226,Asia/Ho_Chi_Minh,Asia/Bangkok,coordinate_polygon,high,,not_required,tzfpy-2026c,polygon lookup differs from existing Asia/Ho_Chi_Minh
130413,Huyện Quỳ Châu,Nghệ An,VN,19.55707,105.09173,Asia/Ho_Chi_Minh,Asia/Bangkok,coordinate_polygon,high,,not_required,tzfpy-2026c,polygon lookup differs from existing Asia/Ho_Chi_Minh
130414,Huyện Quỳ Hợp,Nghệ An,VN,19.32514,105.16009,Asia/Ho_Chi_Minh,Asia/Bangkok,coordinate_polygon,high,,not_required,tzfpy-2026c,polygon lookup differs from existing Asia/Ho_Chi_Minh
130415,Huyện Quỳnh Lưu,Nghệ An,VN,19.22717,105.64354,Asia/Ho_Chi_Minh,Asia/Bangkok,coordinate_polygon,high,,not_required,tzfpy-2026c,polygon lookup differs from existing Asia/Ho_Chi_Minh
130416,Huyện Quỳnh Nhai,Sơn La,VN,21.77224,103.6492,Asia/Ho_Chi_Minh,Asia/Bangkok,coordinate_polygon,high,,not_required,tzfpy-2026c,polygon lookup differs from existing Asia/Ho_Chi_Minh
130417,Huyện Quỳnh Phụ,Hưng Yên,VN,20.65095,106.36359,Asia/Ho_Chi_Minh,Asia/Bangkok,coordinate_polygon,high,,not_required,tzfpy-2026c,polygon lookup differs from existing Asia/Ho_Chi_Minh
130418,Huyện Sa Pa,Lào Cai,VN,22.33769,103.84037,Asia/Ho_Chi_Minh,Asia/Bangkok,coordinate_polygon,high,,not_required,tzfpy-2026c,polygon lookup differs from existing Asia/Ho_Chi_Minh
130420,Huyện Si Ma Cai,Lào Cai,VN,22.67161,104.27326,Asia/Ho_Chi_Minh,Asia/Bangkok,coordinate_polygon,high,,not_required,tzfpy-2026c,polygon lookup differs from existing Asia/Ho_Chi_Minh
130422,Huyện Sông Mã,Sơn La,VN,21.06971,103.68727,Asia/Ho_Chi_Minh,Asia/Bangkok,coordinate_polygon,high,,not_required,tzfpy-2026c,polygon lookup differs from existing Asia/Ho_Chi_Minh
130423,Huyện Sơn Dương,Tuyên Quang,VN,21.63623,105.38901,Asia/Ho_Chi_Minh,Asia/Bangkok,coordinate_polygon,high,,not_required,tzfpy-2026c,polygon lookup differs from existing Asia/Ho_Chi_Minh
130429,Huyện Tam Dương,Phú Thọ,VN,21.36189,105.5569,Asia/Ho_Chi_Minh,Asia/Bangkok,coordinate_polygon,high,,not_required,tzfpy-2026c,polygon lookup differs from existing Asia/Ho_Chi_Minh
130431,Huyện Tam Đường,Lai Châu,VN,22.35391,103.59342,Asia/Ho_Chi_Minh,Asia/Bangkok,coordinate_polygon,high,,not_required,tzfpy-2026c,polygon lookup differs from existing Asia/Ho_Chi_Minh
130432,Huyện Tam Đảo,Phú Thọ,VN,21.4569,105.5946,Asia/Ho_Chi_Minh,Asia/Bangkok,coordinate_polygon,high,,not_required,tzfpy-2026c,polygon lookup differs from existing Asia/Ho_Chi_Minh
130433,Huyện Than Uyên,Lai Châu,VN,21.91424,103.82857,Asia/Ho_Chi_Minh,Asia/Bangkok,coordinate_polygon,high,,not_required,tzfpy-2026c,polygon lookup differs from existing Asia/Ho_Chi_Minh
130434,Huyện Thanh Ba,Phú Thọ,VN,21.47816,105.15881,Asia/Ho_Chi_Minh,Asia/Bangkok,coordinate_polygon,high,,not_required,tzfpy-2026c,polygon lookup differs from existing Asia/Ho_Chi_Minh
130436,Huyện Thanh Chương,Nghệ An,VN,18.73929,105.24053,Asia/Ho_Chi_Minh,Asia/Bangkok,coordinate_polygon,high,,not_required,tzfpy-2026c,polygon lookup differs from existing Asia/Ho_Chi_Minh
130437,Huyện Thanh Liêm,Ninh Bình,VN,20.46249,105.921,Asia/Ho_Chi_Minh,Asia/Bangkok,coordinate_polygon,high,,not_required,tzfpy-2026c,polygon lookup differs from existing Asia/Ho_Chi_Minh
130438,Huyện Thanh Miện,Hải Phòng,VN,20.77953,106.22218,Asia/Ho_Chi_Minh,Asia/Bangkok,coordinate_polygon,high,,not_required,tzfpy-2026c,polygon lookup differs from existing Asia/Ho_Chi_Minh
130439,Huyện Thiệu Hóa,Thanh Hóa,VN,19.89713,105.68144,Asia/Ho_Chi_Minh,Asia/Bangkok,coordinate_polygon,high,,not_required,tzfpy-2026c,polygon lookup differs from existing Asia/Ho_Chi_Minh
130440,Huyện Thuận Châu,Sơn La,VN,21.42319,103.64408,Asia/Ho_Chi_Minh,Asia/Bangkok,coordinate_polygon,high,,not_required,tzfpy-2026c,polygon lookup differs from existing Asia/Ho_Chi_Minh
130441,Huyện Thuận Thành,Bắc Ninh,VN,21.04085,106.07515,Asia/Ho_Chi_Minh,Asia/Bangkok,coordinate_polygon,high,,not_required,tzfpy-2026c,polygon lookup differs from existing Asia/Ho_Chi_Minh
130442,Huyện Thái Thụy,Hưng Yên,VN,20.53916,106.51688,Asia/Ho_Chi_Minh,Asia/Bangkok,coordinate_polygon,high,,not_required,tzfpy-2026c,polygon lookup differs from existing Asia/Ho_Chi_Minh
130444,Huyện Thông Nông,Cao Bằng,VN,22.80735,105.95846,Asia/Ho_Chi_Minh,Asia/Bangkok,coordinate_polygon,high,,not_required,tzfpy-2026c,polygon lookup differs from existing Asia/Ho_Chi_Minh
130445,Huyện Thường Xuân,Thanh Hóa,VN,19.93684,105.24109,Asia/Ho_Chi_Minh,Asia/Bangkok,coordinate_polygon,high,,not_required,tzfpy-2026c,polygon lookup differs from existing Asia/Ho_Chi_Minh
130446,Huyện Thạch An,Cao Bằng,VN,22.47654,106.34237,Asia/Ho_Chi_Minh,Asia/Bangkok,coordinate_polygon,high,,not_required,tzfpy-2026c,polygon lookup differs from existing Asia/Ho_Chi_Minh
130447,Huyện Thạch Hà,Hà Tĩnh,VN,18.35091,105.81123,Asia/Ho_Chi_Minh,Asia/Bangkok,coordinate_polygon,high,,not_required,tzfpy-2026c,polygon lookup differs from existing Asia/Ho_Chi_Minh
130451,Huyện Thọ Xuân,Thanh Hóa,VN,19.93114,105.48284,Asia/Ho_Chi_Minh,Asia/Bangkok,coordinate_polygon,high,,not_required,tzfpy-2026c,polygon lookup differs from existing Asia/Ho_Chi_Minh
130455,Huyện Tiên Du,Bắc Ninh,VN,21.12195,106.03995,Asia/Ho_Chi_Minh,Asia/Bangkok,coordinate_polygon,high,,not_required,tzfpy-2026c,polygon lookup differs from existing Asia/Ho_Chi_Minh
130456,Huyện Tiên Lữ,Hưng Yên,VN,20.6849,106.12513,Asia/Ho_Chi_Minh,Asia/Bangkok,coordinate_polygon,high,,not_required,tzfpy-2026c,polygon lookup differs from existing Asia/Ho_Chi_Minh
130458,Huyện Tiên Yên,Quảng Ninh,VN,21.37571,107.37468,Asia/Ho_Chi_Minh,Asia/Bangkok,coordinate_polygon,high,,not_required,tzfpy-2026c,polygon lookup differs from existing Asia/Ho_Chi_Minh
130459,Huyện Tiền Hải,Hưng Yên,VN,20.38465,106.52882,Asia/Ho_Chi_Minh,Asia/Bangkok,coordinate_polygon,high,,not_required,tzfpy-2026c,polygon lookup differs from existing Asia/Ho_Chi_Minh
130463,Huyện Triệu Sơn,Thanh Hóa,VN,19.82578,105.58293,Asia/Ho_Chi_Minh,Asia/Bangkok,coordinate_polygon,high,,not_required,tzfpy-2026c,polygon lookup differs from existing Asia/Ho_Chi_Minh
130466,Huyện Trà Lĩnh,Cao Bằng,VN,22.80961,106.32543,Asia/Ho_Chi_Minh,Asia/Bangkok,coordinate_polygon,high,,not_required,tzfpy-2026c,polygon lookup differs from existing Asia/Ho_Chi_Minh
130469,Huyện Trùng Khánh,Cao Bằng,VN,22.83333,106.56074,Asia/Ho_Chi_Minh,Asia/Bangkok,coordinate_polygon,high,,not_required,tzfpy-2026c,polygon lookup differs from existing Asia/Ho_Chi_Minh
130470,Huyện Trạm Tấu,Lào Cai,VN,21.48553,104.42756,Asia/Ho_Chi_Minh,Asia/Bangkok,coordinate_polygon,high,,not_required,tzfpy-2026c,polygon lookup differs from existing Asia/Ho_Chi_Minh
130473,Huyện Trấn Yên,Lào Cai,VN,21.66586,104.79702,Asia/Ho_Chi_Minh,Asia/Bangkok,coordinate_polygon,high,,not_required,tzfpy-2026c,polygon lookup differs from existing Asia/Ho_Chi_Minh
130474,Huyện Trực Ninh,Ninh Bình,VN,20.2569,106.24582,Asia/Ho_Chi_Minh,Asia/Bangkok,coordinate_polygon,high,,not_required,tzfpy-2026c,polygon lookup differs from existing Asia/Ho_Chi_Minh
130477,Huyện Tuyên Hóa,Quảng Trị,VN,17.91323,106.02678,Asia/Ho_Chi_Minh,Asia/Bangkok,coordinate_polygon,high,,not_required,tzfpy-2026c,polygon lookup differs from existing Asia/Ho_Chi_Minh
130478,Huyện Tuần Giáo,Điện Biên,VN,21.69481,103.41758,Asia/Ho_Chi_Minh,Asia/Bangkok,coordinate_polygon,high,,not_required,tzfpy-2026c,polygon lookup differs from existing Asia/Ho_Chi_Minh
130484,Huyện Tân Lạc,Phú Thọ,VN,20.60557,105.23399,Asia/Ho_Chi_Minh,Asia/Bangkok,coordinate_polygon,high,,not_required,tzfpy-2026c,polygon lookup differs from existing Asia/Ho_Chi_Minh
130492,Huyện Tương Dương,Nghệ An,VN,19.30979,104.57788,Asia/Ho_Chi_Minh,Asia/Bangkok,coordinate_polygon,high,,not_required,tzfpy-2026c,polygon lookup differs from existing Asia/Ho_Chi_Minh
130493,Huyện Tủa Chùa,Điện Biên,VN,21.95357,103.37332,Asia/Ho_Chi_Minh,Asia/Bangkok,coordinate_polygon,high,,not_required,tzfpy-2026c,polygon lookup differs from existing Asia/Ho_Chi_Minh
130494,Huyện Vân Đồn,Quảng Ninh,VN,21.04921,107.50971,Asia/Ho_Chi_Minh,Asia/Bangkok,coordinate_polygon,high,,not_required,tzfpy-2026c,polygon lookup differs from existing Asia/Ho_Chi_Minh
130495,Huyện Văn Bàn,Lào Cai,VN,22.07002,104.18122,Asia/Ho_Chi_Minh,Asia/Bangkok,coordinate_polygon,high,,not_required,tzfpy-2026c,polygon lookup differs from existing Asia/Ho_Chi_Minh
130496,Huyện Văn Chấn,Lào Cai,VN,21.55722,104.64038,Asia/Ho_Chi_Minh,Asia/Bangkok,coordinate_polygon,high,,not_required,tzfpy-2026c,polygon lookup differs from existing Asia/Ho_Chi_Minh
130497,Huyện Văn Yên,Lào Cai,VN,21.90022,104.56669,Asia/Ho_Chi_Minh,Asia/Bangkok,coordinate_polygon,high,,not_required,tzfpy-2026c,polygon lookup differs from existing Asia/Ho_Chi_Minh
130501,Huyện Vĩnh Lộc,Thanh Hóa,VN,20.03482,105.65755,Asia/Ho_Chi_Minh,Asia/Bangkok,coordinate_polygon,high,,not_required,tzfpy-2026c,polygon lookup differs from existing Asia/Ho_Chi_Minh
130504,Huyện Vũ Thư,Hưng Yên,VN,20.43732,106.26529,Asia/Ho_Chi_Minh,Asia/Bangkok,coordinate_polygon,high,,not_required,tzfpy-2026c,polygon lookup differs from existing Asia/Ho_Chi_Minh
130507,Huyện Vặn Quan,Lạng Sơn,VN,21.83333,106.54942,Asia/Ho_Chi_Minh,Asia/Bangkok,coordinate_polygon,high,,not_required,tzfpy-2026c,polygon lookup differs from existing Asia/Ho_Chi_Minh
130508,Huyện Vị Xuyên,Tuyên Quang,VN,22.73096,104.90827,Asia/Ho_Chi_Minh,Asia/Bangkok,coordinate_polygon,high,,not_required,tzfpy-2026c,polygon lookup differs from existing Asia/Ho_Chi_Minh
130509,Huyện Vụ Bản,Ninh Bình,VN,20.37705,106.09707,Asia/Ho_Chi_Minh,Asia/Bangkok,coordinate_polygon,high,,not_required,tzfpy-2026c,polygon lookup differs from existing Asia/Ho_Chi_Minh
130511,Huyện Xín Mần,Tuyên Quang,VN,22.64148,104.52089,Asia/Ho_Chi_Minh,Asia/Bangkok,coordinate_polygon,high,,not_required,tzfpy-2026c,polygon lookup differs from existing Asia/Ho_Chi_Minh
130512,Huyện Yên Châu,Sơn La,VN,21.005,104.33264,Asia/Ho_Chi_Minh,Asia/Bangkok,coordinate_polygon,high,,not_required,tzfpy-2026c,polygon lookup differs from existing Asia/Ho_Chi_Minh
130513,Huyện Yên Khánh,Ninh Bình,VN,20.19017,106.09605,Asia/Ho_Chi_Minh,Asia/Bangkok,coordinate_polygon,high,,not_required,tzfpy-2026c,polygon lookup differs from existing Asia/Ho_Chi_Minh
130514,Huyện Yên Lạc,Phú Thọ,VN,21.21845,105.57586,Asia/Ho_Chi_Minh,Asia/Bangkok,coordinate_polygon,high,,not_required,tzfpy-2026c,polygon lookup differs from existing Asia/Ho_Chi_Minh
130515,Huyện Yên Lập,Phú Thọ,VN,21.35569,105.00493,Asia/Ho_Chi_Minh,Asia/Bangkok,coordinate_polygon,high,,not_required,tzfpy-2026c,polygon lookup differs from existing Asia/Ho_Chi_Minh
130516,Huyện Yên Minh,Tuyên Quang,VN,23.06992,105.17865,Asia/Ho_Chi_Minh,Asia/Bangkok,coordinate_polygon,high,,not_required,tzfpy-2026c,polygon lookup differs from existing Asia/Ho_Chi_Minh
130517,Huyện Yên Mô,Ninh Bình,VN,20.12984,106.00199,Asia/Ho_Chi_Minh,Asia/Bangkok,coordinate_polygon,high,,not_required,tzfpy-2026c,polygon lookup differs from existing Asia/Ho_Chi_Minh
130518,Huyện Yên Phong,Bắc Ninh,VN,21.20676,105.99427,Asia/Ho_Chi_Minh,Asia/Bangkok,coordinate_polygon,high,,not_required,tzfpy-2026c,polygon lookup differs from existing Asia/Ho_Chi_Minh
130519,Huyện Yên Sơn,Tuyên Quang,VN,21.88363,105.27656,Asia/Ho_Chi_Minh,Asia/Bangkok,coordinate_polygon,high,,not_required,tzfpy-2026c,polygon lookup differs from existing Asia/Ho_Chi_Minh
130520,Huyện Yên Thành,Nghệ An,VN,19.02724,105.43649,Asia/Ho_Chi_Minh,Asia/Bangkok,coordinate_polygon,high,,not_required,tzfpy-2026c,polygon lookup differs from existing Asia/Ho_Chi_Minh
130521,Huyện Yên Thế,Bắc Ninh,VN,21.51667,106.11689,Asia/Ho_Chi_Minh,Asia/Bangkok,coordinate_polygon,high,,not_required,tzfpy-2026c,polygon lookup differs from existing Asia/Ho_Chi_Minh
130522,Huyện Yên Định,Thanh Hóa,VN,19.98666,105.61482,Asia/Ho_Chi_Minh,Asia/Bangkok,coordinate_polygon,high,,not_required,tzfpy-2026c,polygon lookup differs from existing Asia/Ho_Chi_Minh
130523,Huyện Ân Thi,Hưng Yên,VN,20.81086,106.09995,Asia/Ho_Chi_Minh,Asia/Bangkok,coordinate_polygon,high,,not_required,tzfpy-2026c,polygon lookup differs from existing Asia/Ho_Chi_Minh
130524,Huyện Ðông Hưng,Hưng Yên,VN,20.54388,106.3409,Asia/Ho_Chi_Minh,Asia/Bangkok,coordinate_polygon,high,,not_required,tzfpy-2026c,polygon lookup differs from existing Asia/Ho_Chi_Minh
130525,Huyện Ðức Thọ,Hà Tĩnh,VN,18.49699,105.61016,Asia/Ho_Chi_Minh,Asia/Bangkok,coordinate_polygon,high,,not_required,tzfpy-2026c,polygon lookup differs from existing Asia/Ho_Chi_Minh
130526,Huyện Ý Yên,Ninh Bình,VN,20.31669,106.02327,Asia/Ho_Chi_Minh,Asia/Bangkok,coordinate_polygon,high,,not_required,tzfpy-2026c,polygon lookup differs from existing Asia/Ho_Chi_Minh
130528,Huyện Điện Biên Đông,Điện Biên,VN,21.25266,103.269,Asia/Ho_Chi_Minh,Asia/Bangkok,coordinate_polygon,high,,not_required,tzfpy-2026c,polygon lookup differs from existing Asia/Ho_Chi_Minh
130530,Huyện Đoan Hùng,Phú Thọ,VN,21.61776,105.1611,Asia/Ho_Chi_Minh,Asia/Bangkok,coordinate_polygon,high,,not_required,tzfpy-2026c,polygon lookup differs from existing Asia/Ho_Chi_Minh
130531,Huyện Đình Lập,Lạng Sơn,VN,21.5421,107.12925,Asia/Ho_Chi_Minh,Asia/Bangkok,coordinate_polygon,high,,not_required,tzfpy-2026c,polygon lookup differs from existing Asia/Ho_Chi_Minh
130532,Huyện Đô Lương,Nghệ An,VN,18.89259,105.34027,Asia/Ho_Chi_Minh,Asia/Bangkok,coordinate_polygon,high,,not_required,tzfpy-2026c,polygon lookup differs from existing Asia/Ho_Chi_Minh
130533,Huyện Đông Sơn,Thanh Hóa,VN,19.79742,105.72465,Asia/Ho_Chi_Minh,Asia/Bangkok,coordinate_polygon,high,,not_required,tzfpy-2026c,polygon lookup differs from existing Asia/Ho_Chi_Minh
130534,Huyện Đông Triều,Quảng Ninh,VN,21.11043,106.59662,Asia/Ho_Chi_Minh,Asia/Bangkok,coordinate_polygon,high,,not_required,tzfpy-2026c,polygon lookup differs from existing Asia/Ho_Chi_Minh
130541,Huyện Đầm Hà,Quảng Ninh,VN,21.39689,107.56175,Asia/Ho_Chi_Minh,Asia/Bangkok,coordinate_polygon,high,,not_required,tzfpy-2026c,polygon lookup differs from existing Asia/Ho_Chi_Minh
130548,Huyện Đồng Văn,Tuyên Quang,VN,23.25449,105.27626,Asia/Ho_Chi_Minh,Asia/Bangkok,coordinate_polygon,high,,not_required,tzfpy-2026c,polygon lookup differs from existing Asia/Ho_Chi_Minh
130555,Hà Giang,Tuyên Quang,VN,22.82333,104.98357,Asia/Ho_Chi_Minh,Asia/Bangkok,coordinate_polygon,high,,not_required,tzfpy-2026c,polygon lookup differs from existing Asia/Ho_Chi_Minh
130557,Hà Tĩnh,Hà Tĩnh,VN,18.34282,105.90569,Asia/Ho_Chi_Minh,Asia/Bangkok,coordinate_polygon,high,,not_required,tzfpy-2026c,polygon lookup differs from existing Asia/Ho_Chi_Minh
130558,Cầu Giấy,Hà Nội,VN,21.0302216,105.7494733,Asia/Ho_Chi_Minh,Asia/Bangkok,coordinate_polygon,high,,not_required,tzfpy-2026c,polygon lookup differs from existing Asia/Ho_Chi_Minh
130559,Hòa Bình,Phú Thọ,VN,20.81717,105.33759,Asia/Ho_Chi_Minh,Asia/Bangkok,coordinate_polygon,high,,not_required,tzfpy-2026c,polygon lookup differs from existing Asia/Ho_Chi_Minh
130560,Hưng Yên,Hưng Yên,VN,20.64637,106.05112,Asia/Ho_Chi_Minh,Asia/Bangkok,coordinate_polygon,high,,not_required,tzfpy-2026c,polygon lookup differs from existing Asia/Ho_Chi_Minh
130561,Hạ Long,Quảng Ninh,VN,20.95045,107.07336,Asia/Ho_Chi_Minh,Asia/Bangkok,coordinate_polygon,high,,not_required,tzfpy-2026c,polygon lookup differs from existing Asia/Ho_Chi_Minh
130562,Hải Dương,Hải Phòng,VN,20.94099,106.33302,Asia/Ho_Chi_Minh,Asia/Bangkok,coordinate_polygon,high,,not_required,tzfpy-2026c,polygon lookup differs from existing Asia/Ho_Chi_Minh
130566,Kwang Binh,Quảng Trị,VN,17.46885,106.62226,Asia/Ho_Chi_Minh,Asia/Bangkok,coordinate_polygon,high,,not_required,tzfpy-2026c,polygon lookup differs from existing Asia/Ho_Chi_Minh
130568,Lao Chải,Lào Cai,VN,22.31377,103.86844,Asia/Ho_Chi_Minh,Asia/Bangkok,coordinate_polygon,high,,not_required,tzfpy-2026c,polygon lookup differs from existing Asia/Ho_Chi_Minh
130571,Lào Cai,Lào Cai,VN,22.48556,103.97066,Asia/Ho_Chi_Minh,Asia/Bangkok,coordinate_polygon,high,,not_required,tzfpy-2026c,polygon lookup differs from existing Asia/Ho_Chi_Minh
130572,Lạng Sơn,Lạng Sơn,VN,21.85264,106.76101,Asia/Ho_Chi_Minh,Asia/Bangkok,coordinate_polygon,high,,not_required,tzfpy-2026c,polygon lookup differs from existing Asia/Ho_Chi_Minh
130573,Móng Cái,Quảng Ninh,VN,21.52471,107.96619,Asia/Ho_Chi_Minh,Asia/Bangkok,coordinate_polygon,high,,not_required,tzfpy-2026c,polygon lookup differs from existing Asia/Ho_Chi_Minh
130575,Nam Định,Ninh Bình,VN,20.43389,106.17729,Asia/Ho_Chi_Minh,Asia/Bangkok,coordinate_polygon,high,,not_required,tzfpy-2026c,polygon lookup differs from existing Asia/Ho_Chi_Minh
130577,Ninh Bình,Ninh Bình,VN,20.25809,105.97965,Asia/Ho_Chi_Minh,Asia/Bangkok,coordinate_polygon,high,,not_required,tzfpy-2026c,polygon lookup differs from existing Asia/Ho_Chi_Minh
130582,Phủ Lý,Ninh Bình,VN,20.54531,105.91221,Asia/Ho_Chi_Minh,Asia/Bangkok,coordinate_polygon,high,,not_required,tzfpy-2026c,polygon lookup differs from existing Asia/Ho_Chi_Minh
130586,Đống Đa,Hà Nội,VN,21.0146601,105.7995514,Asia/Ho_Chi_Minh,Asia/Bangkok,coordinate_polygon,high,,not_required,tzfpy-2026c,polygon lookup differs from existing Asia/Ho_Chi_Minh
130587,Hà Đông,Hà Nội,VN,20.9539496,105.7136901,Asia/Ho_Chi_Minh,Asia/Bangkok,coordinate_polygon,high,,not_required,tzfpy-2026c,polygon lookup differs from existing Asia/Ho_Chi_Minh
130591,Sa Pa,Lào Cai,VN,22.34023,103.84415,Asia/Ho_Chi_Minh,Asia/Bangkok,coordinate_polygon,high,,not_required,tzfpy-2026c,polygon lookup differs from existing Asia/Ho_Chi_Minh
130594,Sơn La,Sơn La,VN,21.3256,103.91882,Asia/Ho_Chi_Minh,Asia/Bangkok,coordinate_polygon,high,,not_required,tzfpy-2026c,polygon lookup differs from existing Asia/Ho_Chi_Minh
130595,Hai Bà Trưng,Hà Nội,VN,21.0067597,105.8412663,Asia/Ho_Chi_Minh,Asia/Bangkok,coordinate_polygon,high,,not_required,tzfpy-2026c,polygon lookup differs from existing Asia/Ho_Chi_Minh
130597,Thanh Hóa,Thanh Hóa,VN,19.8,105.76667,Asia/Ho_Chi_Minh,Asia/Bangkok,coordinate_polygon,high,,not_required,tzfpy-2026c,polygon lookup differs from existing Asia/Ho_Chi_Minh
130602,Thành Phố Uông Bí,Quảng Ninh,VN,21.03433,106.77049,Asia/Ho_Chi_Minh,Asia/Bangkok,coordinate_polygon,high,,not_required,tzfpy-2026c,polygon lookup differs from existing Asia/Ho_Chi_Minh
130603,Thành Phố Việt Trì,Phú Thọ,VN,21.32958,105.39217,Asia/Ho_Chi_Minh,Asia/Bangkok,coordinate_polygon,high,,not_required,tzfpy-2026c,polygon lookup differs from existing Asia/Ho_Chi_Minh
130605,Thái Bình,Hưng Yên,VN,20.45,106.34002,Asia/Ho_Chi_Minh,Asia/Bangkok,coordinate_polygon,high,,not_required,tzfpy-2026c,polygon lookup differs from existing Asia/Ho_Chi_Minh
130606,Thái Nguyên,Thái Nguyên,VN,21.59422,105.84817,Asia/Ho_Chi_Minh,Asia/Bangkok,coordinate_polygon,high,,not_required,tzfpy-2026c,polygon lookup differs from existing Asia/Ho_Chi_Minh
130608,Thị Xã Bắc Kạn,Thái Nguyên,VN,22.1413,105.83867,Asia/Ho_Chi_Minh,Asia/Bangkok,coordinate_polygon,high,,not_required,tzfpy-2026c,polygon lookup differs from existing Asia/Ho_Chi_Minh
130609,Thị Xã Chí Linh,Hải Phòng,VN,21.13722,106.39638,Asia/Ho_Chi_Minh,Asia/Bangkok,coordinate_polygon,high,,not_required,tzfpy-2026c,polygon lookup differs from existing Asia/Ho_Chi_Minh
130611,Thị Xã Mưòng Lay,Điện Biên,VN,22.03374,103.12331,Asia/Ho_Chi_Minh,Asia/Bangkok,coordinate_polygon,high,,not_required,tzfpy-2026c,polygon lookup differs from existing Asia/Ho_Chi_Minh
130615,Thị xã Phú Thọ,Phú Thọ,VN,21.41664,105.23636,Asia/Ho_Chi_Minh,Asia/Bangkok,coordinate_polygon,high,,not_required,tzfpy-2026c,polygon lookup differs from existing Asia/Ho_Chi_Minh
130619,Tuyên Quang,Tuyên Quang,VN,21.82356,105.21424,Asia/Ho_Chi_Minh,Asia/Bangkok,coordinate_polygon,high,,not_required,tzfpy-2026c,polygon lookup differs from existing Asia/Ho_Chi_Minh
130622,Vinh,Nghệ An,VN,18.67337,105.69232,Asia/Ho_Chi_Minh,Asia/Bangkok,coordinate_polygon,high,,not_required,tzfpy-2026c,polygon lookup differs from existing Asia/Ho_Chi_Minh
130623,Việt Trì,Phú Thọ,VN,21.32274,105.40198,Asia/Ho_Chi_Minh,Asia/Bangkok,coordinate_polygon,high,,not_required,tzfpy-2026c,polygon lookup differs from existing Asia/Ho_Chi_Minh
130625,Vĩnh Yên,Phú Thọ,VN,21.30891,105.60489,Asia/Ho_Chi_Minh,Asia/Bangkok,coordinate_polygon,high,,not_required,tzfpy-2026c,polygon lookup differs from existing Asia/Ho_Chi_Minh
130628,Yên Bái,Lào Cai,VN,21.72288,104.9113,Asia/Ho_Chi_Minh,Asia/Bangkok,coordinate_polygon,high,,not_required,tzfpy-2026c,polygon lookup differs from existing Asia/Ho_Chi_Minh
130629,Yên Vinh,Nghệ An,VN,18.66667,105.66667,Asia/Ho_Chi_Minh,Asia/Bangkok,coordinate_polygon,high,,not_required,tzfpy-2026c,polygon lookup differs from existing Asia/Ho_Chi_Minh
131361,Luangwa,Lusaka,ZM,-15.61667,30.41667,Africa/Lusaka,Africa/Maputo,coordinate_polygon,high,,not_required,tzfpy-2026c,polygon lookup differs from existing Africa/Lusaka
131424,Chirundu,Mashonaland West,ZW,-16.03333,28.85,Africa/Harare,Africa/Lusaka,coordinate_polygon,high,,not_required,tzfpy-2026c,polygon lookup differs from existing Africa/Harare
132750,Lakshadweep,Lakshadweep,IN,11.27333,74.04582,Asia/Kolkata,Etc/GMT-5,coordinate_polygon,high,,not_required,tzfpy-2026c,polygon lookup differs from existing Asia/Kolkata
133809,Sarupathar,Assam,IN,26.206,96.81,Asia/Kolkata,Asia/Yangon,coordinate_polygon,high,,not_required,tzfpy-2026c,polygon lookup differs from existing Asia/Kolkata
134786,Abu Musa,Hormozgan,IR,26.05474,55.16243,Asia/Tehran,Etc/GMT-4,coordinate_polygon,high,,not_required,tzfpy-2026c,polygon lookup differs from existing Asia/Tehran
141972,Jaigaon,West Bengal,IN,26.86666667,89.38333333,Asia/Kolkata,Asia/Thimphu,coordinate_polygon,high,,not_required,tzfpy-2026c,polygon lookup differs from existing Asia/Kolkata
142385,El Colomo,Jalisco,MX,20.86962,-105.15597,America/Mazatlan,America/Bahia_Banderas,coordinate_polygon,high,,not_required,tzfpy-2026c,polygon lookup differs from existing America/Mazatlan
142453,El Porvenir,Jalisco,MX,20.75379,-105.24196,America/Mazatlan,America/Bahia_Banderas,coordinate_polygon,high,,not_required,tzfpy-2026c,polygon lookup differs from existing America/Mazatlan
142585,Jesús María Nayarit,Jalisco,MX,20.66667,-104.2667,America/Mexico_City,America/Mazatlan,coordinate_polygon,high,,not_required,tzfpy-2026c,polygon lookup differs from existing America/Mexico_City
142848,San José del Valle,Jalisco,MX,20.76376,-105.22813,America/Mazatlan,America/Bahia_Banderas,coordinate_polygon,high,,not_required,tzfpy-2026c,polygon lookup differs from existing America/Mazatlan
144759,Turtle Islands,Tawi-Tawi,PH,6.2303409,118.0051141,Asia/Manila,Asia/Kuching,coordinate_polygon,high,,not_required,tzfpy-2026c,polygon lookup differs from existing Asia/Manila
148332,Guaitecas,Aisén del General Carlos Ibañez del Campo,CL,-43.88333333,-73.73333333,America/Punta_Arenas,America/Coyhaique,coordinate_polygon,high,,not_required,tzfpy-2026c,polygon lookup differs from existing America/Punta_Arenas
148334,O'Higgins,Aisén del General Carlos Ibañez del Campo,CL,-48.46666667,-72.56666667,America/Punta_Arenas,America/Coyhaique,coordinate_polygon,high,,not_required,tzfpy-2026c,polygon lookup differs from existing America/Punta_Arenas
148335,Río Ibáñez,Aisén del General Carlos Ibañez del Campo,CL,-46.3,-71.93333333,America/Punta_Arenas,America/Coyhaique,coordinate_polygon,high,,not_required,tzfpy-2026c,polygon lookup differs from existing America/Punta_Arenas
148336,Tortel,Aisén del General Carlos Ibañez del Campo,CL,-47.83333333,-73.56666667,America/Punta_Arenas,America/Coyhaique,coordinate_polygon,high,,not_required,tzfpy-2026c,polygon lookup differs from existing America/Punta_Arenas
148461,Juan Fernández,Valparaíso,CL,-30.0256427,-82.0519208,America/Punta_Arenas,Etc/GMT+5,coordinate_polygon,high,,not_required,tzfpy-2026c,polygon lookup differs from existing America/Punta_Arenas
148766,Al Ma`ayin,Jizan,SA,16.6108,43.1472,Asia/Riyadh,Asia/Aden,coordinate_polygon,high,,not_required,tzfpy-2026c,polygon lookup differs from existing Asia/Riyadh
148775,Al `Ulayin,Jizan,SA,17.15,43.1708,Asia/Riyadh,Asia/Aden,coordinate_polygon,high,,not_required,tzfpy-2026c,polygon lookup differs from existing Asia/Riyadh
149092,Jaman North,Bono,GH,7.9883234,-2.9685869,Africa/Accra,Africa/Abidjan,coordinate_polygon,high,,not_required,tzfpy-2026c,polygon lookup differs from existing Africa/Accra
149093,Jaman South,Bono,GH,7.7084375,-3.075017,Africa/Accra,Africa/Abidjan,coordinate_polygon,high,,not_required,tzfpy-2026c,polygon lookup differs from existing Africa/Accra
149096,Tain,Bono,GH,8.1811411,-2.8648762,Africa/Accra,Africa/Abidjan,coordinate_polygon,high,,not_required,tzfpy-2026c,polygon lookup differs from existing Africa/Accra
149117,Sawla-Tuna-Kalba,Savannah,GH,9.3911457,-2.7061166,Africa/Accra,Africa/Abidjan,coordinate_polygon,high,,not_required,tzfpy-2026c,polygon lookup differs from existing Africa/Accra
149672,Aldama Estación,Nuevo León,MX,26.02444,-99.2025,America/Mexico_City,America/Monterrey,coordinate_polygon,high,,not_required,tzfpy-2026c,polygon lookup differs from existing America/Mexico_City
149673,Alfonso Reyes,Nuevo León,MX,26.07667,-99.59611,America/Mexico_City,America/Monterrey,coordinate_polygon,high,,not_required,tzfpy-2026c,polygon lookup differs from existing America/Mexico_City
149675,Altamira,Nuevo León,MX,25.6891,-99.6194,America/Mexico_City,America/Monterrey,coordinate_polygon,high,,not_required,tzfpy-2026c,polygon lookup differs from existing America/Mexico_City
149676,Ampliación de la Laguna,Nuevo León,MX,25.29785,-99.72584,America/Mexico_City,America/Monterrey,coordinate_polygon,high,,not_required,tzfpy-2026c,polygon lookup differs from existing America/Mexico_City
149679,Armando Fernández Garza,Nuevo León,MX,25.82278,-100.62778,America/Mexico_City,America/Monterrey,coordinate_polygon,high,,not_required,tzfpy-2026c,polygon lookup differs from existing America/Mexico_City
149680,Barrio Aldamas,Nuevo León,MX,26.08056,-99.18139,America/Mexico_City,America/Monterrey,coordinate_polygon,high,,not_required,tzfpy-2026c,polygon lookup differs from existing America/Mexico_City
149681,Barrio de Jalisco,Nuevo León,MX,24.82093,-100.10461,America/Mexico_City,America/Monterrey,coordinate_polygon,high,,not_required,tzfpy-2026c,polygon lookup differs from existing America/Mexico_City
149683,Caja Pinta,Nuevo León,MX,24.71708,-99.66759,America/Mexico_City,America/Monterrey,coordinate_polygon,high,,not_required,tzfpy-2026c,polygon lookup differs from existing America/Mexico_City
149684,Campestre el Montesito,Nuevo León,MX,25.46861,-100.0875,America/Mexico_City,America/Monterrey,coordinate_polygon,high,,not_required,tzfpy-2026c,polygon lookup differs from existing America/Mexico_City
149686,Carboneras,Nuevo León,MX,26.49222,-100.07639,America/Mexico_City,America/Monterrey,coordinate_polygon,high,,not_required,tzfpy-2026c,polygon lookup differs from existing America/Mexico_City
149687,Casa Rosa,Nuevo León,MX,25.94667,-100.40389,America/Mexico_City,America/Monterrey,coordinate_polygon,high,,not_required,tzfpy-2026c,polygon lookup differs from existing America/Mexico_City
149688,Cañón de Vacas,Nuevo León,MX,24.29472,-99.72,America/Mexico_City,America/Monterrey,coordinate_polygon,high,,not_required,tzfpy-2026c,polygon lookup differs from existing America/Mexico_City
149690,Charco Redondo,Nuevo León,MX,26.06194,-99.56194,America/Mexico_City,America/Monterrey,coordinate_polygon,high,,not_required,tzfpy-2026c,polygon lookup differs from existing America/Mexico_City
149691,Cinco Señores,Nuevo León,MX,24.8748,-99.62277,America/Mexico_City,America/Monterrey,coordinate_polygon,high,,not_required,tzfpy-2026c,polygon lookup differs from existing America/Mexico_City
149693,Colinas del Río Juárez,Nuevo León,MX,25.66944,-100.1225,America/Mexico_City,America/Monterrey,coordinate_polygon,high,,not_required,tzfpy-2026c,polygon lookup differs from existing America/Mexico_City
149695,Colonia Independencia (Monterrey),Nuevo León,MX,25.65917,-100.32416,America/Mexico_City,America/Monterrey,coordinate_polygon,high,,not_required,tzfpy-2026c,polygon lookup differs from existing America/Mexico_City
149696,Colonia la Mesa,Nuevo León,MX,25.81389,-100.07306,America/Mexico_City,America/Monterrey,coordinate_polygon,high,,not_required,tzfpy-2026c,polygon lookup differs from existing America/Mexico_City
149697,Conferín Arizpe,Nuevo León,MX,25.80833,-99.15806,America/Mexico_City,America/Monterrey,coordinate_polygon,high,,not_required,tzfpy-2026c,polygon lookup differs from existing America/Mexico_City
149698,Constitución,Nuevo León,MX,26.47611,-100.11972,America/Mexico_City,America/Monterrey,coordinate_polygon,high,,not_required,tzfpy-2026c,polygon lookup differs from existing America/Mexico_City
149699,Dieciocho de Marzo,Nuevo León,MX,24.88951,-100.18001,America/Mexico_City,America/Monterrey,coordinate_polygon,high,,not_required,tzfpy-2026c,polygon lookup differs from existing America/Mexico_City
149701,Doce de Octubre,Nuevo León,MX,25.62333,-100.06583,America/Mexico_City,America/Monterrey,coordinate_polygon,high,,not_required,tzfpy-2026c,polygon lookup differs from existing America/Mexico_City
149703,Dolores,Nuevo León,MX,23.51333,-100.23194,America/Mexico_City,America/Monterrey,coordinate_polygon,high,,not_required,tzfpy-2026c,polygon lookup differs from existing America/Mexico_City
149704,El Bajío,Nuevo León,MX,25.19972,-99.86583,America/Mexico_City,America/Monterrey,coordinate_polygon,high,,not_required,tzfpy-2026c,polygon lookup differs from existing America/Mexico_City
149705,El Barco,Nuevo León,MX,25.37722,-99.8575,America/Mexico_City,America/Monterrey,coordinate_polygon,high,,not_required,tzfpy-2026c,polygon lookup differs from existing America/Mexico_City
149706,El Bosque,Nuevo León,MX,25.21861,-99.8675,America/Mexico_City,America/Monterrey,coordinate_polygon,high,,not_required,tzfpy-2026c,polygon lookup differs from existing America/Mexico_City
149707,El Brasil,Nuevo León,MX,25.89417,-98.99028,America/Mexico_City,America/Monterrey,coordinate_polygon,high,,not_required,tzfpy-2026c,polygon lookup differs from existing America/Mexico_City
149708,El Carmen de los Elizondo,Nuevo León,MX,24.9767,-99.43876,America/Mexico_City,America/Monterrey,coordinate_polygon,high,,not_required,tzfpy-2026c,polygon lookup differs from existing America/Mexico_City
149710,El Cedral,Nuevo León,MX,24.89528,-100.185,America/Mexico_City,America/Monterrey,coordinate_polygon,high,,not_required,tzfpy-2026c,polygon lookup differs from existing America/Mexico_City
149712,El Chamizal,Nuevo León,MX,24.9025,-99.52028,America/Mexico_City,America/Monterrey,coordinate_polygon,high,,not_required,tzfpy-2026c,polygon lookup differs from existing America/Mexico_City
149713,El Dieciséis,Nuevo León,MX,23.55591,-100.37882,America/Mexico_City,America/Monterrey,coordinate_polygon,high,,not_required,tzfpy-2026c,polygon lookup differs from existing America/Mexico_City
149714,El Diez,Nuevo León,MX,24.86472,-99.45667,America/Mexico_City,America/Monterrey,coordinate_polygon,high,,not_required,tzfpy-2026c,polygon lookup differs from existing America/Mexico_City
149715,El Fraile,Nuevo León,MX,25.80722,-100.50361,America/Mexico_City,America/Monterrey,coordinate_polygon,high,,not_required,tzfpy-2026c,polygon lookup differs from existing America/Mexico_City
149716,El Leal,Nuevo León,MX,25.885,-100.2925,America/Mexico_City,America/Monterrey,coordinate_polygon,high,,not_required,tzfpy-2026c,polygon lookup differs from existing America/Mexico_City
149717,El Maguey,Nuevo León,MX,25.30784,-100.00779,America/Mexico_City,America/Monterrey,coordinate_polygon,high,,not_required,tzfpy-2026c,polygon lookup differs from existing America/Mexico_City
149718,El Mosquito Linares,Nuevo León,MX,24.66417,-99.67417,America/Mexico_City,America/Monterrey,coordinate_polygon,high,,not_required,tzfpy-2026c,polygon lookup differs from existing America/Mexico_City
149719,El Nogalito,Nuevo León,MX,25.28556,-99.87639,America/Mexico_City,America/Monterrey,coordinate_polygon,high,,not_required,tzfpy-2026c,polygon lookup differs from existing America/Mexico_City
149720,El Palmital,Nuevo León,MX,25.83088,-100.59476,America/Mexico_City,America/Monterrey,coordinate_polygon,high,,not_required,tzfpy-2026c,polygon lookup differs from existing America/Mexico_City
149721,El Pastor,Nuevo León,MX,25.14907,-99.92974,America/Mexico_City,America/Monterrey,coordinate_polygon,high,,not_required,tzfpy-2026c,polygon lookup differs from existing America/Mexico_City
149722,El Ranchito Número Uno,Nuevo León,MX,25.69167,-100.16667,America/Mexico_City,America/Monterrey,coordinate_polygon,high,,not_required,tzfpy-2026c,polygon lookup differs from existing America/Mexico_City
149723,El Realito,Nuevo León,MX,24.10222,-99.83694,America/Mexico_City,America/Monterrey,coordinate_polygon,high,,not_required,tzfpy-2026c,polygon lookup differs from existing America/Mexico_City
149724,El Refugio,Nuevo León,MX,24.90583,-99.52861,America/Mexico_City,America/Monterrey,coordinate_polygon,high,,not_required,tzfpy-2026c,polygon lookup differs from existing America/Mexico_City
149725,El Refugio y el Reparo,Nuevo León,MX,23.65972,-100.34028,America/Mexico_City,America/Monterrey,coordinate_polygon,high,,not_required,tzfpy-2026c,polygon lookup differs from existing America/Mexico_City
149726,El Rucio,Nuevo León,MX,24.39758,-99.80775,America/Mexico_City,America/Monterrey,coordinate_polygon,high,,not_required,tzfpy-2026c,polygon lookup differs from existing America/Mexico_City
149727,El Saladito,Nuevo León,MX,25.89833,-100.03139,America/Mexico_City,America/Monterrey,coordinate_polygon,high,,not_required,tzfpy-2026c,polygon lookup differs from existing America/Mexico_City
149728,El Salitre,Nuevo León,MX,23.9599,-99.83058,America/Mexico_City,America/Monterrey,coordinate_polygon,high,,not_required,tzfpy-2026c,polygon lookup differs from existing America/Mexico_City
149729,Estados Unidos,Nuevo León,MX,25.12444,-100.47639,America/Mexico_City,America/Monterrey,coordinate_polygon,high,,not_required,tzfpy-2026c,polygon lookup differs from existing America/Mexico_City
149731,Francisco I. Madero,Nuevo León,MX,25.09139,-98.9225,America/Mexico_City,America/Monterrey,coordinate_polygon,high,,not_required,tzfpy-2026c,polygon lookup differs from existing America/Mexico_City
149732,Francisco Villa,Nuevo León,MX,25.705,-99.99639,America/Mexico_City,America/Monterrey,coordinate_polygon,high,,not_required,tzfpy-2026c,polygon lookup differs from existing America/Mexico_City
149733,Garza García,Nuevo León,MX,25.65384,-100.37758,America/Mexico_City,America/Monterrey,coordinate_polygon,high,,not_required,tzfpy-2026c,polygon lookup differs from existing America/Mexico_City
149734,Garza González,Nuevo León,MX,25.83139,-99.62417,America/Mexico_City,America/Monterrey,coordinate_polygon,high,,not_required,tzfpy-2026c,polygon lookup differs from existing America/Mexico_City
149735,General Escobedo,Nuevo León,MX,25.80833333,-100.32666667,America/Mexico_City,America/Monterrey,coordinate_polygon,high,,not_required,tzfpy-2026c,polygon lookup differs from existing America/Mexico_City
149736,General Tapia,Nuevo León,MX,25.82556,-99.03972,America/Mexico_City,America/Monterrey,coordinate_polygon,high,,not_required,tzfpy-2026c,polygon lookup differs from existing America/Mexico_City
149739,Graciano Bortoni,Nuevo León,MX,26.48583,-100.14333,America/Mexico_City,America/Monterrey,coordinate_polygon,high,,not_required,tzfpy-2026c,polygon lookup differs from existing America/Mexico_City
149740,Hacienda San Juan,Nuevo León,MX,26.48306,-100.16778,America/Mexico_City,America/Monterrey,coordinate_polygon,high,,not_required,tzfpy-2026c,polygon lookup differs from existing America/Mexico_City
149741,Hacienda de Enmedio,Nuevo León,MX,25.23389,-99.84944,America/Mexico_City,America/Monterrey,coordinate_polygon,high,,not_required,tzfpy-2026c,polygon lookup differs from existing America/Mexico_City
149744,Huertas Estación,Nuevo León,MX,25.03778,-99.70861,America/Mexico_City,America/Monterrey,coordinate_polygon,high,,not_required,tzfpy-2026c,polygon lookup differs from existing America/Mexico_City
149745,Ibarrilla,Nuevo León,MX,24.3725,-99.67306,America/Mexico_City,America/Monterrey,coordinate_polygon,high,,not_required,tzfpy-2026c,polygon lookup differs from existing America/Mexico_City
149746,Ismael Flores,Nuevo León,MX,25.62389,-100.07222,America/Mexico_City,America/Monterrey,coordinate_polygon,high,,not_required,tzfpy-2026c,polygon lookup differs from existing America/Mexico_City
149747,Iturbide Nuevo León,Nuevo León,MX,24.72527778,-99.9,America/Mexico_City,America/Monterrey,coordinate_polygon,high,,not_required,tzfpy-2026c,polygon lookup differs from existing America/Mexico_City
149749,Jesús María Aguirre Galeana,Nuevo León,MX,24.4134,-100.37303,America/Mexico_City,America/Monterrey,coordinate_polygon,high,,not_required,tzfpy-2026c,polygon lookup differs from existing America/Mexico_City
149750,Jesús María de Berrones,Nuevo León,MX,23.91748,-100.02869,America/Mexico_City,America/Monterrey,coordinate_polygon,high,,not_required,tzfpy-2026c,polygon lookup differs from existing America/Mexico_City
149751,Jesús María del Terrero,Nuevo León,MX,23.39944,-100.17806,America/Mexico_City,America/Monterrey,coordinate_polygon,high,,not_required,tzfpy-2026c,polygon lookup differs from existing America/Mexico_City
149752,Juan Salazar,Nuevo León,MX,27.46918,-100.38395,America/Mexico_City,America/Matamoros,coordinate_polygon,high,,not_required,tzfpy-2026c,polygon lookup differs from existing America/Mexico_City
149753,Juárez Nuevo León,Nuevo León,MX,25.65,-100.08333333,America/Mexico_City,America/Monterrey,coordinate_polygon,high,,not_required,tzfpy-2026c,polygon lookup differs from existing America/Mexico_City
149754,Jáuregui,Nuevo León,MX,25.295,-99.95167,America/Mexico_City,America/Monterrey,coordinate_polygon,high,,not_required,tzfpy-2026c,polygon lookup differs from existing America/Mexico_City
149755,Kilómetro Dieciséis,Nuevo León,MX,24.77361,-99.67722,America/Mexico_City,America/Monterrey,coordinate_polygon,high,,not_required,tzfpy-2026c,polygon lookup differs from existing America/Mexico_City
149756,La Agüita,Nuevo León,MX,23.965,-100.18361,America/Mexico_City,America/Monterrey,coordinate_polygon,high,,not_required,tzfpy-2026c,polygon lookup differs from existing America/Mexico_City
149757,La Aldea,Nuevo León,MX,24.08064,-99.80357,America/Mexico_City,America/Monterrey,coordinate_polygon,high,,not_required,tzfpy-2026c,polygon lookup differs from existing America/Mexico_City
149758,La Arena,Nuevo León,MX,24.97472,-99.72167,America/Mexico_City,America/Monterrey,coordinate_polygon,high,,not_required,tzfpy-2026c,polygon lookup differs from existing America/Mexico_City
149759,La Barreta,Nuevo León,MX,25.07694,-98.98306,America/Mexico_City,America/Monterrey,coordinate_polygon,high,,not_required,tzfpy-2026c,polygon lookup differs from existing America/Mexico_City
149760,La Baticolla,Nuevo León,MX,23.88702,-100.47412,America/Mexico_City,America/Monterrey,coordinate_polygon,high,,not_required,tzfpy-2026c,polygon lookup differs from existing America/Mexico_City
149761,La Boquilla,Nuevo León,MX,25.27028,-100.04361,America/Mexico_City,America/Monterrey,coordinate_polygon,high,,not_required,tzfpy-2026c,polygon lookup differs from existing America/Mexico_City
149762,La Campana,Nuevo León,MX,25.29898,-98.67721,America/Mexico_City,America/Monterrey,coordinate_polygon,high,,not_required,tzfpy-2026c,polygon lookup differs from existing America/Mexico_City
149763,La Candelaria,Nuevo León,MX,25.67833,-100.70333,America/Mexico_City,America/Monterrey,coordinate_polygon,high,,not_required,tzfpy-2026c,polygon lookup differs from existing America/Mexico_City
149765,La Chiripa,Nuevo León,MX,23.72129,-100.37007,America/Mexico_City,America/Monterrey,coordinate_polygon,high,,not_required,tzfpy-2026c,polygon lookup differs from existing America/Mexico_City
149767,La Colmena de Arriba,Nuevo León,MX,25.28284,-100.05473,America/Mexico_City,America/Monterrey,coordinate_polygon,high,,not_required,tzfpy-2026c,polygon lookup differs from existing America/Mexico_City
149768,La Escuadra,Nuevo León,MX,25.25284,-99.99029,America/Mexico_City,America/Monterrey,coordinate_polygon,high,,not_required,tzfpy-2026c,polygon lookup differs from existing America/Mexico_City
149769,La Esperanza,Nuevo León,MX,24.71556,-100.56,America/Mexico_City,America/Monterrey,coordinate_polygon,high,,not_required,tzfpy-2026c,polygon lookup differs from existing America/Mexico_City
149770,La Estrella,Nuevo León,MX,24.9475,-99.78722,America/Mexico_City,America/Monterrey,coordinate_polygon,high,,not_required,tzfpy-2026c,polygon lookup differs from existing America/Mexico_City
149771,La Fama,Nuevo León,MX,25.66341,-100.4265,America/Mexico_City,America/Monterrey,coordinate_polygon,high,,not_required,tzfpy-2026c,polygon lookup differs from existing America/Mexico_City
149772,La Florida,Nuevo León,MX,24.12111,-99.82361,America/Mexico_City,America/Monterrey,coordinate_polygon,high,,not_required,tzfpy-2026c,polygon lookup differs from existing America/Mexico_City
149773,La Gloria,Nuevo León,MX,25.67139,-100.71417,America/Mexico_City,America/Monterrey,coordinate_polygon,high,,not_required,tzfpy-2026c,polygon lookup differs from existing America/Mexico_City
149774,La Haciendita,Nuevo León,MX,25.51853,-99.76589,America/Mexico_City,America/Monterrey,coordinate_polygon,high,,not_required,tzfpy-2026c,polygon lookup differs from existing America/Mexico_City
149775,La Joya de Alardín,Nuevo León,MX,23.99917,-99.79472,America/Mexico_City,America/Monterrey,coordinate_polygon,high,,not_required,tzfpy-2026c,polygon lookup differs from existing America/Mexico_City
149776,La Lagunita,Nuevo León,MX,24.93472,-100.23917,America/Mexico_City,America/Monterrey,coordinate_polygon,high,,not_required,tzfpy-2026c,polygon lookup differs from existing America/Mexico_City
149777,La Lobera de Portillo,Nuevo León,MX,23.5725,-100.21333,America/Mexico_City,America/Monterrey,coordinate_polygon,high,,not_required,tzfpy-2026c,polygon lookup differs from existing America/Mexico_City
149778,La Maestranza,Nuevo León,MX,25.61028,-100.16833,America/Mexico_City,America/Monterrey,coordinate_polygon,high,,not_required,tzfpy-2026c,polygon lookup differs from existing America/Mexico_City
149779,La Mesa de Berrones,Nuevo León,MX,23.64139,-100.09667,America/Mexico_City,America/Monterrey,coordinate_polygon,high,,not_required,tzfpy-2026c,polygon lookup differs from existing America/Mexico_City
149780,La Palmita Nuevo Leon,Nuevo León,MX,25.929525,-99.30310278,America/Mexico_City,America/Monterrey,coordinate_polygon,high,,not_required,tzfpy-2026c,polygon lookup differs from existing America/Mexico_City
149781,La Presita de Berlanga,Nuevo León,MX,24.43655,-100.15287,America/Mexico_City,America/Monterrey,coordinate_polygon,high,,not_required,tzfpy-2026c,polygon lookup differs from existing America/Mexico_City
149782,La Providencia,Nuevo León,MX,25.745,-99.88639,America/Mexico_City,America/Monterrey,coordinate_polygon,high,,not_required,tzfpy-2026c,polygon lookup differs from existing America/Mexico_City
149783,La Purísima,Nuevo León,MX,24.53536,-99.83052,America/Mexico_City,America/Monterrey,coordinate_polygon,high,,not_required,tzfpy-2026c,polygon lookup differs from existing America/Mexico_City
149784,La Reforma,Nuevo León,MX,24.69781,-99.54136,America/Mexico_City,America/Monterrey,coordinate_polygon,high,,not_required,tzfpy-2026c,polygon lookup differs from existing America/Mexico_City
149785,La Soledad,Nuevo León,MX,24.70889,-99.535,America/Mexico_City,America/Monterrey,coordinate_polygon,high,,not_required,tzfpy-2026c,polygon lookup differs from existing America/Mexico_City
149786,La Tinaja,Nuevo León,MX,25.48034,-100.1053,America/Mexico_City,America/Monterrey,coordinate_polygon,high,,not_required,tzfpy-2026c,polygon lookup differs from existing America/Mexico_City
149787,La Trinidad,Nuevo León,MX,25.23148,-100.14323,America/Mexico_City,America/Monterrey,coordinate_polygon,high,,not_required,tzfpy-2026c,polygon lookup differs from existing America/Mexico_City
149788,La Unión y el Cardonal,Nuevo León,MX,23.84741,-100.09433,America/Mexico_City,America/Monterrey,coordinate_polygon,high,,not_required,tzfpy-2026c,polygon lookup differs from existing America/Mexico_City
149789,La Ventana,Nuevo León,MX,25.14284,-100.15445,America/Mexico_City,America/Monterrey,coordinate_polygon,high,,not_required,tzfpy-2026c,polygon lookup differs from existing America/Mexico_City
149790,Ladrillera,Nuevo León,MX,25.7960495,-100.0921631,America/Mexico_City,America/Monterrey,coordinate_polygon,high,,not_required,tzfpy-2026c,polygon lookup differs from existing America/Mexico_City
149791,Las Barretas,Nuevo León,MX,24.8487,-99.43584,America/Mexico_City,America/Monterrey,coordinate_polygon,high,,not_required,tzfpy-2026c,polygon lookup differs from existing America/Mexico_City
149792,Las Brisas,Nuevo León,MX,25.39284,-99.54898,America/Mexico_City,America/Monterrey,coordinate_polygon,high,,not_required,tzfpy-2026c,polygon lookup differs from existing America/Mexico_City
149793,Las Mesas de San Juan,Nuevo León,MX,23.50675,-100.1391,America/Mexico_City,America/Monterrey,coordinate_polygon,high,,not_required,tzfpy-2026c,polygon lookup differs from existing America/Mexico_City
149794,Las Palomas,Nuevo León,MX,23.54611,-100.18083,America/Mexico_City,America/Monterrey,coordinate_polygon,high,,not_required,tzfpy-2026c,polygon lookup differs from existing America/Mexico_City
149796,Lomas de San Francisco,Nuevo León,MX,25.21056,-100.0025,America/Mexico_City,America/Monterrey,coordinate_polygon,high,,not_required,tzfpy-2026c,polygon lookup differs from existing America/Mexico_City
149797,Los Aldamas,Nuevo León,MX,26.05,-99.18333333,America/Mexico_City,America/Monterrey,coordinate_polygon,high,,not_required,tzfpy-2026c,polygon lookup differs from existing America/Mexico_City
149798,Los Dos Ríos,Nuevo León,MX,25.66812,-99.63752,America/Mexico_City,America/Monterrey,coordinate_polygon,high,,not_required,tzfpy-2026c,polygon lookup differs from existing America/Mexico_City
149800,Los Pocitos,Nuevo León,MX,25.23478,-100.19335,America/Mexico_City,America/Monterrey,coordinate_polygon,high,,not_required,tzfpy-2026c,polygon lookup differs from existing America/Mexico_City
149801,Los Álamos,Nuevo León,MX,25.07807,-98.95178,America/Mexico_City,America/Monterrey,coordinate_polygon,high,,not_required,tzfpy-2026c,polygon lookup differs from existing America/Mexico_City
149802,Los Ángeles Nuevo León,Nuevo León,MX,25.20257,-99.74834,America/Mexico_City,America/Monterrey,coordinate_polygon,high,,not_required,tzfpy-2026c,polygon lookup differs from existing America/Mexico_City
149803,María Aurora,Nuevo León,MX,25.86923,-99.80864,America/Mexico_City,America/Monterrey,coordinate_polygon,high,,not_required,tzfpy-2026c,polygon lookup differs from existing America/Mexico_City
149804,María Auxiliadora,Nuevo León,MX,25.23812,-99.79417,America/Mexico_City,America/Monterrey,coordinate_polygon,high,,not_required,tzfpy-2026c,polygon lookup differs from existing America/Mexico_City
149806,Mexiquito,Nuevo León,MX,25.19951,-99.80723,America/Mexico_City,America/Monterrey,coordinate_polygon,high,,not_required,tzfpy-2026c,polygon lookup differs from existing America/Mexico_City
149807,Mier y Noriega,Nuevo León,MX,23.42671,-100.17282,America/Mexico_City,America/Monterrey,coordinate_polygon,high,,not_required,tzfpy-2026c,polygon lookup differs from existing America/Mexico_City
149809,Náñez González,Nuevo León,MX,25.45451,-100.07002,America/Mexico_City,America/Monterrey,coordinate_polygon,high,,not_required,tzfpy-2026c,polygon lookup differs from existing America/Mexico_City
149811,Pedro Ibarra Hernández,Nuevo León,MX,23.40508,-100.1727,America/Mexico_City,America/Monterrey,coordinate_polygon,high,,not_required,tzfpy-2026c,polygon lookup differs from existing America/Mexico_City
149812,Puerto Genovevo Santiago,Nuevo León,MX,25.34264,-100.18364,America/Mexico_City,America/Monterrey,coordinate_polygon,high,,not_required,tzfpy-2026c,polygon lookup differs from existing America/Mexico_City
149813,Rubén Carlos Gallegos Reyes Villaldama,Nuevo León,MX,26.48254,-100.42588,America/Mexico_City,America/Monterrey,coordinate_polygon,high,,not_required,tzfpy-2026c,polygon lookup differs from existing America/Mexico_City
149815,San Antonio de Alamitos,Nuevo León,MX,23.46476,-100.21659,America/Mexico_City,America/Monterrey,coordinate_polygon,high,,not_required,tzfpy-2026c,polygon lookup differs from existing America/Mexico_City
149816,San Bernardo Nuevo León,Nuevo León,MX,25.63333333,-98.93333333,America/Mexico_City,America/Monterrey,coordinate_polygon,high,,not_required,tzfpy-2026c,polygon lookup differs from existing America/Mexico_City
149817,San José de Cuatro Caminos,Nuevo León,MX,23.5025,-100.27528,America/Mexico_City,America/Monterrey,coordinate_polygon,high,,not_required,tzfpy-2026c,polygon lookup differs from existing America/Mexico_City
149818,San José de Medina,Nuevo León,MX,23.40508,-100.10687,America/Mexico_City,America/Monterrey,coordinate_polygon,high,,not_required,tzfpy-2026c,polygon lookup differs from existing America/Mexico_City
149819,San José Linares,Nuevo León,MX,24.69202,-99.69665,America/Mexico_City,America/Monterrey,coordinate_polygon,high,,not_required,tzfpy-2026c,polygon lookup differs from existing America/Mexico_City
149820,San Mateo Doctor Arroyo,Nuevo León,MX,23.83925,-100.06995,America/Mexico_City,America/Monterrey,coordinate_polygon,high,,not_required,tzfpy-2026c,polygon lookup differs from existing America/Mexico_City
149822,Santa Teresita,Nuevo León,MX,25.87255,-100.11531,America/Mexico_City,America/Monterrey,coordinate_polygon,high,,not_required,tzfpy-2026c,polygon lookup differs from existing America/Mexico_City
149823,Santa Verónica,Nuevo León,MX,24.72306,-99.64778,America/Mexico_City,America/Monterrey,coordinate_polygon,high,,not_required,tzfpy-2026c,polygon lookup differs from existing America/Mexico_City
149824,Valle Alto,Nuevo León,MX,25.5667,-100.25,America/Mexico_City,America/Monterrey,coordinate_polygon,high,,not_required,tzfpy-2026c,polygon lookup differs from existing America/Mexico_City
149825,Villaldama Nuevo León,Nuevo León,MX,26.470747,-100.3707064,America/Mexico_City,America/Monterrey,coordinate_polygon,high,,not_required,tzfpy-2026c,polygon lookup differs from existing America/Mexico_City
150090,Bengkayang,Kalimantan Barat,ID,1.06911,109.66393,Asia/Jakarta,Asia/Pontianak,coordinate_polygon,high,,not_required,tzfpy-2026c,polygon lookup differs from existing Asia/Jakarta
150091,Kapuas Hulu,Kalimantan Barat,ID,0.83333,112.8,Asia/Jakarta,Asia/Pontianak,coordinate_polygon,high,,not_required,tzfpy-2026c,polygon lookup differs from existing Asia/Jakarta
150092,Kayong Utara,Kalimantan Barat,ID,-1.06023,110.10402,Asia/Jakarta,Asia/Pontianak,coordinate_polygon,high,,not_required,tzfpy-2026c,polygon lookup differs from existing Asia/Jakarta
150094,Kubu Raya,Kalimantan Barat,ID,-0.31924,109.51865,Asia/Jakarta,Asia/Pontianak,coordinate_polygon,high,,not_required,tzfpy-2026c,polygon lookup differs from existing Asia/Jakarta
150095,Landak,Kalimantan Barat,ID,0.42373,109.75917,Asia/Jakarta,Asia/Pontianak,coordinate_polygon,high,,not_required,tzfpy-2026c,polygon lookup differs from existing Asia/Jakarta
150097,Melawi,Kalimantan Barat,ID,-0.33617,111.698,Asia/Jakarta,Asia/Pontianak,coordinate_polygon,high,,not_required,tzfpy-2026c,polygon lookup differs from existing Asia/Jakarta
150098,Mempawah,Kalimantan Barat,ID,0.25,109.16667,Asia/Jakarta,Asia/Pontianak,coordinate_polygon,high,,not_required,tzfpy-2026c,polygon lookup differs from existing Asia/Jakarta
150510,Arvand Kenar,Khuzestan,IR,30.0588616,48.4311031,Asia/Tehran,Asia/Baghdad,coordinate_polygon,high,,not_required,tzfpy-2026c,polygon lookup differs from existing Asia/Tehran
150534,Minushahr,Khuzestan,IR,30.3443613,48.1848941,Asia/Tehran,Asia/Baghdad,coordinate_polygon,high,,not_required,tzfpy-2026c,polygon lookup differs from existing Asia/Tehran
153557,Barceloneta,Barceloneta,PR,41.3801061,2.1896957,America/Puerto_Rico,Europe/Madrid,coordinate_polygon,high,,not_required,tzfpy-2026c,polygon lookup differs from existing America/Puerto_Rico
153572,Corozal,Corozal,PR,18.4030802,-88.3967536,America/Puerto_Rico,America/Belize,coordinate_polygon,high,,not_required,tzfpy-2026c,polygon lookup differs from existing America/Puerto_Rico
153574,Dorado,Dorado,PR,43.1480556,-77.5772222,America/Puerto_Rico,America/New_York,coordinate_polygon,high,,not_required,tzfpy-2026c,polygon lookup differs from existing America/Puerto_Rico
153576,Florida,Florida,PR,27.6648274,-81.5157535,America/Puerto_Rico,America/New_York,coordinate_polygon,high,,not_required,tzfpy-2026c,polygon lookup differs from existing America/Puerto_Rico
153585,Isabela,Isabela,PR,16.9753758,121.8107079,America/Puerto_Rico,Asia/Manila,coordinate_polygon,high,,not_required,tzfpy-2026c,polygon lookup differs from existing America/Puerto_Rico
153590,Lares,Lares,PR,34.0250802,-118.4594593,America/Puerto_Rico,America/Los_Angeles,coordinate_polygon,high,,not_required,tzfpy-2026c,polygon lookup differs from existing America/Puerto_Rico
153591,Las Marías,Las Marías,PR,35.8382238,-78.6103566,America/Puerto_Rico,America/New_York,coordinate_polygon,high,,not_required,tzfpy-2026c,polygon lookup differs from existing America/Puerto_Rico
153609,Río Grande,Río Grande,PR,28.81063826,-101.8353878,America/Puerto_Rico,America/Matamoros,coordinate_polygon,high,,not_required,tzfpy-2026c,polygon lookup differs from existing America/Puerto_Rico
153611,Salinas,Salinas,PR,36.6777372,-121.6555013,America/Puerto_Rico,America/Los_Angeles,coordinate_polygon,high,,not_required,tzfpy-2026c,polygon lookup differs from existing America/Puerto_Rico
153615,San Sebastián,San Sebastián,PR,43.318334,-1.9812313,America/Puerto_Rico,Europe/Madrid,coordinate_polygon,high,,not_required,tzfpy-2026c,polygon lookup differs from existing America/Puerto_Rico
153774,Puncak Jaya,Papua Tengah,ID,-3.5106944,137.86611111,Asia/Jakarta,Asia/Jayapura,coordinate_polygon,high,,not_required,tzfpy-2026c,polygon lookup differs from existing Asia/Jakarta
153783,Ulan Bator,Töv,MN,47.8917624,106.73706,Asia/Choibalsan,Asia/Ulaanbaatar,coordinate_polygon,high,,not_required,tzfpy-2026c,polygon lookup differs from existing Asia/Choibalsan
153814,Parsa,Madhesh,NP,27.2196086,83.5454157,Asia/Kathmandu,Asia/Kolkata,coordinate_polygon,high,,not_required,tzfpy-2026c,polygon lookup differs from existing Asia/Kathmandu
153816,Baitadi,Sudurpashchim,NP,29.5083263,80.245342,Asia/Kathmandu,Asia/Kolkata,coordinate_polygon,high,,not_required,tzfpy-2026c,polygon lookup differs from existing Asia/Kathmandu
153819,Dadeldhura,Sudurpashchim,NP,29.2093409,80.1553646,Asia/Kathmandu,Asia/Kolkata,coordinate_polygon,high,,not_required,tzfpy-2026c,polygon lookup differs from existing Asia/Kathmandu
153822,Kailali,Sudurpashchim,NP,28.7309061,80.2184777,Asia/Kathmandu,Asia/Kolkata,coordinate_polygon,high,,not_required,tzfpy-2026c,polygon lookup differs from existing Asia/Kathmandu
153877,Chuadanga,Chuadanga,BD,23.6035273,88.487324,Asia/Dhaka,Asia/Kolkata,coordinate_polygon,high,,not_required,tzfpy-2026c,polygon lookup differs from existing Asia/Dhaka
153879,Jhenaidah,Jhenaidah,BD,23.4952127,88.7069493,Asia/Dhaka,Asia/Kolkata,coordinate_polygon,high,,not_required,tzfpy-2026c,polygon lookup differs from existing Asia/Dhaka
153880,Khulna,Khulna,BD,22.3535139,88.8340709,Asia/Dhaka,Asia/Kolkata,coordinate_polygon,high,,not_required,tzfpy-2026c,polygon lookup differs from existing Asia/Dhaka
153881,Kushtia,Kushtia,BD,23.9459524,88.7017929,Asia/Dhaka,Asia/Kolkata,coordinate_polygon,high,,not_required,tzfpy-2026c,polygon lookup differs from existing Asia/Dhaka
153883,Meherpur,Meherpur,BD,23.7897218,88.3931949,Asia/Dhaka,Asia/Kolkata,coordinate_polygon,high,,not_required,tzfpy-2026c,polygon lookup differs from existing Asia/Dhaka
153885,Satkhira,Satkhira,BD,22.2989859,88.4754087,Asia/Dhaka,Asia/Kolkata,coordinate_polygon,high,,not_required,tzfpy-2026c,polygon lookup differs from existing Asia/Dhaka
153891,Rajshahi,Rajshahi,BD,24.4207336,88.2960214,Asia/Dhaka,Asia/Kolkata,coordinate_polygon,high,,not_required,tzfpy-2026c,polygon lookup differs from existing Asia/Dhaka
153898,Dinajpur,Dinajpur,BD,25.6426103,88.1834462,Asia/Dhaka,Asia/Kolkata,coordinate_polygon,high,,not_required,tzfpy-2026c,polygon lookup differs from existing Asia/Dhaka
153905,Thakurgaon,Thakurgaon,BD,25.9364842,88.0336664,Asia/Dhaka,Asia/Kolkata,coordinate_polygon,high,,not_required,tzfpy-2026c,polygon lookup differs from existing Asia/Dhaka
153949,Kasaji,Lualaba,CD,-10.38342,23.44987,Africa/Kinshasa,Africa/Lubumbashi,coordinate_polygon,high,,not_required,tzfpy-2026c,polygon lookup differs from existing Africa/Kinshasa
153950,Battir,Bethlehem,PS,31.7282154,35.1174323,Asia/Hebron,Asia/Jerusalem,coordinate_polygon,high,,not_required,tzfpy-2026c,polygon lookup differs from existing Asia/Hebron
153951,Beit Fajjar,Bethlehem,PS,31.6216699,35.1343033,Asia/Gaza,Asia/Jerusalem,coordinate_polygon,high,,not_required,tzfpy-2026c,polygon lookup differs from existing Asia/Gaza
153952,Beit Jala,Bethlehem,PS,31.7160334,35.1665493,Asia/Hebron,Asia/Jerusalem,coordinate_polygon,high,,not_required,tzfpy-2026c,polygon lookup differs from existing Asia/Hebron
153953,Beit Sahour,Bethlehem,PS,31.6978704,35.2079303,Asia/Gaza,Asia/Hebron,coordinate_polygon,high,,not_required,tzfpy-2026c,polygon lookup differs from existing Asia/Gaza
153954,Bethlehem,Bethlehem,PS,31.7054165,35.1818428,Asia/Gaza,Asia/Hebron,coordinate_polygon,high,,not_required,tzfpy-2026c,polygon lookup differs from existing Asia/Gaza
153955,Al-Dawha,Bethlehem,PS,31.6977399,35.1459545,Asia/Gaza,Asia/Jerusalem,coordinate_polygon,high,,not_required,tzfpy-2026c,polygon lookup differs from existing Asia/Gaza
153956,Husan,Bethlehem,PS,31.7084604,35.1128253,Asia/Gaza,Asia/Jerusalem,coordinate_polygon,high,,not_required,tzfpy-2026c,polygon lookup differs from existing Asia/Gaza
153957,al-Khader,Bethlehem,PS,31.6948454,35.1501453,Asia/Hebron,Asia/Jerusalem,coordinate_polygon,high,,not_required,tzfpy-2026c,polygon lookup differs from existing Asia/Hebron
153958,Nahalin,Bethlehem,PS,31.6856424,35.0997623,Asia/Hebron,Asia/Jerusalem,coordinate_polygon,high,,not_required,tzfpy-2026c,polygon lookup differs from existing Asia/Hebron
153959,Tuqu',Bethlehem,PS,31.6391274,35.1918903,Asia/Hebron,Asia/Jerusalem,coordinate_polygon,high,,not_required,tzfpy-2026c,polygon lookup differs from existing Asia/Hebron
153960,al-Ubeidiya,Bethlehem,PS,31.7238643,35.2712213,Asia/Hebron,Asia/Jerusalem,coordinate_polygon,high,,not_required,tzfpy-2026c,polygon lookup differs from existing Asia/Hebron
153961,Za'atara,Bethlehem,PS,31.6744784,35.2344913,Asia/Gaza,Asia/Jerusalem,coordinate_polygon,high,,not_required,tzfpy-2026c,polygon lookup differs from existing Asia/Gaza
153966,Dura,Hebron,PS,31.5051274,35.0069273,Asia/Gaza,Asia/Hebron,coordinate_polygon,high,,not_required,tzfpy-2026c,polygon lookup differs from existing Asia/Gaza
153967,Halhul,Hebron,PS,31.5799242,35.0793045,Asia/Gaza,Asia/Jerusalem,coordinate_polygon,high,,not_required,tzfpy-2026c,polygon lookup differs from existing Asia/Gaza
153969,Yatta,Hebron,PS,31.4441845,35.0695053,Asia/Gaza,Asia/Hebron,coordinate_polygon,high,,not_required,tzfpy-2026c,polygon lookup differs from existing Asia/Gaza
153970,ad-Dhahiriya,Hebron,PS,31.4096725,34.9549083,Asia/Gaza,Asia/Hebron,coordinate_polygon,high,,not_required,tzfpy-2026c,polygon lookup differs from existing Asia/Gaza
153971,Bani Na'im,Hebron,PS,31.5149005,35.1447403,Asia/Hebron,Asia/Jerusalem,coordinate_polygon,high,,not_required,tzfpy-2026c,polygon lookup differs from existing Asia/Hebron
153972,Beit 'Awwa,Hebron,PS,31.5067524,34.9295613,Asia/Gaza,Asia/Jerusalem,coordinate_polygon,high,,not_required,tzfpy-2026c,polygon lookup differs from existing Asia/Gaza
153973,Beit Ula,Hebron,PS,31.5984564,35.0057753,Asia/Gaza,Asia/Jerusalem,coordinate_polygon,high,,not_required,tzfpy-2026c,polygon lookup differs from existing Asia/Gaza
153974,Beit Ummar,Hebron,PS,31.6228464,35.0815993,Asia/Gaza,Asia/Jerusalem,coordinate_polygon,high,,not_required,tzfpy-2026c,polygon lookup differs from existing Asia/Gaza
153975,Deir Sammit,Hebron,PS,31.5199634,34.9520713,Asia/Gaza,Asia/Jerusalem,coordinate_polygon,high,,not_required,tzfpy-2026c,polygon lookup differs from existing Asia/Gaza
153976,Idhna,Hebron,PS,31.5572864,34.9586433,Asia/Hebron,Asia/Jerusalem,coordinate_polygon,high,,not_required,tzfpy-2026c,polygon lookup differs from existing Asia/Hebron
153977,Kharas,Hebron,PS,31.6122524,35.0236513,Asia/Gaza,Asia/Jerusalem,coordinate_polygon,high,,not_required,tzfpy-2026c,polygon lookup differs from existing Asia/Gaza
153978,Nuba,Hebron,PS,31.6138208,35.005792,Asia/Gaza,Asia/Jerusalem,coordinate_polygon,high,,not_required,tzfpy-2026c,polygon lookup differs from existing Asia/Gaza
153979,Sa'ir,Hebron,PS,31.5824895,35.1231763,Asia/Hebron,Asia/Jerusalem,coordinate_polygon,high,,not_required,tzfpy-2026c,polygon lookup differs from existing Asia/Hebron
153980,as-Samu,Hebron,PS,31.3986445,35.0446883,Asia/Gaza,Asia/Jerusalem,coordinate_polygon,high,,not_required,tzfpy-2026c,polygon lookup differs from existing Asia/Gaza
153981,Surif,Hebron,PS,31.6495864,35.0441123,Asia/Hebron,Asia/Jerusalem,coordinate_polygon,high,,not_required,tzfpy-2026c,polygon lookup differs from existing Asia/Hebron
153982,Tarqumiya,Hebron,PS,31.5773644,34.9935743,Asia/Gaza,Asia/Jerusalem,coordinate_polygon,high,,not_required,tzfpy-2026c,polygon lookup differs from existing Asia/Gaza
153987,Arrabah,Jenin,PS,32.4033101,35.1853143,Asia/Gaza,Asia/Hebron,coordinate_polygon,high,,not_required,tzfpy-2026c,polygon lookup differs from existing Asia/Gaza
153988,Burqin,Jenin,PS,32.456169,35.2410883,Asia/Gaza,Asia/Jerusalem,coordinate_polygon,high,,not_required,tzfpy-2026c,polygon lookup differs from existing Asia/Gaza
153989,Deir Abu Da'if,Jenin,PS,32.4560951,35.3443223,Asia/Hebron,Asia/Jerusalem,coordinate_polygon,high,,not_required,tzfpy-2026c,polygon lookup differs from existing Asia/Hebron
153990,Jaba,Jenin,PS,32.3250611,35.1995643,Asia/Hebron,Asia/Jerusalem,coordinate_polygon,high,,not_required,tzfpy-2026c,polygon lookup differs from existing Asia/Hebron
153991,Kafr Dan,Jenin,PS,32.4780111,35.2331873,Asia/Gaza,Asia/Hebron,coordinate_polygon,high,,not_required,tzfpy-2026c,polygon lookup differs from existing Asia/Gaza
153993,Meithalun,Jenin,PS,32.3492441,35.2508843,Asia/Gaza,Asia/Jerusalem,coordinate_polygon,high,,not_required,tzfpy-2026c,polygon lookup differs from existing Asia/Gaza
153994,Silat al-Harithiya,Jenin,PS,32.509797,35.2068473,Asia/Gaza,Asia/Jerusalem,coordinate_polygon,high,,not_required,tzfpy-2026c,polygon lookup differs from existing Asia/Gaza
153995,Silat ad-Dhahr,Jenin,PS,32.3175321,35.1666323,Asia/Gaza,Asia/Jerusalem,coordinate_polygon,high,,not_required,tzfpy-2026c,polygon lookup differs from existing Asia/Gaza
153996,Ya'bad,Jenin,PS,32.446868,35.1466743,Asia/Hebron,Asia/Jerusalem,coordinate_polygon,high,,not_required,tzfpy-2026c,polygon lookup differs from existing Asia/Hebron
153997,al-Yamun,Jenin,PS,32.4867111,35.2129923,Asia/Gaza,Asia/Hebron,coordinate_polygon,high,,not_required,tzfpy-2026c,polygon lookup differs from existing Asia/Gaza
153999,Jericho,Jericho ,PS,31.859507,35.4439082,Asia/Gaza,Asia/Hebron,coordinate_polygon,high,,not_required,tzfpy-2026c,polygon lookup differs from existing Asia/Gaza
154001,al-Jiftlik,Jericho ,PS,32.1414323,35.4466025,Asia/Gaza,Asia/Jerusalem,coordinate_polygon,high,,not_required,tzfpy-2026c,polygon lookup differs from existing Asia/Gaza
154002,East Jerusalem,Jerusalem (Quds),PS,31.7965043,35.0105434,Asia/Gaza,Asia/Jerusalem,coordinate_polygon,high,,not_required,tzfpy-2026c,polygon lookup differs from existing Asia/Gaza
154003,Abu Dis,Jerusalem (Quds),PS,31.7636163,35.2371223,Asia/Gaza,Asia/Jerusalem,coordinate_polygon,high,,not_required,tzfpy-2026c,polygon lookup differs from existing Asia/Gaza
154004,Ar-Ram,Jerusalem (Quds),PS,31.8492863,35.2128893,Asia/Gaza,Asia/Jerusalem,coordinate_polygon,high,,not_required,tzfpy-2026c,polygon lookup differs from existing Asia/Gaza
154005,Biddu,Jerusalem (Quds),PS,31.8344582,35.0744173,Asia/Gaza,Asia/Jerusalem,coordinate_polygon,high,,not_required,tzfpy-2026c,polygon lookup differs from existing Asia/Gaza
154006,Beit 'Anan,Jerusalem (Quds),PS,31.8510993,35.0911193,Asia/Gaza,Asia/Jerusalem,coordinate_polygon,high,,not_required,tzfpy-2026c,polygon lookup differs from existing Asia/Gaza
154007,Bir Nabala,Jerusalem (Quds),PS,31.8512163,35.1802353,Asia/Gaza,Asia/Jerusalem,coordinate_polygon,high,,not_required,tzfpy-2026c,polygon lookup differs from existing Asia/Gaza
154008,Hizma,Jerusalem (Quds),PS,31.8364954,35.2426313,Asia/Hebron,Asia/Jerusalem,coordinate_polygon,high,,not_required,tzfpy-2026c,polygon lookup differs from existing Asia/Hebron
154009,Kafr Aqab,Jerusalem (Quds),PS,31.8747227,35.21724,Asia/Hebron,Asia/Jerusalem,coordinate_polygon,high,,not_required,tzfpy-2026c,polygon lookup differs from existing Asia/Hebron
154010,Qatanna,Jerusalem (Quds),PS,31.8269573,35.0896003,Asia/Gaza,Asia/Jerusalem,coordinate_polygon,high,,not_required,tzfpy-2026c,polygon lookup differs from existing Asia/Gaza
154011,Qalandiya,Jerusalem (Quds),PS,31.8616313,35.1873143,Asia/Hebron,Asia/Jerusalem,coordinate_polygon,high,,not_required,tzfpy-2026c,polygon lookup differs from existing Asia/Hebron
154018,Nablus,Nablus,PS,32.2243755,35.2064793,Asia/Gaza,Asia/Jerusalem,coordinate_polygon,high,,not_required,tzfpy-2026c,polygon lookup differs from existing Asia/Gaza
154019,Aqraba,Nablus,PS,32.1276202,35.3221353,Asia/Hebron,Asia/Jerusalem,coordinate_polygon,high,,not_required,tzfpy-2026c,polygon lookup differs from existing Asia/Hebron
154020,Asira ash-Shamaliya,Nablus,PS,32.2518691,35.2475713,Asia/Gaza,Asia/Jerusalem,coordinate_polygon,high,,not_required,tzfpy-2026c,polygon lookup differs from existing Asia/Gaza
154021,Beita,Nablus,PS,32.1413742,35.2657993,Asia/Gaza,Asia/Jerusalem,coordinate_polygon,high,,not_required,tzfpy-2026c,polygon lookup differs from existing Asia/Gaza
154022,Huwara,Nablus,PS,32.1513472,35.2361993,Asia/Gaza,Asia/Jerusalem,coordinate_polygon,high,,not_required,tzfpy-2026c,polygon lookup differs from existing Asia/Gaza
154023,Jammain,Nablus,PS,32.1321142,35.1827423,Asia/Gaza,Asia/Jerusalem,coordinate_polygon,high,,not_required,tzfpy-2026c,polygon lookup differs from existing Asia/Gaza
154024,Qabalan,Nablus,PS,32.1018542,35.2671293,Asia/Hebron,Asia/Jerusalem,coordinate_polygon,high,,not_required,tzfpy-2026c,polygon lookup differs from existing Asia/Hebron
154025,Sebastia,Nablus,PS,32.2782751,35.1780333,Asia/Gaza,Asia/Jerusalem,coordinate_polygon,high,,not_required,tzfpy-2026c,polygon lookup differs from existing Asia/Gaza
154026,Beit Furik,Nablus,PS,32.1754902,35.3158843,Asia/Gaza,Asia/Jerusalem,coordinate_polygon,high,,not_required,tzfpy-2026c,polygon lookup differs from existing Asia/Gaza
154031,Azzun,Qalqilya,PS,32.1771352,35.0353573,Asia/Gaza,Asia/Jerusalem,coordinate_polygon,high,,not_required,tzfpy-2026c,polygon lookup differs from existing Asia/Gaza
154032,Hableh,Qalqilya,PS,32.1638782,34.9576803,Asia/Gaza,Asia/Jerusalem,coordinate_polygon,high,,not_required,tzfpy-2026c,polygon lookup differs from existing Asia/Gaza
154033,Qalqilya,Qalqilya,PS,32.1960491,34.9609133,Asia/Gaza,Asia/Jerusalem,coordinate_polygon,high,,not_required,tzfpy-2026c,polygon lookup differs from existing Asia/Gaza
154034,Kafr Thulth,Qalqilya,PS,32.1528332,35.0246903,Asia/Hebron,Asia/Jerusalem,coordinate_polygon,high,,not_required,tzfpy-2026c,polygon lookup differs from existing Asia/Hebron
154037,Al Qarya as Suwaydiya,Rafah,PS,31.3231655,34.2015753,Asia/Gaza,Africa/Cairo,coordinate_polygon,high,,not_required,tzfpy-2026c,polygon lookup differs from existing Asia/Gaza
154038,Rafah,Rafah,PS,31.2968145,34.2228823,Asia/Gaza,Africa/Cairo,coordinate_polygon,high,,not_required,tzfpy-2026c,polygon lookup differs from existing Asia/Gaza
154039,Shokat as-Sufi,Rafah,PS,31.2509125,34.2451672,Asia/Gaza,Africa/Cairo,coordinate_polygon,high,,not_required,tzfpy-2026c,polygon lookup differs from existing Asia/Gaza
154041,Ramallah,Ramallah,PS,31.9074171,35.164682,Asia/Hebron,Asia/Jerusalem,coordinate_polygon,high,,not_required,tzfpy-2026c,polygon lookup differs from existing Asia/Hebron
154042,Beitunia,Ramallah,PS,31.8893153,35.1492133,Asia/Hebron,Asia/Jerusalem,coordinate_polygon,high,,not_required,tzfpy-2026c,polygon lookup differs from existing Asia/Hebron
154043,Rawabi,Ramallah,PS,32.0102157,35.1712941,Asia/Gaza,Asia/Jerusalem,coordinate_polygon,high,,not_required,tzfpy-2026c,polygon lookup differs from existing Asia/Gaza
154044,Bani Zeid al-Sharqiya,Ramallah,PS,32.0407432,35.1532783,Asia/Gaza,Asia/Hebron,coordinate_polygon,high,,not_required,tzfpy-2026c,polygon lookup differs from existing Asia/Gaza
154045,Beit Liqya,Ramallah,PS,31.8699713,35.0446023,Asia/Gaza,Asia/Jerusalem,coordinate_polygon,high,,not_required,tzfpy-2026c,polygon lookup differs from existing Asia/Gaza
154046,Bir Zeit,Ramallah,PS,31.9753483,35.1754423,Asia/Hebron,Asia/Jerusalem,coordinate_polygon,high,,not_required,tzfpy-2026c,polygon lookup differs from existing Asia/Hebron
154047,Deir Dibwan,Ramallah,PS,31.9112393,35.2483883,Asia/Gaza,Asia/Jerusalem,coordinate_polygon,high,,not_required,tzfpy-2026c,polygon lookup differs from existing Asia/Gaza
154048,Deir Jarir,Ramallah,PS,31.9656463,35.2731763,Asia/Gaza,Asia/Jerusalem,coordinate_polygon,high,,not_required,tzfpy-2026c,polygon lookup differs from existing Asia/Gaza
154049,Kharbatha al-Misbah,Ramallah,PS,31.8853003,35.0514733,Asia/Hebron,Asia/Jerusalem,coordinate_polygon,high,,not_required,tzfpy-2026c,polygon lookup differs from existing Asia/Hebron
154050,al-Mazra'a ash-Sharqiya,Ramallah,PS,32.0032722,35.2555323,Asia/Gaza,Asia/Jerusalem,coordinate_polygon,high,,not_required,tzfpy-2026c,polygon lookup differs from existing Asia/Gaza
154051,Ni'lin,Ramallah,PS,31.9468773,35.0008613,Asia/Gaza,Asia/Jerusalem,coordinate_polygon,high,,not_required,tzfpy-2026c,polygon lookup differs from existing Asia/Gaza
154052,Silwad,Ramallah,PS,31.9794242,35.2412653,Asia/Gaza,Asia/Jerusalem,coordinate_polygon,high,,not_required,tzfpy-2026c,polygon lookup differs from existing Asia/Gaza
154053,Sinjil,Ramallah,PS,32.0336413,35.2433353,Asia/Gaza,Asia/Hebron,coordinate_polygon,high,,not_required,tzfpy-2026c,polygon lookup differs from existing Asia/Gaza
154054,Turmus Ayya,Ramallah,PS,32.0327602,35.2677753,Asia/Hebron,Asia/Jerusalem,coordinate_polygon,high,,not_required,tzfpy-2026c,polygon lookup differs from existing Asia/Hebron
154055,Biddya,Salfit,PS,32.1134002,35.0568653,Asia/Hebron,Asia/Jerusalem,coordinate_polygon,high,,not_required,tzfpy-2026c,polygon lookup differs from existing Asia/Hebron
154056,Bruqin,Salfit,PS,32.0726472,35.0778063,Asia/Hebron,Asia/Jerusalem,coordinate_polygon,high,,not_required,tzfpy-2026c,polygon lookup differs from existing Asia/Hebron
154057,Deir Ballut,Salfit,PS,32.0650672,35.0049493,Asia/Gaza,Asia/Jerusalem,coordinate_polygon,high,,not_required,tzfpy-2026c,polygon lookup differs from existing Asia/Gaza
154058,Deir Istiya,Salfit,PS,32.1307962,35.1195363,Asia/Gaza,Asia/Jerusalem,coordinate_polygon,high,,not_required,tzfpy-2026c,polygon lookup differs from existing Asia/Gaza
154059,Farkha,Salfit,PS,32.0687772,35.1302763,Asia/Gaza,Asia/Hebron,coordinate_polygon,high,,not_required,tzfpy-2026c,polygon lookup differs from existing Asia/Gaza
154060,Haris,Salfit,PS,32.1134492,35.1231163,Asia/Gaza,Asia/Jerusalem,coordinate_polygon,high,,not_required,tzfpy-2026c,polygon lookup differs from existing Asia/Gaza
154061,Iskaka,Salfit,PS,32.1029552,35.2039493,Asia/Gaza,Asia/Jerusalem,coordinate_polygon,high,,not_required,tzfpy-2026c,polygon lookup differs from existing Asia/Gaza
154062,Kafr ad-Dik,Salfit,PS,32.0686354,35.0605081,Asia/Hebron,Asia/Jerusalem,coordinate_polygon,high,,not_required,tzfpy-2026c,polygon lookup differs from existing Asia/Hebron
154063,Kifl Hares,Salfit,PS,32.1169242,35.1363643,Asia/Gaza,Asia/Jerusalem,coordinate_polygon,high,,not_required,tzfpy-2026c,polygon lookup differs from existing Asia/Gaza
154064,Marda,Salfit,PS,32.1142512,35.1752513,Asia/Gaza,Asia/Jerusalem,coordinate_polygon,high,,not_required,tzfpy-2026c,polygon lookup differs from existing Asia/Gaza
154065,Mas-ha,Salfit,PS,32.1072982,35.0303743,Asia/Gaza,Asia/Jerusalem,coordinate_polygon,high,,not_required,tzfpy-2026c,polygon lookup differs from existing Asia/Gaza
154066,Qarawat Bani Hassan,Salfit,PS,32.1285392,35.0787783,Asia/Gaza,Asia/Jerusalem,coordinate_polygon,high,,not_required,tzfpy-2026c,polygon lookup differs from existing Asia/Gaza
154067,Qira,Salfit,PS,32.1221342,35.1506323,Asia/Hebron,Asia/Jerusalem,coordinate_polygon,high,,not_required,tzfpy-2026c,polygon lookup differs from existing Asia/Hebron
154068,Rafat,Salfit,PS,32.0787202,35.0246873,Asia/Hebron,Asia/Jerusalem,coordinate_polygon,high,,not_required,tzfpy-2026c,polygon lookup differs from existing Asia/Hebron
154069,Sarta,Salfit,PS,32.1033692,35.0712383,Asia/Gaza,Asia/Jerusalem,coordinate_polygon,high,,not_required,tzfpy-2026c,polygon lookup differs from existing Asia/Gaza
154070,Yasuf,Salfit,PS,32.1094052,35.2191153,Asia/Gaza,Asia/Jerusalem,coordinate_polygon,high,,not_required,tzfpy-2026c,polygon lookup differs from existing Asia/Gaza
154071,az-Zawiya,Salfit,PS,32.0947052,35.0186763,Asia/Gaza,Asia/Jerusalem,coordinate_polygon,high,,not_required,tzfpy-2026c,polygon lookup differs from existing Asia/Gaza
154072,Tubas,Tubas,PS,32.3211201,35.3493533,Asia/Gaza,Asia/Hebron,coordinate_polygon,high,,not_required,tzfpy-2026c,polygon lookup differs from existing Asia/Gaza
154074,Tammun,Tubas,PS,32.2831551,35.3651893,Asia/Gaza,Asia/Hebron,coordinate_polygon,high,,not_required,tzfpy-2026c,polygon lookup differs from existing Asia/Gaza
154075,Anabta,Tulkarm,PS,32.3072871,35.0988783,Asia/Gaza,Asia/Hebron,coordinate_polygon,high,,not_required,tzfpy-2026c,polygon lookup differs from existing Asia/Gaza
154076,Attil,Tulkarm,PS,32.3701031,35.0519383,Asia/Hebron,Asia/Jerusalem,coordinate_polygon,high,,not_required,tzfpy-2026c,polygon lookup differs from existing Asia/Hebron
154077,Bal'a,Tulkarm,PS,32.3325561,35.0893533,Asia/Gaza,Asia/Jerusalem,coordinate_polygon,high,,not_required,tzfpy-2026c,polygon lookup differs from existing Asia/Gaza
154078,Baqa ash-Sharqiyya,Tulkarm,PS,32.4111751,35.0505933,Asia/Gaza,Asia/Jerusalem,coordinate_polygon,high,,not_required,tzfpy-2026c,polygon lookup differs from existing Asia/Gaza
154079,Beit Lid,Tulkarm,PS,32.2615821,35.1096803,Asia/Hebron,Asia/Jerusalem,coordinate_polygon,high,,not_required,tzfpy-2026c,polygon lookup differs from existing Asia/Hebron
154080,Qaffin,Tulkarm,PS,32.433412,35.0637003,Asia/Gaza,Asia/Jerusalem,coordinate_polygon,high,,not_required,tzfpy-2026c,polygon lookup differs from existing Asia/Gaza
154081,Tulkarm,Tulkarm,PS,32.3079648,35.0080289,Asia/Gaza,Asia/Jerusalem,coordinate_polygon,high,,not_required,tzfpy-2026c,polygon lookup differs from existing Asia/Gaza
154255,Lesbos,East Attica,GR,39.1710726,25.0409859,Europe/Athens,Etc/GMT-2,coordinate_polygon,high,,not_required,tzfpy-2026c,polygon lookup differs from existing Europe/Athens
154256,Samos,East Attica,GR,37.7135674,25.6351504,Europe/Athens,Etc/GMT-2,coordinate_polygon,high,,not_required,tzfpy-2026c,polygon lookup differs from existing Europe/Athens
154311,Adolfo Alsina,Buenos Aires,AR,-37.1605478,-64.2250602,America/Argentina/Buenos_Aires,America/Argentina/Salta,coordinate_polygon,high,,not_required,tzfpy-2026c,polygon lookup differs from existing America/Argentina/Buenos_Aires
154338,Colón,Buenos Aires,AR,-33.8522587,-61.401244,America/Argentina/Buenos_Aires,America/Argentina/Cordoba,coordinate_polygon,high,,not_required,tzfpy-2026c,polygon lookup differs from existing America/Argentina/Buenos_Aires
154354,General Arenales,Buenos Aires,AR,-34.2381035,-61.6125825,America/Argentina/Buenos_Aires,America/Argentina/Cordoba,coordinate_polygon,high,,not_required,tzfpy-2026c,polygon lookup differs from existing America/Argentina/Buenos_Aires
154367,General Villegas,Buenos Aires,AR,-34.8736,-63.4865642,America/Argentina/Buenos_Aires,America/Argentina/Cordoba,coordinate_polygon,high,,not_required,tzfpy-2026c,polygon lookup differs from existing America/Argentina/Buenos_Aires
154402,Patagones,Buenos Aires,AR,-40.1728844,-64.0956983,America/Argentina/Buenos_Aires,America/Argentina/Salta,coordinate_polygon,high,,not_required,tzfpy-2026c,polygon lookup differs from existing America/Argentina/Buenos_Aires
154404,Pellegrini,Buenos Aires,AR,-36.2427017,-63.821827,America/Argentina/Buenos_Aires,America/Argentina/Salta,coordinate_polygon,high,,not_required,tzfpy-2026c,polygon lookup differs from existing America/Argentina/Buenos_Aires
154405,Pergamino,Buenos Aires,AR,-33.855558,-61.2002695,America/Argentina/Buenos_Aires,America/Argentina/Cordoba,coordinate_polygon,high,,not_required,tzfpy-2026c,polygon lookup differs from existing America/Argentina/Buenos_Aires
154410,Puan,Buenos Aires,AR,-38.0918902,-64.3030799,America/Argentina/Buenos_Aires,America/Argentina/Salta,coordinate_polygon,high,,not_required,tzfpy-2026c,polygon lookup differs from existing America/Argentina/Buenos_Aires
154415,Rivadavia,Buenos Aires,AR,-35.5778259,-63.6643628,America/Argentina/Buenos_Aires,America/Argentina/Salta,coordinate_polygon,high,,not_required,tzfpy-2026c,polygon lookup differs from existing America/Argentina/Buenos_Aires
154428,San Nicolás,Buenos Aires,AR,-33.4715508,-60.638866,America/Argentina/Buenos_Aires,America/Argentina/Cordoba,coordinate_polygon,high,,not_required,tzfpy-2026c,polygon lookup differs from existing America/Argentina/Buenos_Aires
154444,Villarino,Buenos Aires,AR,-39.1425417,-64.0161989,America/Argentina/Buenos_Aires,America/Argentina/Salta,coordinate_polygon,high,,not_required,tzfpy-2026c,polygon lookup differs from existing America/Argentina/Buenos_Aires
154446,Hoàn Kiếm,Hà Nội,VN,21.0304457,105.8335861,Asia/Ho_Chi_Minh,Asia/Bangkok,coordinate_polygon,high,,not_required,tzfpy-2026c,polygon lookup differs from existing Asia/Ho_Chi_Minh
154447,Hoàng Mai,Hà Nội,VN,20.9740471,105.817047,Asia/Ho_Chi_Minh,Asia/Bangkok,coordinate_polygon,high,,not_required,tzfpy-2026c,polygon lookup differs from existing Asia/Ho_Chi_Minh
154448,Long Biên,Hà Nội,VN,21.0380317,105.8490984,Asia/Ho_Chi_Minh,Asia/Bangkok,coordinate_polygon,high,,not_required,tzfpy-2026c,polygon lookup differs from existing Asia/Ho_Chi_Minh
154449,Nam Từ Liêm,Hà Nội,VN,21.0178909,105.7210868,Asia/Ho_Chi_Minh,Asia/Bangkok,coordinate_polygon,high,,not_required,tzfpy-2026c,polygon lookup differs from existing Asia/Ho_Chi_Minh
154450,Tây Hồ,Hà Nội,VN,21.0688219,105.7792043,Asia/Ho_Chi_Minh,Asia/Bangkok,coordinate_polygon,high,,not_required,tzfpy-2026c,polygon lookup differs from existing Asia/Ho_Chi_Minh
154451,Thanh Xuân,Hà Nội,VN,20.9948255,105.7969604,Asia/Ho_Chi_Minh,Asia/Bangkok,coordinate_polygon,high,,not_required,tzfpy-2026c,polygon lookup differs from existing Asia/Ho_Chi_Minh
154452,Sơn Tây,Hà Nội,VN,21.0968334,105.3938595,Asia/Ho_Chi_Minh,Asia/Bangkok,coordinate_polygon,high,,not_required,tzfpy-2026c,polygon lookup differs from existing Asia/Ho_Chi_Minh
154453,Ba Vì,Hà Nội,VN,21.1559059,105.2146361,Asia/Ho_Chi_Minh,Asia/Bangkok,coordinate_polygon,high,,not_required,tzfpy-2026c,polygon lookup differs from existing Asia/Ho_Chi_Minh
154454,Chương Mỹ,Hà Nội,VN,20.8786344,105.5731324,Asia/Ho_Chi_Minh,Asia/Bangkok,coordinate_polygon,high,,not_required,tzfpy-2026c,polygon lookup differs from existing Asia/Ho_Chi_Minh
154455,Đan Phượng,Hà Nội,VN,21.1207337,105.5991076,Asia/Ho_Chi_Minh,Asia/Bangkok,coordinate_polygon,high,,not_required,tzfpy-2026c,polygon lookup differs from existing Asia/Ho_Chi_Minh
154456,Đông Anh,Hà Nội,VN,21.1368331,105.7475324,Asia/Ho_Chi_Minh,Asia/Bangkok,coordinate_polygon,high,,not_required,tzfpy-2026c,polygon lookup differs from existing Asia/Ho_Chi_Minh
154457,Gia Lâm,Hà Nội,VN,21.0240579,105.7853473,Asia/Ho_Chi_Minh,Asia/Bangkok,coordinate_polygon,high,,not_required,tzfpy-2026c,polygon lookup differs from existing Asia/Ho_Chi_Minh
154458,Hoài Đức,Hà Nội,VN,21.0230026,105.6121945,Asia/Ho_Chi_Minh,Asia/Bangkok,coordinate_polygon,high,,not_required,tzfpy-2026c,polygon lookup differs from existing Asia/Ho_Chi_Minh
154459,Mê Linh,Hà Nội,VN,21.1807846,105.6211298,Asia/Ho_Chi_Minh,Asia/Bangkok,coordinate_polygon,high,,not_required,tzfpy-2026c,polygon lookup differs from existing Asia/Ho_Chi_Minh
154460,Mỹ Đức,Hà Nội,VN,20.6974544,105.5658285,Asia/Ho_Chi_Minh,Asia/Bangkok,coordinate_polygon,high,,not_required,tzfpy-2026c,polygon lookup differs from existing Asia/Ho_Chi_Minh
154461,Phú Xuyên,Hà Nội,VN,20.7290054,105.8149112,Asia/Ho_Chi_Minh,Asia/Bangkok,coordinate_polygon,high,,not_required,tzfpy-2026c,polygon lookup differs from existing Asia/Ho_Chi_Minh
154462,Phúc Thọ,Hà Nội,VN,21.109931,105.5005913,Asia/Ho_Chi_Minh,Asia/Bangkok,coordinate_polygon,high,,not_required,tzfpy-2026c,polygon lookup differs from existing Asia/Ho_Chi_Minh
154463,Quốc Oai,Hà Nội,VN,20.978456,105.4380093,Asia/Ho_Chi_Minh,Asia/Bangkok,coordinate_polygon,high,,not_required,tzfpy-2026c,polygon lookup differs from existing Asia/Ho_Chi_Minh
154464,Sóc Sơn,Hà Nội,VN,21.2813931,105.6661888,Asia/Ho_Chi_Minh,Asia/Bangkok,coordinate_polygon,high,,not_required,tzfpy-2026c,polygon lookup differs from existing Asia/Ho_Chi_Minh
154465,Thạch Thất,Hà Nội,VN,21.0240883,105.351025,Asia/Ho_Chi_Minh,Asia/Bangkok,coordinate_polygon,high,,not_required,tzfpy-2026c,polygon lookup differs from existing Asia/Ho_Chi_Minh
154466,Thanh Oai,Hà Nội,VN,20.860027,105.7015836,Asia/Ho_Chi_Minh,Asia/Bangkok,coordinate_polygon,high,,not_required,tzfpy-2026c,polygon lookup differs from existing Asia/Ho_Chi_Minh
154467,Thanh Trì,Hà Nội,VN,20.9417602,105.7682179,Asia/Ho_Chi_Minh,Asia/Bangkok,coordinate_polygon,high,,not_required,tzfpy-2026c,polygon lookup differs from existing Asia/Ho_Chi_Minh
154468,Thường Tín,Hà Nội,VN,20.8322342,105.7919213,Asia/Ho_Chi_Minh,Asia/Bangkok,coordinate_polygon,high,,not_required,tzfpy-2026c,polygon lookup differs from existing Asia/Ho_Chi_Minh
154469,Ứng Hòa,Hà Nội,VN,20.7109791,105.6364852,Asia/Ho_Chi_Minh,Asia/Bangkok,coordinate_polygon,high,,not_required,tzfpy-2026c,polygon lookup differs from existing Asia/Ho_Chi_Minh
154755,Kalayaan,Palawan,PH,8.9984189,112.5987929,Asia/Manila,Asia/Ho_Chi_Minh,coordinate_polygon,high,,not_required,tzfpy-2026c,polygon lookup differs from existing Asia/Manila
154867,Raivavae,Austral Islands,PF,-23.8694633,-147.7324472,Pacific/Gambier,Pacific/Tahiti,coordinate_polygon,high,,not_required,tzfpy-2026c,polygon lookup differs from existing Pacific/Gambier
154868,Rapa,Austral Islands,PF,-27.6082239,-144.3842777,Pacific/Gambier,Pacific/Tahiti,coordinate_polygon,high,,not_required,tzfpy-2026c,polygon lookup differs from existing Pacific/Gambier
154869,Rimatara,Austral Islands,PF,-22.6438254,-152.8312052,Pacific/Gambier,Pacific/Tahiti,coordinate_polygon,high,,not_required,tzfpy-2026c,polygon lookup differs from existing Pacific/Gambier
154870,Rurutu,Austral Islands,PF,-22.4695869,-151.3911371,Pacific/Gambier,Pacific/Tahiti,coordinate_polygon,high,,not_required,tzfpy-2026c,polygon lookup differs from existing Pacific/Gambier
154871,Tubuai,Austral Islands,PF,-23.3685043,-149.5449648,Pacific/Gambier,Pacific/Tahiti,coordinate_polygon,high,,not_required,tzfpy-2026c,polygon lookup differs from existing Pacific/Gambier
154872,Bora-Bora,Leeward Islands,PF,-16.3916925,-151.9300335,Pacific/Gambier,Pacific/Tahiti,coordinate_polygon,high,,not_required,tzfpy-2026c,polygon lookup differs from existing Pacific/Gambier
154873,Huahine,Leeward Islands,PF,-16.7521233,-151.078895,Pacific/Gambier,Pacific/Tahiti,coordinate_polygon,high,,not_required,tzfpy-2026c,polygon lookup differs from existing Pacific/Gambier
154874,Maupiti,Leeward Islands,PF,-16.3143849,-154.7990863,Pacific/Gambier,Pacific/Tahiti,coordinate_polygon,high,,not_required,tzfpy-2026c,polygon lookup differs from existing Pacific/Gambier
154875,Tahaa,Leeward Islands,PF,-16.6195712,-151.5721539,Pacific/Gambier,Pacific/Tahiti,coordinate_polygon,high,,not_required,tzfpy-2026c,polygon lookup differs from existing Pacific/Gambier
154877,Tumaraa,Leeward Islands,PF,-16.8298533,-151.5338184,Pacific/Gambier,Pacific/Tahiti,coordinate_polygon,high,,not_required,tzfpy-2026c,polygon lookup differs from existing Pacific/Gambier
154878,Uturoa,Leeward Islands,PF,-16.7385829,-151.4954902,Pacific/Gambier,Pacific/Tahiti,coordinate_polygon,high,,not_required,tzfpy-2026c,polygon lookup differs from existing Pacific/Gambier
154881,Nuku-Hiva,Marquesas Islands,PF,-8.4103001,-141.0232711,Pacific/Gambier,Etc/GMT+9,coordinate_polygon,high,,not_required,tzfpy-2026c,polygon lookup differs from existing Pacific/Gambier
154885,Anaa,Tuamotu-Gambier,PF,-17.4119439,-145.6628499,Pacific/Gambier,Pacific/Tahiti,coordinate_polygon,high,,not_required,tzfpy-2026c,polygon lookup differs from existing Pacific/Gambier
154886,Arutua,Tuamotu-Gambier,PF,-15.3120334,-146.9126285,Pacific/Gambier,Pacific/Tahiti,coordinate_polygon,high,,not_required,tzfpy-2026c,polygon lookup differs from existing Pacific/Gambier
154887,Fakarava,Tuamotu-Gambier,PF,-16.2984516,-145.9221889,Pacific/Gambier,Pacific/Tahiti,coordinate_polygon,high,,not_required,tzfpy-2026c,polygon lookup differs from existing Pacific/Gambier
154888,Fangatau,Tuamotu-Gambier,PF,-15.8209788,-140.908106,Pacific/Gambier,Pacific/Tahiti,coordinate_polygon,high,,not_required,tzfpy-2026c,polygon lookup differs from existing Pacific/Gambier
154890,Hao,Tuamotu-Gambier,PF,-18.7453293,-145.3338385,Pacific/Gambier,Etc/GMT+10,coordinate_polygon,high,,not_required,tzfpy-2026c,polygon lookup differs from existing Pacific/Gambier
154891,Hikueru,Tuamotu-Gambier,PF,-17.5876748,-142.6912059,Pacific/Gambier,Pacific/Tahiti,coordinate_polygon,high,,not_required,tzfpy-2026c,polygon lookup differs from existing Pacific/Gambier
154892,Makemo,Tuamotu-Gambier,PF,-16.5933442,-144.0175628,Pacific/Gambier,Pacific/Tahiti,coordinate_polygon,high,,not_required,tzfpy-2026c,polygon lookup differs from existing Pacific/Gambier
154893,Manihi,Tuamotu-Gambier,PF,-14.3975781,-146.1221707,Pacific/Gambier,Pacific/Tahiti,coordinate_polygon,high,,not_required,tzfpy-2026c,polygon lookup differs from existing Pacific/Gambier
154894,Napuka,Tuamotu-Gambier,PF,-14.1734231,-141.3067669,Pacific/Gambier,Pacific/Tahiti,coordinate_polygon,high,,not_required,tzfpy-2026c,polygon lookup differs from existing Pacific/Gambier
154895,Nukutavake,Tuamotu-Gambier,PF,-18.9780866,-139.2928452,Pacific/Gambier,Etc/GMT+9,coordinate_polygon,high,,not_required,tzfpy-2026c,polygon lookup differs from existing Pacific/Gambier
154896,Puka-Puka,Tuamotu-Gambier,PF,-14.8190251,-138.8610087,Pacific/Gambier,Pacific/Tahiti,coordinate_polygon,high,,not_required,tzfpy-2026c,polygon lookup differs from existing Pacific/Gambier
154897,Rangiroa,Tuamotu-Gambier,PF,-15.1228292,-147.9114015,Pacific/Gambier,Pacific/Tahiti,coordinate_polygon,high,,not_required,tzfpy-2026c,polygon lookup differs from existing Pacific/Gambier
154899,Takaroa,Tuamotu-Gambier,PF,-14.6726394,-145.2268041,Pacific/Gambier,Pacific/Tahiti,coordinate_polygon,high,,not_required,tzfpy-2026c,polygon lookup differs from existing Pacific/Gambier
154900,Tatakoto,Tuamotu-Gambier,PF,-17.3417316,-138.4758463,Pacific/Gambier,Pacific/Tahiti,coordinate_polygon,high,,not_required,tzfpy-2026c,polygon lookup differs from existing Pacific/Gambier
154901,Tureia,Tuamotu-Gambier,PF,-20.8280318,-138.581639,Pacific/Gambier,Pacific/Tahiti,coordinate_polygon,high,,not_required,tzfpy-2026c,polygon lookup differs from existing Pacific/Gambier
154902,Arue,Windward Islands,PF,-17.2773894,-149.8719943,Pacific/Gambier,Etc/GMT+10,coordinate_polygon,high,,not_required,tzfpy-2026c,polygon lookup differs from existing Pacific/Gambier
154903,Faaa,Windward Islands,PF,-17.5839194,-149.6460926,Pacific/Gambier,Pacific/Tahiti,coordinate_polygon,high,,not_required,tzfpy-2026c,polygon lookup differs from existing Pacific/Gambier
154904,Hitiaa O Te Ra,Windward Islands,PF,-17.5914258,-149.4732481,Pacific/Gambier,Pacific/Tahiti,coordinate_polygon,high,,not_required,tzfpy-2026c,polygon lookup differs from existing Pacific/Gambier
154905,Mahina,Windward Islands,PF,-17.5574742,-149.5164782,Pacific/Gambier,Pacific/Tahiti,coordinate_polygon,high,,not_required,tzfpy-2026c,polygon lookup differs from existing Pacific/Gambier
154906,Moorea-Maiao,Windward Islands,PF,-17.5756653,-150.8618877,Pacific/Gambier,Etc/GMT+10,coordinate_polygon,high,,not_required,tzfpy-2026c,polygon lookup differs from existing Pacific/Gambier
154907,Paea,Windward Islands,PF,-17.6961698,-149.5896966,Pacific/Gambier,Pacific/Tahiti,coordinate_polygon,high,,not_required,tzfpy-2026c,polygon lookup differs from existing Pacific/Gambier
154908,Papara,Windward Islands,PF,-17.7118763,-149.5904295,Pacific/Gambier,Pacific/Tahiti,coordinate_polygon,high,,not_required,tzfpy-2026c,polygon lookup differs from existing Pacific/Gambier
154911,Punaauia,Windward Islands,PF,-17.6179696,-149.6310224,Pacific/Gambier,Pacific/Tahiti,coordinate_polygon,high,,not_required,tzfpy-2026c,polygon lookup differs from existing Pacific/Gambier
154912,Taiarapu-Est,Windward Islands,PF,-17.7555128,-149.3953396,Pacific/Gambier,Pacific/Tahiti,coordinate_polygon,high,,not_required,tzfpy-2026c,polygon lookup differs from existing Pacific/Gambier
154913,Taiarapu-Ouest,Windward Islands,PF,-17.8100452,-149.3270052,Pacific/Gambier,Pacific/Tahiti,coordinate_polygon,high,,not_required,tzfpy-2026c,polygon lookup differs from existing Pacific/Gambier
154914,Teva I Uta,Windward Islands,PF,-17.7225008,-149.4819615,Pacific/Gambier,Pacific/Tahiti,coordinate_polygon,high,,not_required,tzfpy-2026c,polygon lookup differs from existing Pacific/Gambier
154931,Qaanaaq,Avannaata,GL,77.4674009,-69.2483711,America/Danmarkshavn,America/Thule,coordinate_polygon,high,,not_required,tzfpy-2026c,polygon lookup differs from existing America/Danmarkshavn
154944,Ittoqqortoormiit,Sermersooq,GL,70.4863421,-21.979866,America/Nuuk,America/Scoresbysund,coordinate_polygon,high,,not_required,tzfpy-2026c,polygon lookup differs from existing America/Nuuk
155085,Šid,Srem,RS,45.1496922,19.1284499,Europe/Belgrade,Europe/Zagreb,coordinate_polygon,high,,not_required,tzfpy-2026c,polygon lookup differs from existing Europe/Belgrade
157016,Ulaanbaatar,Ulaanbaatar,MN,47.8915317,106.7367222,Asia/Choibalsan,Asia/Ulaanbaatar,coordinate_polygon,high,,not_required,tzfpy-2026c,polygon lookup differs from existing Asia/Choibalsan
157027,Habona,Najran,SA,17.36667,45.21667,Asia/Riyadh,Asia/Aden,coordinate_polygon,high,,not_required,tzfpy-2026c,polygon lookup differs from existing Asia/Riyadh
157028,Thar,Najran,SA,17.42083,44.83111,Asia/Riyadh,Asia/Aden,coordinate_polygon,high,,not_required,tzfpy-2026c,polygon lookup differs from existing Asia/Riyadh
157029,Yadamah,Najran,SA,17.36528,44.32639,Asia/Riyadh,Asia/Aden,coordinate_polygon,high,,not_required,tzfpy-2026c,polygon lookup differs from existing Asia/Riyadh
157053,Malësi e Madhe,Shkodër,AL,42.3901631,19.1991842,Europe/Tirane,Europe/Podgorica,coordinate_polygon,high,,not_required,tzfpy-2026c,polygon lookup differs from existing Europe/Tirane
157515,Lungchuan,Guangdong,CN,0,0,Asia/Shanghai,Etc/GMT,coordinate_polygon,high,,not_required,tzfpy-2026c,polygon lookup differs from existing Asia/Shanghai
157533,Dongbu,Guangdong,CN,0,0,Asia/Shanghai,Etc/GMT,coordinate_polygon,high,,not_required,tzfpy-2026c,polygon lookup differs from existing Asia/Shanghai
157656,Chengqu,Hainan,CN,0,0,Asia/Shanghai,Etc/GMT,coordinate_polygon,high,,not_required,tzfpy-2026c,polygon lookup differs from existing Asia/Shanghai
157658,Directly,Hainan,CN,0,0,Asia/Shanghai,Etc/GMT,coordinate_polygon,high,,not_required,tzfpy-2026c,polygon lookup differs from existing Asia/Shanghai
157823,Daicheng,Hebei,CN,0,0,Asia/Shanghai,Etc/GMT,coordinate_polygon,high,,not_required,tzfpy-2026c,polygon lookup differs from existing Asia/Shanghai
157850,Binxian,Heilongjiang,CN,0,0,Asia/Shanghai,Etc/GMT,coordinate_polygon,high,,not_required,tzfpy-2026c,polygon lookup differs from existing Asia/Shanghai
157906,Durbote,Heilongjiang,CN,0,0,Asia/Shanghai,Etc/GMT,coordinate_polygon,high,,not_required,tzfpy-2026c,polygon lookup differs from existing Asia/Shanghai
157958,Jiagedaqi,Heilongjiang,CN,0,0,Asia/Shanghai,Etc/GMT,coordinate_polygon,high,,not_required,tzfpy-2026c,polygon lookup differs from existing Asia/Shanghai
157959,Songling,Heilongjiang,CN,0,0,Asia/Shanghai,Etc/GMT,coordinate_polygon,high,,not_required,tzfpy-2026c,polygon lookup differs from existing Asia/Shanghai
157960,Xinlin,Heilongjiang,CN,0,0,Asia/Shanghai,Etc/GMT,coordinate_polygon,high,,not_required,tzfpy-2026c,polygon lookup differs from existing Asia/Shanghai
157961,Huzhong,Heilongjiang,CN,0,0,Asia/Shanghai,Etc/GMT,coordinate_polygon,high,,not_required,tzfpy-2026c,polygon lookup differs from existing Asia/Shanghai
158123,Directly,Henan,CN,0,0,Asia/Shanghai,Etc/GMT,coordinate_polygon,high,,not_required,tzfpy-2026c,polygon lookup differs from existing Asia/Shanghai
158214,Suixian,Hubei,CN,0,0,Asia/Shanghai,Etc/GMT,coordinate_polygon,high,,not_required,tzfpy-2026c,polygon lookup differs from existing Asia/Shanghai
158224,Directly,Hubei,CN,0,0,Asia/Shanghai,Etc/GMT,coordinate_polygon,high,,not_required,tzfpy-2026c,polygon lookup differs from existing Asia/Shanghai
158228,Shennongjia Forestry,Hubei,CN,0,0,Asia/Shanghai,Etc/GMT,coordinate_polygon,high,,not_required,tzfpy-2026c,polygon lookup differs from existing Asia/Shanghai
158301,Nanxian,Hunan,CN,0,0,Asia/Shanghai,Etc/GMT,coordinate_polygon,high,,not_required,tzfpy-2026c,polygon lookup differs from existing Asia/Shanghai
158320,Daoxian,Hunan,CN,0,0,Asia/Shanghai,Etc/GMT,coordinate_polygon,high,,not_required,tzfpy-2026c,polygon lookup differs from existing Asia/Shanghai
158594,Qianguorluosi,Jilin,CN,0,0,Asia/Shanghai,Etc/GMT,coordinate_polygon,high,,not_required,tzfpy-2026c,polygon lookup differs from existing Asia/Shanghai
158751,Chengduo,Qinghai,CN,0,0,Asia/Shanghai,Etc/GMT,coordinate_polygon,high,,not_required,tzfpy-2026c,polygon lookup differs from existing Asia/Shanghai
159154,Dongqu,Sichuan,CN,0,0,Asia/Shanghai,Etc/GMT,coordinate_polygon,high,,not_required,tzfpy-2026c,polygon lookup differs from existing Asia/Shanghai
159801,Simong,Tibet,CN,0,0,Asia/Shanghai,Etc/GMT,coordinate_polygon,high,,not_required,tzfpy-2026c,polygon lookup differs from existing Asia/Shanghai
159820,Sogxian,Tibet,CN,0,0,Asia/Shanghai,Etc/GMT,coordinate_polygon,high,,not_required,tzfpy-2026c,polygon lookup differs from existing Asia/Shanghai
159856,Tianshan,Xinjiang,CN,43.7924631,87.6301682,Asia/Shanghai,Asia/Urumqi,coordinate_polygon,high,,not_required,tzfpy-2026c,polygon lookup differs from existing Asia/Shanghai
159857,Saybag,Xinjiang,CN,39.3519873,75.8249005,Asia/Shanghai,Asia/Urumqi,coordinate_polygon,high,,not_required,tzfpy-2026c,polygon lookup differs from existing Asia/Shanghai
159858,Xinshi,Xinjiang,CN,43.9303857,87.5222953,Asia/Shanghai,Asia/Urumqi,coordinate_polygon,high,,not_required,tzfpy-2026c,polygon lookup differs from existing Asia/Shanghai
159859,Shuimogou,Xinjiang,CN,43.8293237,87.7674515,Asia/Shanghai,Asia/Urumqi,coordinate_polygon,high,,not_required,tzfpy-2026c,polygon lookup differs from existing Asia/Shanghai
159860,Toutunhe,Xinjiang,CN,43.9205532,87.3609531,Asia/Shanghai,Asia/Urumqi,coordinate_polygon,high,,not_required,tzfpy-2026c,polygon lookup differs from existing Asia/Shanghai
159861,Dabancheng,Xinjiang,CN,43.559774,88.399713,Asia/Shanghai,Asia/Urumqi,coordinate_polygon,high,,not_required,tzfpy-2026c,polygon lookup differs from existing Asia/Shanghai
159862,Midong,Xinjiang,CN,44.4199514,87.7395034,Asia/Shanghai,Asia/Urumqi,coordinate_polygon,high,,not_required,tzfpy-2026c,polygon lookup differs from existing Asia/Shanghai
159864,Dushanzi,Xinjiang,CN,44.3278229,84.8843967,Asia/Shanghai,Asia/Urumqi,coordinate_polygon,high,,not_required,tzfpy-2026c,polygon lookup differs from existing Asia/Shanghai
159866,Baijiantan,Xinjiang,CN,45.634206,85.260773,Asia/Shanghai,Asia/Urumqi,coordinate_polygon,high,,not_required,tzfpy-2026c,polygon lookup differs from existing Asia/Shanghai
159867,Orku,Xinjiang,CN,45.976924,85.57663,Asia/Shanghai,Asia/Urumqi,coordinate_polygon,high,,not_required,tzfpy-2026c,polygon lookup differs from existing Asia/Shanghai
159868,Gaochang,Xinjiang,CN,42.9409742,89.1829954,Asia/Shanghai,Asia/Urumqi,coordinate_polygon,high,,not_required,tzfpy-2026c,polygon lookup differs from existing Asia/Shanghai
159869,Shanshan,Xinjiang,CN,42.291403,90.642302,Asia/Shanghai,Asia/Urumqi,coordinate_polygon,high,,not_required,tzfpy-2026c,polygon lookup differs from existing Asia/Shanghai
159870,Toksun,Xinjiang,CN,42.427899,88.448316,Asia/Shanghai,Asia/Urumqi,coordinate_polygon,high,,not_required,tzfpy-2026c,polygon lookup differs from existing Asia/Shanghai
159871,Yizhou,Xinjiang,CN,42.8254995,93.5130464,Asia/Shanghai,Asia/Urumqi,coordinate_polygon,high,,not_required,tzfpy-2026c,polygon lookup differs from existing Asia/Shanghai
159872,Barkol,Xinjiang,CN,44.2774955,92.8274089,Asia/Shanghai,Asia/Urumqi,coordinate_polygon,high,,not_required,tzfpy-2026c,polygon lookup differs from existing Asia/Shanghai
159873,Yiwu,Xinjiang,CN,43.6273426,94.8774974,Asia/Shanghai,Asia/Urumqi,coordinate_polygon,high,,not_required,tzfpy-2026c,polygon lookup differs from existing Asia/Shanghai
159875,Fukang,Xinjiang,CN,44.504341,88.275146,Asia/Shanghai,Asia/Urumqi,coordinate_polygon,high,,not_required,tzfpy-2026c,polygon lookup differs from existing Asia/Shanghai
159876,Hutubi,Xinjiang,CN,44.3646574,86.779052,Asia/Shanghai,Asia/Urumqi,coordinate_polygon,high,,not_required,tzfpy-2026c,polygon lookup differs from existing Asia/Shanghai
159877,Manas,Xinjiang,CN,44.3813954,86.3171176,Asia/Shanghai,Asia/Urumqi,coordinate_polygon,high,,not_required,tzfpy-2026c,polygon lookup differs from existing Asia/Shanghai
159878,Qitai,Xinjiang,CN,44.4254459,89.8779149,Asia/Shanghai,Asia/Urumqi,coordinate_polygon,high,,not_required,tzfpy-2026c,polygon lookup differs from existing Asia/Shanghai
159879,Jimsar,Xinjiang,CN,44.294504,89.029684,Asia/Shanghai,Asia/Urumqi,coordinate_polygon,high,,not_required,tzfpy-2026c,polygon lookup differs from existing Asia/Shanghai
159880,Mori,Xinjiang,CN,43.9852673,90.7796352,Asia/Shanghai,Asia/Urumqi,coordinate_polygon,high,,not_required,tzfpy-2026c,polygon lookup differs from existing Asia/Shanghai
159881,Bortala,Xinjiang,CN,44.904806,82.0629703,Asia/Shanghai,Asia/Urumqi,coordinate_polygon,high,,not_required,tzfpy-2026c,polygon lookup differs from existing Asia/Shanghai
159882,Bole,Xinjiang,CN,44.904806,82.0629703,Asia/Shanghai,Asia/Urumqi,coordinate_polygon,high,,not_required,tzfpy-2026c,polygon lookup differs from existing Asia/Shanghai
159883,Alashankou,Xinjiang,CN,45.1707258,82.5669384,Asia/Shanghai,Asia/Urumqi,coordinate_polygon,high,,not_required,tzfpy-2026c,polygon lookup differs from existing Asia/Shanghai
159884,Jinghe,Xinjiang,CN,44.5803733,82.9829879,Asia/Shanghai,Asia/Urumqi,coordinate_polygon,high,,not_required,tzfpy-2026c,polygon lookup differs from existing Asia/Shanghai
159885,Wenquan,Xinjiang,CN,44.9736609,80.8916497,Asia/Shanghai,Asia/Urumqi,coordinate_polygon,high,,not_required,tzfpy-2026c,polygon lookup differs from existing Asia/Shanghai
159886,Korla,Xinjiang,CN,41.673238,85.716234,Asia/Shanghai,Asia/Urumqi,coordinate_polygon,high,,not_required,tzfpy-2026c,polygon lookup differs from existing Asia/Shanghai
159887,Luntai,Xinjiang,CN,41.7680825,84.6148344,Asia/Shanghai,Asia/Urumqi,coordinate_polygon,high,,not_required,tzfpy-2026c,polygon lookup differs from existing Asia/Shanghai
159888,Yuli,Xinjiang,CN,40.8045418,86.3711345,Asia/Shanghai,Asia/Urumqi,coordinate_polygon,high,,not_required,tzfpy-2026c,polygon lookup differs from existing Asia/Shanghai
159889,Ruoqiang,Xinjiang,CN,39.0959814,89.6970091,Asia/Shanghai,Asia/Urumqi,coordinate_polygon,high,,not_required,tzfpy-2026c,polygon lookup differs from existing Asia/Shanghai
159890,Qiemo,Xinjiang,CN,37.998243,85.812932,Asia/Shanghai,Asia/Urumqi,coordinate_polygon,high,,not_required,tzfpy-2026c,polygon lookup differs from existing Asia/Shanghai
159892,Hejing,Xinjiang,CN,42.3219766,86.3817516,Asia/Shanghai,Asia/Urumqi,coordinate_polygon,high,,not_required,tzfpy-2026c,polygon lookup differs from existing Asia/Shanghai
159893,Hoxud,Xinjiang,CN,42.26659,86.861767,Asia/Shanghai,Asia/Urumqi,coordinate_polygon,high,,not_required,tzfpy-2026c,polygon lookup differs from existing Asia/Shanghai
159894,Bohu,Xinjiang,CN,41.8344666,86.8882655,Asia/Shanghai,Asia/Urumqi,coordinate_polygon,high,,not_required,tzfpy-2026c,polygon lookup differs from existing Asia/Shanghai
159896,Kuqa,Xinjiang,CN,41.8196873,83.4531594,Asia/Shanghai,Asia/Urumqi,coordinate_polygon,high,,not_required,tzfpy-2026c,polygon lookup differs from existing Asia/Shanghai
159897,Wensu,Xinjiang,CN,41.5909412,80.4732683,Asia/Shanghai,Asia/Urumqi,coordinate_polygon,high,,not_required,tzfpy-2026c,polygon lookup differs from existing Asia/Shanghai
159898,Xayar,Xinjiang,CN,40.3992134,83.010053,Asia/Shanghai,Asia/Urumqi,coordinate_polygon,high,,not_required,tzfpy-2026c,polygon lookup differs from existing Asia/Shanghai
159899,Xinhe,Xinjiang,CN,41.3706748,82.0081497,Asia/Shanghai,Asia/Urumqi,coordinate_polygon,high,,not_required,tzfpy-2026c,polygon lookup differs from existing Asia/Shanghai
159900,Baicheng,Xinjiang,CN,41.7939895,81.848927,Asia/Shanghai,Asia/Urumqi,coordinate_polygon,high,,not_required,tzfpy-2026c,polygon lookup differs from existing Asia/Shanghai
159902,Awat,Xinjiang,CN,40.2031074,80.5092961,Asia/Shanghai,Asia/Urumqi,coordinate_polygon,high,,not_required,tzfpy-2026c,polygon lookup differs from existing Asia/Shanghai
159903,Kalpin,Xinjiang,CN,40.4273557,78.9467083,Asia/Shanghai,Asia/Urumqi,coordinate_polygon,high,,not_required,tzfpy-2026c,polygon lookup differs from existing Asia/Shanghai
159904,Kizilsu,Xinjiang,CN,39.7141576,76.1645911,Asia/Shanghai,Asia/Urumqi,coordinate_polygon,high,,not_required,tzfpy-2026c,polygon lookup differs from existing Asia/Shanghai
159905,Artux,Xinjiang,CN,40.0818065,76.8334834,Asia/Shanghai,Asia/Urumqi,coordinate_polygon,high,,not_required,tzfpy-2026c,polygon lookup differs from existing Asia/Shanghai
159906,Akto,Xinjiang,CN,38.6819183,75.1459013,Asia/Shanghai,Asia/Urumqi,coordinate_polygon,high,,not_required,tzfpy-2026c,polygon lookup differs from existing Asia/Shanghai
159907,Akqi,Xinjiang,CN,40.833333,78.016667,Asia/Shanghai,Asia/Urumqi,coordinate_polygon,high,,not_required,tzfpy-2026c,polygon lookup differs from existing Asia/Shanghai
159908,Wuqia,Xinjiang,CN,39.8157795,74.9835652,Asia/Shanghai,Asia/Urumqi,coordinate_polygon,high,,not_required,tzfpy-2026c,polygon lookup differs from existing Asia/Shanghai
159909,Kashi,Xinjiang,CN,39.4665981,75.9900135,Asia/Shanghai,Asia/Urumqi,coordinate_polygon,high,,not_required,tzfpy-2026c,polygon lookup differs from existing Asia/Shanghai
159911,Shufu,Xinjiang,CN,39.4318194,75.667933,Asia/Shanghai,Asia/Urumqi,coordinate_polygon,high,,not_required,tzfpy-2026c,polygon lookup differs from existing Asia/Shanghai
159912,Shule,Xinjiang,CN,39.4665981,75.9900135,Asia/Shanghai,Asia/Urumqi,coordinate_polygon,high,,not_required,tzfpy-2026c,polygon lookup differs from existing Asia/Shanghai
159913,Yengisar,Xinjiang,CN,38.8174624,76.3704599,Asia/Shanghai,Asia/Urumqi,coordinate_polygon,high,,not_required,tzfpy-2026c,polygon lookup differs from existing Asia/Shanghai
159914,Zepu,Xinjiang,CN,38.127428,77.245562,Asia/Shanghai,Asia/Urumqi,coordinate_polygon,high,,not_required,tzfpy-2026c,polygon lookup differs from existing Asia/Shanghai
159915,Shache,Xinjiang,CN,38.3446426,77.033982,Asia/Shanghai,Asia/Urumqi,coordinate_polygon,high,,not_required,tzfpy-2026c,polygon lookup differs from existing Asia/Shanghai
159916,Yecheng,Xinjiang,CN,37.1764805,77.0475105,Asia/Shanghai,Asia/Urumqi,coordinate_polygon,high,,not_required,tzfpy-2026c,polygon lookup differs from existing Asia/Shanghai
159917,Makit,Xinjiang,CN,38.8312397,78.2272673,Asia/Shanghai,Asia/Urumqi,coordinate_polygon,high,,not_required,tzfpy-2026c,polygon lookup differs from existing Asia/Shanghai
159918,Yopurga,Xinjiang,CN,39.1442244,76.9344444,Asia/Shanghai,Asia/Urumqi,coordinate_polygon,high,,not_required,tzfpy-2026c,polygon lookup differs from existing Asia/Shanghai
159919,Jiashi,Xinjiang,CN,39.6003856,77.2571513,Asia/Shanghai,Asia/Urumqi,coordinate_polygon,high,,not_required,tzfpy-2026c,polygon lookup differs from existing Asia/Shanghai
159920,Bachu,Xinjiang,CN,39.766667,78.25,Asia/Shanghai,Asia/Urumqi,coordinate_polygon,high,,not_required,tzfpy-2026c,polygon lookup differs from existing Asia/Shanghai
159921,Taxkorgan,Xinjiang,CN,37.7720982,75.2298859,Asia/Shanghai,Asia/Urumqi,coordinate_polygon,high,,not_required,tzfpy-2026c,polygon lookup differs from existing Asia/Shanghai
159924,Moyu,Xinjiang,CN,37.2714124,79.7377057,Asia/Shanghai,Asia/Urumqi,coordinate_polygon,high,,not_required,tzfpy-2026c,polygon lookup differs from existing Asia/Shanghai
159925,Pishan,Xinjiang,CN,37.2435049,78.5941767,Asia/Shanghai,Asia/Urumqi,coordinate_polygon,high,,not_required,tzfpy-2026c,polygon lookup differs from existing Asia/Shanghai
159926,Lop,Xinjiang,CN,37.4321186,80.4378355,Asia/Shanghai,Asia/Urumqi,coordinate_polygon,high,,not_required,tzfpy-2026c,polygon lookup differs from existing Asia/Shanghai
159927,Qira,Xinjiang,CN,37.247554,80.9113362,Asia/Shanghai,Asia/Urumqi,coordinate_polygon,high,,not_required,tzfpy-2026c,polygon lookup differs from existing Asia/Shanghai
159928,Yutian,Xinjiang,CN,37.0882497,81.8122035,Asia/Shanghai,Asia/Urumqi,coordinate_polygon,high,,not_required,tzfpy-2026c,polygon lookup differs from existing Asia/Shanghai
159929,Minfeng,Xinjiang,CN,37.254283,83.217591,Asia/Shanghai,Asia/Urumqi,coordinate_polygon,high,,not_required,tzfpy-2026c,polygon lookup differs from existing Asia/Shanghai
159930,He'an,Xinjiang,CN,35.9834211,79.1881801,Asia/Shanghai,Asia/Urumqi,coordinate_polygon,high,,not_required,tzfpy-2026c,polygon lookup differs from existing Asia/Shanghai
159931,Hekang,Xinjiang,CN,36.3517941,78.0277912,Asia/Shanghai,Asia/Urumqi,coordinate_polygon,high,,not_required,tzfpy-2026c,polygon lookup differs from existing Asia/Shanghai
159932,Ili,Xinjiang,CN,43.913814,81.3271885,Asia/Shanghai,Asia/Urumqi,coordinate_polygon,high,,not_required,tzfpy-2026c,polygon lookup differs from existing Asia/Shanghai
159933,Yining,Xinjiang,CN,43.9052027,81.2747797,Asia/Shanghai,Asia/Urumqi,coordinate_polygon,high,,not_required,tzfpy-2026c,polygon lookup differs from existing Asia/Shanghai
159934,Kuytun,Xinjiang,CN,44.551335,85.01358,Asia/Shanghai,Asia/Urumqi,coordinate_polygon,high,,not_required,tzfpy-2026c,polygon lookup differs from existing Asia/Shanghai
159935,Korgas,Xinjiang,CN,44.3037058,80.9801647,Asia/Shanghai,Asia/Urumqi,coordinate_polygon,high,,not_required,tzfpy-2026c,polygon lookup differs from existing Asia/Shanghai
159937,Qapqal,Xinjiang,CN,43.6205113,81.1974919,Asia/Shanghai,Asia/Urumqi,coordinate_polygon,high,,not_required,tzfpy-2026c,polygon lookup differs from existing Asia/Shanghai
159938,Huocheng,Xinjiang,CN,44.3037058,80.9801647,Asia/Shanghai,Asia/Urumqi,coordinate_polygon,high,,not_required,tzfpy-2026c,polygon lookup differs from existing Asia/Shanghai
159939,Gongliu,Xinjiang,CN,43.4801666,82.2289633,Asia/Shanghai,Asia/Urumqi,coordinate_polygon,high,,not_required,tzfpy-2026c,polygon lookup differs from existing Asia/Shanghai
159940,Xinyuan,Xinjiang,CN,43.3506314,83.6324476,Asia/Shanghai,Asia/Urumqi,coordinate_polygon,high,,not_required,tzfpy-2026c,polygon lookup differs from existing Asia/Shanghai
159941,Zhaosu,Xinjiang,CN,42.775629,81.002154,Asia/Shanghai,Asia/Urumqi,coordinate_polygon,high,,not_required,tzfpy-2026c,polygon lookup differs from existing Asia/Shanghai
159942,Tekes,Xinjiang,CN,42.890384,82.102568,Asia/Shanghai,Asia/Urumqi,coordinate_polygon,high,,not_required,tzfpy-2026c,polygon lookup differs from existing Asia/Shanghai
159943,Nilka,Xinjiang,CN,43.8336466,83.3566091,Asia/Shanghai,Asia/Urumqi,coordinate_polygon,high,,not_required,tzfpy-2026c,polygon lookup differs from existing Asia/Shanghai
159946,Usu,Xinjiang,CN,44.4733877,84.2593635,Asia/Shanghai,Asia/Urumqi,coordinate_polygon,high,,not_required,tzfpy-2026c,polygon lookup differs from existing Asia/Shanghai
159947,Shawan,Xinjiang,CN,44.419301,85.53523,Asia/Shanghai,Asia/Urumqi,coordinate_polygon,high,,not_required,tzfpy-2026c,polygon lookup differs from existing Asia/Shanghai
159948,Emin,Xinjiang,CN,46.634351,84.078369,Asia/Shanghai,Asia/Urumqi,coordinate_polygon,high,,not_required,tzfpy-2026c,polygon lookup differs from existing Asia/Shanghai
159949,Toli,Xinjiang,CN,45.6921312,83.8881577,Asia/Shanghai,Asia/Urumqi,coordinate_polygon,high,,not_required,tzfpy-2026c,polygon lookup differs from existing Asia/Shanghai
159950,Yumin,Xinjiang,CN,45.937769,82.7308754,Asia/Shanghai,Asia/Urumqi,coordinate_polygon,high,,not_required,tzfpy-2026c,polygon lookup differs from existing Asia/Shanghai
159951,Hoboksar,Xinjiang,CN,46.1869945,86.4954309,Asia/Shanghai,Asia/Urumqi,coordinate_polygon,high,,not_required,tzfpy-2026c,polygon lookup differs from existing Asia/Shanghai
159953,Burqin,Xinjiang,CN,48.367198,87.236938,Asia/Shanghai,Asia/Urumqi,coordinate_polygon,high,,not_required,tzfpy-2026c,polygon lookup differs from existing Asia/Shanghai
159954,Fuyun,Xinjiang,CN,46.7504829,89.2188372,Asia/Shanghai,Asia/Urumqi,coordinate_polygon,high,,not_required,tzfpy-2026c,polygon lookup differs from existing Asia/Shanghai
159955,Fuhai,Xinjiang,CN,46.32967,87.89675,Asia/Shanghai,Asia/Urumqi,coordinate_polygon,high,,not_required,tzfpy-2026c,polygon lookup differs from existing Asia/Shanghai
159956,Habahe,Xinjiang,CN,48.330691,86.495361,Asia/Shanghai,Asia/Urumqi,coordinate_polygon,high,,not_required,tzfpy-2026c,polygon lookup differs from existing Asia/Shanghai
159957,Qinghe,Xinjiang,CN,46.1684358,90.4354502,Asia/Shanghai,Asia/Urumqi,coordinate_polygon,high,,not_required,tzfpy-2026c,polygon lookup differs from existing Asia/Shanghai
159958,Jeminay,Xinjiang,CN,47.3862282,86.2593295,Asia/Shanghai,Asia/Urumqi,coordinate_polygon,high,,not_required,tzfpy-2026c,polygon lookup differs from existing Asia/Shanghai
159959,Direct,Xinjiang,CN,43.8808697,87.5865391,Asia/Shanghai,Asia/Urumqi,coordinate_polygon,high,,not_required,tzfpy-2026c,polygon lookup differs from existing Asia/Shanghai
159960,Shihezi,Xinjiang,CN,44.3017013,86.0775574,Asia/Shanghai,Asia/Urumqi,coordinate_polygon,high,,not_required,tzfpy-2026c,polygon lookup differs from existing Asia/Shanghai
159961,Aral,Xinjiang,CN,40.5421865,81.2770789,Asia/Shanghai,Asia/Urumqi,coordinate_polygon,high,,not_required,tzfpy-2026c,polygon lookup differs from existing Asia/Shanghai
159962,Tumxuk,Xinjiang,CN,39.8664885,79.0724013,Asia/Shanghai,Asia/Urumqi,coordinate_polygon,high,,not_required,tzfpy-2026c,polygon lookup differs from existing Asia/Shanghai
159963,Wujiaqu,Xinjiang,CN,44.1654232,87.5402182,Asia/Shanghai,Asia/Urumqi,coordinate_polygon,high,,not_required,tzfpy-2026c,polygon lookup differs from existing Asia/Shanghai
159964,Beitun,Xinjiang,CN,47.3249377,87.8306682,Asia/Shanghai,Asia/Urumqi,coordinate_polygon,high,,not_required,tzfpy-2026c,polygon lookup differs from existing Asia/Shanghai
159965,Tiemenguan,Xinjiang,CN,41.8628528,85.6682293,Asia/Shanghai,Asia/Urumqi,coordinate_polygon,high,,not_required,tzfpy-2026c,polygon lookup differs from existing Asia/Shanghai
159966,Shuanghe,Xinjiang,CN,44.842326,82.361049,Asia/Shanghai,Asia/Urumqi,coordinate_polygon,high,,not_required,tzfpy-2026c,polygon lookup differs from existing Asia/Shanghai
159967,Kokdala,Xinjiang,CN,43.9313812,80.9989088,Asia/Shanghai,Asia/Urumqi,coordinate_polygon,high,,not_required,tzfpy-2026c,polygon lookup differs from existing Asia/Shanghai
159968,Kunyu,Xinjiang,CN,37.2141513,79.267547,Asia/Shanghai,Asia/Urumqi,coordinate_polygon,high,,not_required,tzfpy-2026c,polygon lookup differs from existing Asia/Shanghai
159969,Huyanghe,Xinjiang,CN,44.7662531,84.7218796,Asia/Shanghai,Asia/Urumqi,coordinate_polygon,high,,not_required,tzfpy-2026c,polygon lookup differs from existing Asia/Shanghai
159970,Xinxing,Xinjiang,CN,42.7962707,93.7410858,Asia/Shanghai,Asia/Urumqi,coordinate_polygon,high,,not_required,tzfpy-2026c,polygon lookup differs from existing Asia/Shanghai
159971,Baiyang,Xinjiang,CN,46.7266427,82.8947023,Asia/Shanghai,Asia/Urumqi,coordinate_polygon,high,,not_required,tzfpy-2026c,polygon lookup differs from existing Asia/Shanghai
159972,Bayin'gholin,Xinjiang,CN,39.495586,87.9790569,Asia/Shanghai,Asia/Urumqi,coordinate_polygon,high,,not_required,tzfpy-2026c,polygon lookup differs from existing Asia/Shanghai
159978,Yuen Long,Hong Kong SAR,CN,22.4487051,114.0958704,Asia/Shanghai,Asia/Hong_Kong,coordinate_polygon,high,,not_required,tzfpy-2026c,polygon lookup differs from existing Asia/Shanghai
159979,Tsuen Wan,Hong Kong SAR,CN,22.36281,114.12907,Asia/Shanghai,Asia/Hong_Kong,coordinate_polygon,high,,not_required,tzfpy-2026c,polygon lookup differs from existing Asia/Shanghai
159980,Tai Po,Hong Kong SAR,CN,22.45085,114.16422,Asia/Shanghai,Asia/Hong_Kong,coordinate_polygon,high,,not_required,tzfpy-2026c,polygon lookup differs from existing Asia/Shanghai
159982,Islands,Hong Kong SAR,CN,22.26114,113.94608,Asia/Shanghai,Asia/Hong_Kong,coordinate_polygon,high,,not_required,tzfpy-2026c,polygon lookup differs from existing Asia/Shanghai
159983,Central and Western,Hong Kong SAR,CN,22.28666,114.15497,Asia/Shanghai,Asia/Hong_Kong,coordinate_polygon,high,,not_required,tzfpy-2026c,polygon lookup differs from existing Asia/Shanghai
159984,Wan Chai,Hong Kong SAR,CN,22.264499,114.1898216,Asia/Shanghai,Asia/Hong_Kong,coordinate_polygon,high,,not_required,tzfpy-2026c,polygon lookup differs from existing Asia/Shanghai
159985,Eastern,Hong Kong SAR,CN,22.28411,114.22414,Asia/Shanghai,Asia/Hong_Kong,coordinate_polygon,high,,not_required,tzfpy-2026c,polygon lookup differs from existing Asia/Shanghai
159986,Southern,Hong Kong SAR,CN,22.24725,114.15884,Asia/Shanghai,Asia/Hong_Kong,coordinate_polygon,high,,not_required,tzfpy-2026c,polygon lookup differs from existing Asia/Shanghai
159987,Yau Tsim Mong,Hong Kong SAR,CN,22.32138,114.1726,Asia/Shanghai,Asia/Hong_Kong,coordinate_polygon,high,,not_required,tzfpy-2026c,polygon lookup differs from existing Asia/Shanghai
159988,Sham Shui Po,Hong Kong SAR,CN,22.2357383,114.1698162,Asia/Shanghai,Asia/Hong_Kong,coordinate_polygon,high,,not_required,tzfpy-2026c,polygon lookup differs from existing Asia/Shanghai
159989,Kowloon City,Hong Kong SAR,CN,22.3282,114.19155,Asia/Shanghai,Asia/Hong_Kong,coordinate_polygon,high,,not_required,tzfpy-2026c,polygon lookup differs from existing Asia/Shanghai
159990,Wong Tai Sin,Hong Kong SAR,CN,22.33353,114.19686,Asia/Shanghai,Asia/Hong_Kong,coordinate_polygon,high,,not_required,tzfpy-2026c,polygon lookup differs from existing Asia/Shanghai
159991,Kwun Tong,Hong Kong SAR,CN,22.31326,114.22581,Asia/Shanghai,Asia/Hong_Kong,coordinate_polygon,high,,not_required,tzfpy-2026c,polygon lookup differs from existing Asia/Shanghai
159992,Kwai Tsing,Hong Kong SAR,CN,22.3634303,114.1229825,Asia/Shanghai,Asia/Hong_Kong,coordinate_polygon,high,,not_required,tzfpy-2026c,polygon lookup differs from existing Asia/Shanghai
159993,Tuen Mun,Hong Kong SAR,CN,22.39163,113.9770885,Asia/Shanghai,Asia/Hong_Kong,coordinate_polygon,high,,not_required,tzfpy-2026c,polygon lookup differs from existing Asia/Shanghai
159994,North,Hong Kong SAR,CN,22.49471,114.13812,Asia/Shanghai,Asia/Hong_Kong,coordinate_polygon,high,,not_required,tzfpy-2026c,polygon lookup differs from existing Asia/Shanghai
159995,Sha Tin,Hong Kong SAR,CN,22.38715,114.19534,Asia/Shanghai,Asia/Hong_Kong,coordinate_polygon,high,,not_required,tzfpy-2026c,polygon lookup differs from existing Asia/Shanghai
159996,Yilan,Taiwan,CN,24.7302791,121.7631149,Asia/Shanghai,Asia/Taipei,coordinate_polygon,high,,not_required,tzfpy-2026c,polygon lookup differs from existing Asia/Shanghai
159997,Penghu,Taiwan,CN,23.569694,119.5664543,Asia/Shanghai,Asia/Taipei,coordinate_polygon,high,,not_required,tzfpy-2026c,polygon lookup differs from existing Asia/Shanghai
159998,Changhua,Taiwan,CN,24.0755667,120.5444667,Asia/Shanghai,Asia/Taipei,coordinate_polygon,high,,not_required,tzfpy-2026c,polygon lookup differs from existing Asia/Shanghai
159999,Pingtung,Taiwan,CN,22.6628468,120.4915677,Asia/Shanghai,Asia/Taipei,coordinate_polygon,high,,not_required,tzfpy-2026c,polygon lookup differs from existing Asia/Shanghai
160000,Taichung,Taiwan,CN,24.163162,120.6478282,Asia/Shanghai,Asia/Taipei,coordinate_polygon,high,,not_required,tzfpy-2026c,polygon lookup differs from existing Asia/Shanghai
160001,Nantou,Taiwan,CN,23.90235,120.6909167,Asia/Shanghai,Asia/Taipei,coordinate_polygon,high,,not_required,tzfpy-2026c,polygon lookup differs from existing Asia/Shanghai
160002,Chiayi,Taiwan,CN,23.4591664,120.2930004,Asia/Shanghai,Asia/Taipei,coordinate_polygon,high,,not_required,tzfpy-2026c,polygon lookup differs from existing Asia/Shanghai
160003,Taitung,Taiwan,CN,22.7560447,121.1456538,Asia/Shanghai,Asia/Taipei,coordinate_polygon,high,,not_required,tzfpy-2026c,polygon lookup differs from existing Asia/Shanghai
160004,Hualien,Taiwan,CN,23.9871589,121.6015714,Asia/Shanghai,Asia/Taipei,coordinate_polygon,high,,not_required,tzfpy-2026c,polygon lookup differs from existing Asia/Shanghai
160005,Kaohsiung,Taiwan,CN,22.6203348,120.3120375,Asia/Shanghai,Asia/Taipei,coordinate_polygon,high,,not_required,tzfpy-2026c,polygon lookup differs from existing Asia/Shanghai
160006,Miaoli,Taiwan,CN,24.560159,120.8214265,Asia/Shanghai,Asia/Taipei,coordinate_polygon,high,,not_required,tzfpy-2026c,polygon lookup differs from existing Asia/Shanghai
160007,Kinmen,Taiwan,CN,24.4367638,118.3186435,Asia/Shanghai,Asia/Taipei,coordinate_polygon,high,,not_required,tzfpy-2026c,polygon lookup differs from existing Asia/Shanghai
160008,Yunlin,Taiwan,CN,23.6990775,120.5245511,Asia/Shanghai,Asia/Taipei,coordinate_polygon,high,,not_required,tzfpy-2026c,polygon lookup differs from existing Asia/Shanghai
160009,Hsinchu,Taiwan,CN,24.8138287,120.9674798,Asia/Shanghai,Asia/Taipei,coordinate_polygon,high,,not_required,tzfpy-2026c,polygon lookup differs from existing Asia/Shanghai
160010,Taoyuan,Taiwan,CN,24.9936281,121.3009798,Asia/Shanghai,Asia/Taipei,coordinate_polygon,high,,not_required,tzfpy-2026c,polygon lookup differs from existing Asia/Shanghai
160011,Lienchiang,Taiwan,CN,26.1577951,119.9519756,Asia/Shanghai,Asia/Taipei,coordinate_polygon,high,,not_required,tzfpy-2026c,polygon lookup differs from existing Asia/Shanghai
160012,Tainan,Taiwan,CN,22.9912348,120.184982,Asia/Shanghai,Asia/Taipei,coordinate_polygon,high,,not_required,tzfpy-2026c,polygon lookup differs from existing Asia/Shanghai
160013,Taipei,Taiwan,CN,25.0329694,121.5654177,Asia/Shanghai,Asia/Taipei,coordinate_polygon,high,,not_required,tzfpy-2026c,polygon lookup differs from existing Asia/Shanghai
160014,Keelung,Taiwan,CN,25.1317232,121.744652,Asia/Shanghai,Asia/Taipei,coordinate_polygon,high,,not_required,tzfpy-2026c,polygon lookup differs from existing Asia/Shanghai
160015,New Taipei,Taiwan,CN,25.011997,121.4656619,Asia/Shanghai,Asia/Taipei,coordinate_polygon,high,,not_required,tzfpy-2026c,polygon lookup differs from existing Asia/Shanghai
160057,Moulins,Moulins,MC,43.7389,7.4185,Europe/Monaco,Europe/Paris,coordinate_polygon,high,,not_required,tzfpy-2026c,polygon lookup differs from existing Europe/Monaco
160062,Vallon de la Rousse,Vallon de la Rousse,MC,43.7401,7.4175,Europe/Monaco,Europe/Paris,coordinate_polygon,high,,not_required,tzfpy-2026c,polygon lookup differs from existing Europe/Monaco
160070,Ailinglaplap,Ailinglaplap,MH,7.5,168.73333333,Pacific/Kwajalein,Pacific/Majuro,coordinate_polygon,high,,not_required,tzfpy-2026c,polygon lookup differs from existing Pacific/Kwajalein
160071,Ailuk,Ailuk,MH,10.31666667,169.93333333,Pacific/Kwajalein,Pacific/Majuro,coordinate_polygon,high,,not_required,tzfpy-2026c,polygon lookup differs from existing Pacific/Kwajalein
160072,Arno,Arno,MH,7.08333333,171.7,Pacific/Kwajalein,Pacific/Majuro,coordinate_polygon,high,,not_required,tzfpy-2026c,polygon lookup differs from existing Pacific/Kwajalein
160073,Aur,Aur,MH,8.2,171.1,Pacific/Kwajalein,Pacific/Majuro,coordinate_polygon,high,,not_required,tzfpy-2026c,polygon lookup differs from existing Pacific/Kwajalein
160074,Bikini,Bikini & Kili,MH,11.6,165.4,Pacific/Kwajalein,Pacific/Majuro,coordinate_polygon,high,,not_required,tzfpy-2026c,polygon lookup differs from existing Pacific/Kwajalein
160076,Ebeye,Kwajalein,MH,41.0811,-111.92,Pacific/Kwajalein,America/Denver,coordinate_polygon,high,,not_required,tzfpy-2026c,polygon lookup differs from existing Pacific/Kwajalein
160077,Ebon,Ebon,MH,4.63333333,168.71666667,Pacific/Kwajalein,Pacific/Majuro,coordinate_polygon,high,,not_required,tzfpy-2026c,polygon lookup differs from existing Pacific/Kwajalein
160078,Enewetak,Enewetak & Ujelang,MH,11.5,162.33333333,Pacific/Kwajalein,Pacific/Majuro,coordinate_polygon,high,,not_required,tzfpy-2026c,polygon lookup differs from existing Pacific/Kwajalein
160079,Jabat,Jabat,MH,7.75,168.96666667,Pacific/Kwajalein,Pacific/Majuro,coordinate_polygon,high,,not_required,tzfpy-2026c,polygon lookup differs from existing Pacific/Kwajalein
160080,Jabor,Jaluit,MH,6,169.56666667,Pacific/Kwajalein,Pacific/Majuro,coordinate_polygon,high,,not_required,tzfpy-2026c,polygon lookup differs from existing Pacific/Kwajalein
160082,Lae,Lae,MH,8.93611111,166.2375,Pacific/Kwajalein,Pacific/Majuro,coordinate_polygon,high,,not_required,tzfpy-2026c,polygon lookup differs from existing Pacific/Kwajalein
160084,Likiep,Likiep,MH,9.88498,169.14345,Pacific/Kwajalein,Pacific/Majuro,coordinate_polygon,high,,not_required,tzfpy-2026c,polygon lookup differs from existing Pacific/Kwajalein
160085,Mejit,Mejit,MH,10.28333333,170.88333333,Pacific/Kwajalein,Pacific/Majuro,coordinate_polygon,high,,not_required,tzfpy-2026c,polygon lookup differs from existing Pacific/Kwajalein
160086,Mili,Mili,MH,6.12621667,171.97998056,Pacific/Kwajalein,Pacific/Majuro,coordinate_polygon,high,,not_required,tzfpy-2026c,polygon lookup differs from existing Pacific/Kwajalein
160088,Namu,Namu,MH,7.98333333,168.17361111,Pacific/Kwajalein,Pacific/Majuro,coordinate_polygon,high,,not_required,tzfpy-2026c,polygon lookup differs from existing Pacific/Kwajalein
160089,Rongelap,Rongelap,MH,11.31666667,166.78333333,Pacific/Kwajalein,Pacific/Majuro,coordinate_polygon,high,,not_required,tzfpy-2026c,polygon lookup differs from existing Pacific/Kwajalein
160090,Taroa,Maloelap,MH,48,33.41666667,Pacific/Kwajalein,Europe/Kyiv,coordinate_polygon,high,,not_required,tzfpy-2026c,polygon lookup differs from existing Pacific/Kwajalein
160091,Ujae,Ujae,MH,9.05,165.65,Pacific/Kwajalein,Pacific/Majuro,coordinate_polygon,high,,not_required,tzfpy-2026c,polygon lookup differs from existing Pacific/Kwajalein
160092,Ujelang,Enewetak & Ujelang,MH,9.82222222,160.9,Pacific/Kwajalein,Pacific/Majuro,coordinate_polygon,high,,not_required,tzfpy-2026c,polygon lookup differs from existing Pacific/Kwajalein
160093,Utrik,Utrik,MH,11.26730556,169.78426111,Pacific/Kwajalein,Pacific/Majuro,coordinate_polygon,high,,not_required,tzfpy-2026c,polygon lookup differs from existing Pacific/Kwajalein
160094,Wotho,Wotho,MH,10.1,165.96666667,Pacific/Kwajalein,Pacific/Majuro,coordinate_polygon,high,,not_required,tzfpy-2026c,polygon lookup differs from existing Pacific/Kwajalein
160095,Wotje,Wotje,MH,9.43333333,170.01666667,Pacific/Kwajalein,Pacific/Majuro,coordinate_polygon,high,,not_required,tzfpy-2026c,polygon lookup differs from existing Pacific/Kwajalein
160126,Oe Silo,Oecusse,TL,-9.3,124.5,Asia/Dili,Asia/Makassar,coordinate_polygon,high,,not_required,tzfpy-2026c,polygon lookup differs from existing Asia/Dili
162138,Tromelin,Scattered Islands,TF,-15.89222222,54.52083333,Indian/Reunion,Etc/GMT-4,coordinate_polygon,high,,not_required,tzfpy-2026c,polygon lookup differs from existing Indian/Reunion
